RPM,Torque [ft-lb],Power [hp]
5621.586263287,22.832067847743573,25.1901140684411
5622.4649120676595,22.84039235856389,25.194841407428765
5623.343560848318,22.848678683944392,25.199569198199807
5624.222209628977,22.856922668410775,25.20429789253762
5625.100858409636,22.865120156488686,25.209027942225582
5625.979507190295,22.873266992703805,25.213759799047068
5626.858155970954,22.881359021581787,25.218493914785462
5627.736804751613,22.889392087648314,25.223230741224157
5628.615453532272,22.897362035429055,25.227970730146524
5629.49410231293,22.90526470944966,25.232714333335945
5630.37275109359,22.913095954235825,25.237462002575818
5631.251399874249,22.9208516143132,25.242214189649506
5632.130048654907,22.928527534207454,25.246971346340395
5633.008697435566,22.936119558444265,25.251733924431875
5633.8873462162255,22.943623531549296,25.256502375707328
5634.765994996885,22.951035298048218,25.26127715195013
5635.644643777543,22.958350702466685,25.26605870494366
5636.523292558202,22.965565589330392,25.270847486471315
5637.401941338861,22.97267580316499,25.275643948316468
5638.28059011952,22.979677188496147,25.280448542262494
5639.159238900179,22.986565589849537,25.285261720092787
5640.037887680838,22.993336851750833,25.29008393359073
5640.916536461496,22.999986818725688,25.29491563453969
5641.795185242156,23.00651133529979,25.299757274723067
5642.673834022815,23.012906245998792,25.304609305924235
5643.552482803474,23.01916747302976,25.30947217992658
5644.431131584132,23.025293451353694,25.314346348513475
5645.309780364792,23.031285613720108,25.31923226346831
5646.188429145451,23.03714556851506,25.32413037657447
5647.067077926109,23.042874924124604,25.329041139615327
5647.945726706768,23.048475288934814,25.33396500437428
5648.8243754874275,23.053948271331752,25.338902422634696
5649.703024268087,23.059295479701476,25.343853846179965
5650.581673048745,23.06451852243004,25.348819726793458
5651.460321829404,23.06961900790352,25.35380051625857
5652.338970610063,23.07459854450797,25.35879666635868
5653.217619390722,23.079458740629455,25.36380862887716
5654.096268171381,23.084201204654036,25.36883685559741
5654.97491695204,23.088827544967778,25.373881798302804
5655.853565732698,23.093339369956734,25.37894390877672
5656.732214513358,23.097738288006976,25.384023638802546
5657.610863294017,23.102025907504572,25.389121440163667
5658.489512074676,23.10620383683557,25.394237764643457
5659.368160855334,23.11027368438603,25.399373064025298
5660.2468096359935,23.114237058542027,25.404527790092583
5661.125458416653,23.11809556768962,25.409702394628685
5662.004107197311,23.12185082021486,25.41489732941698
5662.88275597797,23.125504424503823,25.420113046240868
5663.761404758629,23.129057988942566,25.425349996883725
5664.640053539289,23.13251312191715,25.430608633128926
5665.518702319947,23.135871431813637,25.435889406759856
5666.397351100606,23.13913452701809,25.441192769559898
5667.275999881265,23.142304015916572,25.446519173312442
5668.154648661924,23.14538150689514,25.451869069800857
5669.033297442583,23.14836860833987,25.45724291080853
5669.911946223242,23.15126692863681,25.462641148118855
5670.7905950039,23.15407807617202,25.468064233515197
5671.6692437845595,23.15680365933158,25.473512618780944
5672.547892565219,23.159445286501533,25.47898668077914
5673.426541345878,23.162004566067957,25.48448595329476
5674.305190126536,23.164483106416892,25.490009439139712
5675.183838907195,23.166882515934425,25.49555613284032
5676.062487687855,23.169204403006603,25.5011250289229
5676.941136468513,23.171450376019497,25.50671512191375
5677.819785249172,23.17362204335916,25.51232540633921
5678.698434029831,23.17572101341166,25.517954876725586
5679.57708281049,23.177748894563056,25.52360252759919
5680.455731591149,23.179707295199417,25.52926735348635
5681.334380371808,23.181597823706795,25.534948348913375
5682.213029152467,23.183422088471257,25.540644508406583
5683.0916779331255,23.185181697878868,25.546354826492284
5683.970326713785,23.186878260315687,25.552078297696802
5684.848975494444,23.188513384167774,25.557813916546454
5685.727624275102,23.190088677821194,25.56356067756755
5686.606273055761,23.19160574966201,25.569317575286412
5687.484921836421,23.19306620807628,25.575083604229352
5688.36357061708,23.194471661450073,25.580857758922697
5689.242219397738,23.195823718169446,25.586639033892745
5690.120868178397,23.19712398662046,25.59242642366583
5690.999516959057,23.19837407518918,25.59821892276826
5691.878165739715,23.199575592261667,25.604015525726346
5692.756814520374,23.200730146223982,25.60981522706642
5693.635463301033,23.201839345462194,25.615617021314787
5694.514112081692,23.20290479836235,25.621419902997758
5695.392760862351,23.20392811331053,25.627222866641663
5696.27140964301,23.204910898692788,25.633024906772814
5697.150058423669,23.205854762895182,25.638825017917522
5698.0287072043275,23.206761314303776,25.644622194602107
5698.907355984987,23.207632161304637,25.65041543135289
5699.786004765646,23.20846891228383,25.65620372269618
5700.664653546304,23.209273175627406,25.66198606315829
5701.543302326963,23.21004655972143,25.667761447265555
5702.421951107623,23.21079067295197,25.673528869544274
5703.300599888282,23.211507123705083,25.679287324520768
5704.17924866894,23.212197520366836,25.68503580672135
5705.057897449599,23.212863471323285,25.69077331067234
5705.9365462302585,23.21350658496049,25.69649883090006
5706.815195010917,23.214128469664526,25.702211361930814
5707.693843791576,23.214730733821447,25.707909898290932
5708.572492572235,23.215314985817315,25.713593434506723
5709.4511413528935,23.21588283403819,25.7192609651045
5710.329790133553,23.216435886870133,25.724911484610587
5711.208438914212,23.216975752699216,25.730543987551297
5712.087087694871,23.217504039911496,25.736157468452944
5712.965736475529,23.21802235689303,25.741750921841845
5713.844385256189,23.218532312029886,25.74732334224432
5714.723034036848,23.21903551370812,25.752873724186685
5715.601682817506,23.219533544211036,25.75840106219525
5716.480331598165,23.2200274859768,25.76390435079634
5717.3589803788245,23.220517971784275,25.76938258451627
5718.237629159483,23.221005618381973,25.774834757881347
5719.116277940142,23.221491042518405,25.7802598654179
5719.994926720801,23.221974860942073,25.785656901652242
5720.87357550146,23.22245769040149,25.791024861110678
5721.752224282119,23.222940147645165,25.79636273831954
5722.630873062778,23.223422849421596,25.801669527805135
5723.509521843437,23.2239064124793,25.806944224093783
5724.388170624095,23.224391453566785,25.812185821711797
5725.266819404755,23.22487858943256,25.817393315185498
5726.145468185414,23.225368436825125,25.822565699041203
5727.024116966073,23.225861612492995,25.827701967805226
5727.902765746731,23.226358733184675,25.832801116003875
5728.781414527391,23.226860415648677,25.837862138163484
5729.66006330805,23.227367276633505,25.842884028810353
5730.538712088708,23.227879932887667,25.847865782470805
5731.417360869367,23.228399001159673,25.85280639367116
5732.2960096500265,23.228925098198033,25.857704856937733
5733.174658430685,23.22945884075125,25.86256016679683
5734.053307211344,23.23000084556783,25.867371317774783
5734.931955992003,23.230551729396293,25.8721373043979
5735.810604772662,23.231112108985137,25.876857121192504
5736.689253553321,23.231682601082873,25.881529762684895
5737.56790233398,23.232263822438004,25.886154223401405
5738.446551114639,23.23285638979905,25.890729497868346
5739.325199895297,23.233460919914506,25.895254580612033
5740.203848675957,23.23407802953289,25.89972846615878
5741.082497456616,23.234708335402704,25.904150149034912
5741.961146237274,23.235352454272455,25.90851862376674
5742.839795017933,23.236011002890656,25.91283288488058
5743.7184437985925,23.236684598005812,25.917091926902746
5744.597092579252,23.237373856366432,25.921294744359564
5745.47574135991,23.238079394721023,25.925440331777338
5746.354390140569,23.238801829818097,25.92952768368239
5747.233038921228,23.239541778406156,25.933555794601038
5748.111687701887,23.24029985723371,25.937523659059597
5748.990336482546,23.241076683049272,25.94143027158438
5749.868985263205,23.24187287260134,25.94527462670171
5750.747634043864,23.242689042638432,25.949055718937903
5751.626282824523,23.24352580990905,25.95277265351269
5752.504931605182,23.244383791161706,25.956426227930777
5753.383580385841,23.245263603144906,25.960018561073618
5754.262229166499,23.246165862607157,25.963551806908146
5755.1408779471585,23.247091186296966,25.967028119401306
5756.019526727818,23.248040190962847,25.97044965252004
5756.898175508476,23.249013493353303,25.973818560231276
5757.776824289135,23.250011710216846,25.977136996501976
5758.655473069794,23.251035458301978,25.98040711529906
5759.534121850454,23.25208535435721,25.983631070589478
5760.412770631112,23.25316201513105,25.98681101634017
5761.291419411771,23.254266057372003,25.989949106518072
5762.17006819243,23.255398097828586,25.993047495090128
5763.048716973089,23.256558753249298,25.99610833602328
5763.927365753748,23.257748640382655,25.999133783284464
5764.806014534407,23.258968375977158,26.002125990840625
5765.684663315065,23.260218576781313,26.005087112658696
5766.5633120957245,23.261499859543637,26.008019302705623
5767.441960876384,23.262812841012632,26.01092471494835
5768.320609657043,23.26415813793681,26.01380550335381
5769.199258437701,23.265536367064673,26.016663821888944
5770.07790721836,23.266948145144735,26.019501824520695
5770.95655599902,23.2683940889255,26.022321665216005
5771.835204779678,23.26987481515548,26.025125497941804
5772.713853560337,23.271390940583178,26.02791547666505
5773.592502340996,23.272943081957106,26.03069375535267
5774.471151121656,23.27453185602577,26.033462487971608
5775.349799902314,23.276157879537678,26.036223828488804
5776.228448682973,23.277821769241342,26.0389799308712
5777.107097463632,23.279524141885265,26.04173294908573
5777.985746244291,23.281265614217954,26.044485037099342
5778.86439502495,23.283046802987926,26.047238348878977
5779.743043805609,23.28486832494368,26.049995038391568
5780.621692586267,23.286730796833723,26.05275725960406
5781.5003413669265,23.288634835406572,26.055527166483394
5782.378990147586,23.290581057410726,26.058306912996507
5783.257638928245,23.2925700795947,26.061098653110342
5784.136287708903,23.294602518706995,26.063904540791835
5785.014936489562,23.29667899149613,26.066726730007932
5785.893585270222,23.298800114710602,26.069567374725576
5786.77223405088,23.30096650509892,26.072428628911698
5787.650882831539,23.3031787794096,26.07531264653324
5788.529531612198,23.305437554391144,26.078221581557155
5789.408180392857,23.30774344679206,26.08115758795036
5790.286829173516,23.310097073360854,26.08412281967982
5791.165477954175,23.312499050846043,26.08711943071246
5792.044126734834,23.31494999599613,26.09014957501523
5792.9227755154925,23.317450525559618,26.093215406555053
5793.801424296152,23.32000125628502,26.096319079298887
5794.680073076811,23.322602804920848,26.099462747213668
5795.558721857469,23.325255788215603,26.10264856426633
5796.437370638128,23.32796082291779,26.10587868442382
5797.316019418788,23.330718525775932,26.109155261653083
5798.194668199447,23.33352951353852,26.11248044992105
5799.073316980105,23.33639440295407,26.11585640319466
5799.951965760764,23.339313810771092,26.11928527544086
5800.8306145414235,23.342288353738088,26.122769220626584
5801.709263322082,23.345318648603573,26.12631039271878
5802.587912102741,23.34840531211605,26.129910945684383
5803.4665608834,23.35154896102403,26.133573033490336
5804.3452096640585,23.354750212076016,26.137298810103577
5805.223858444718,23.358009682020523,26.141090429491047
5806.102507225377,23.361327987606057,26.144950045619687
5806.981156006036,23.364705745581123,26.14887981245644
5807.859804786694,23.36814357269423,26.152881883968238
5808.738453567354,23.371642085544273,26.156958414122027
5809.617102348013,23.37520154668652,26.161111556884755
5810.495751128671,23.378821106568545,26.165343466223348
5811.37439990933,23.382499697843365,26.16965629610475
5812.25304868999,23.386236253163975,26.17405220049591
5813.131697470649,23.390029705183384,26.17853333336376
5814.010346251307,23.393878986554597,26.18310184867524
5814.888995031966,23.39778302993063,26.187759900397296
5815.7676438126255,23.401740767964473,26.19250964249687
5816.646292593284,23.405751133309145,26.197353228940887
5817.524941373943,23.40981305861765,26.202292813696307
5818.403590154602,23.413925476542996,26.20733055073006
5819.2822389352605,23.418087319738184,26.21246859400908
5820.16088771592,23.422297520856223,26.21770909750032
5821.039536496579,23.426555012550125,26.223054215170716
5821.918185277238,23.430858727472888,26.22850610098721
5822.796834057896,23.43520759827752,26.234066908916738
5823.675482838556,23.43960055761703,26.23973855980182
5824.554131619215,23.444036538144427,26.245520590411118
5825.432780399873,23.44851447251271,26.251411141260363
5826.311429180532,23.453033293374894,26.25740833521119
5827.1900779611915,23.457591933383984,26.26351029512523
5828.068726741851,23.46218932519298,26.269715143864108
5828.947375522509,23.46682440145489,26.276021004289447
5829.826024303168,23.47149609482273,26.282425999262887
5830.704673083827,23.476203337949496,26.288928251646063
5831.583321864486,23.48094506348819,26.295525884300584
5832.461970645145,23.485720204091834,26.3022170200881
5833.340619425804,23.49052769241343,26.308999781870238
5834.219268206462,23.495366461105974,26.315872292508615
5835.097916987122,23.50023544282248,26.32283267486488
5835.976565767781,23.505133570215957,26.329879051800646
5836.85521454844,23.510059775939407,26.33700954617755
5837.733863329098,23.515012992645836,26.34422228085721
5838.6125121097575,23.51999215298826,26.35151537870128
5839.491160890417,23.524996189619674,26.35888696257137
5840.369809671075,23.530024035193087,26.36633515532911
5841.248458451734,23.53507462236151,26.373858079836143
5842.127107232393,23.540146883777947,26.381453858954096
5843.005756013052,23.545239752095394,26.38912061554458
5843.884404793711,23.55035215996688,26.39685647246925
5844.76305357437,23.555483040045395,26.404659552589727
5845.641702355029,23.56063132498395,26.41252797876763
5846.520351135688,23.565795947435547,26.420459873864594
5847.398999916347,23.5709758400532,26.42845336074226
5848.277648697006,23.57616993548991,26.436506562262252
5849.156297477664,23.58137716639868,26.444617601286186
5850.0349462583235,23.58659646543253,26.452784600675713
5850.913595038983,23.59182676524446,26.461005683292452
5851.792243819642,23.59706699848747,26.469278971998033
5852.6708926003,23.602316097814565,26.477602589654076
5853.549541380959,23.60757299587877,26.48597465912223
5854.428190161619,23.612836625333074,26.49439330326412
5855.306838942277,23.618105918830484,26.502856644941357
5856.185487722936,23.62337980902402,26.5113628070156
5857.064136503595,23.628657228566677,26.51990991234846
5857.942785284254,23.633937110111454,26.528496083801564
5858.821434064913,23.639218386311377,26.537119444236563
5859.700082845572,23.644499989819444,26.545778116515063
5860.578731626231,23.64978085328866,26.55447022349871
5861.45738040689,23.655059909372028,26.563193888049113
5862.336029187549,23.660336090722556,26.571947233027927
5863.214677968208,23.66560832999326,26.580728381296773
5864.093326748866,23.670875559837132,26.589535455717265
5864.9719755295255,23.67613671290719,26.598366579151058
5865.850624310185,23.68139072185644,26.607219874459766
5866.729273090843,23.686636519337878,26.61609346450502
5867.607921871502,23.69187303800452,26.624985472148452
5868.486570652161,23.697099210509375,26.6338940202517
5869.365219432821,23.70231396950544,26.642817231676386
5870.243868213479,23.707516247645724,26.65175322928413
5871.122516994138,23.712704977583233,26.660700135936573
5872.001165774797,23.717879091970982,26.66965607449535
5872.879814555456,23.723037523461965,26.678619167822074
5873.758463336115,23.728179218594907,26.68758753877839
5874.637112116774,23.73330373963154,26.69655931022593
5875.515760897433,23.738411495598843,26.70553260502631
5876.3944096780915,23.74350295709356,26.714505546041156
5877.273058458751,23.748578594712466,26.72347625613212
5878.15170723941,23.75363887905231,26.73244285816082
5879.030356020068,23.758684280709836,26.74140347498887
5879.909004800727,23.763715270281814,26.750356229477934
5880.787653581387,23.768732318364986,26.759299244489615
5881.666302362045,23.773735895556115,26.768230642885545
5882.544951142704,23.77872647245196,26.777148547527368
5883.423599923363,23.783704519649266,26.786051081276703
5884.3022487040225,23.788670507744797,26.794936366995188
5885.180897484681,23.7936249073353,26.80380252754443
5886.05954626534,23.798568189017537,26.81264768578609
5886.938195045999,23.80350082338826,26.821469964581777
5887.8168438266575,23.80842328104422,26.83026748679312
5888.695492607317,23.813336032582182,26.839038375281763
5889.574141387976,23.818239548598896,26.847780752909333
5890.452790168634,23.82313429969111,26.856492742537444
5891.331438949293,23.828020756455594,26.865172467027747
5892.210087729953,23.83289938948909,26.873818049241862
5893.088736510612,23.837770669388355,26.882427612041415
5893.96738529127,23.84263506675015,26.89099927828803
5894.846034071929,23.84749305217123,26.899531170843357
5895.724682852589,23.85234509624835,26.908021685987986
5896.603331633247,23.857191669578253,26.9164711720418
5897.481980413906,23.86203324275771,26.9248808260577
5898.360629194565,23.866870286383474,26.933251848561984
5899.2392779752245,23.87170327105229,26.941585440080978
5900.117926755883,23.876532667360916,26.949882801140983
5900.996575536542,23.881358945906115,26.95814513226834
5901.875224317201,23.886182577284636,26.96637363398935
5902.7538730978595,23.891004032093228,26.974569506830314
5903.632521878519,23.895823780928666,26.98273395131758
5904.511170659178,23.90064229438769,26.990868167977442
5905.389819439836,23.90546004306705,26.998973357336205
5906.268468220495,23.910277497563513,27.00705071992022
5907.147117001155,23.915095128473833,27.015101456255774
5908.025765781814,23.91991340639476,27.023126766869193
5908.904414562472,23.924732801923046,27.031127852286787
5909.783063343131,23.929553785655457,27.039105913034877
5910.6617121237905,23.93437682818874,27.04706214963978
5911.540360904449,23.939202400119648,27.054997762627796
5912.419009685108,23.94403097204495,27.06291395252526
5913.297658465767,23.94886301456139,27.07081191985849
5914.1763072464255,23.95369899826571,27.078692865153776
5915.054956027085,23.958539393754698,27.08655798893746
5915.933604807744,23.963384671625086,27.094408491735848
5916.812253588403,23.968235302473634,27.102245574075255
5917.690902369061,23.97309175689709,27.110070436481987
5918.569551149721,23.977954505492225,27.11788427948238
5919.44819993038,23.982824018855784,27.125688303602733
5920.326848711038,23.98770076758452,27.133483709369365
5921.205497491697,23.992585222275196,27.1412716973086
5922.0841462723565,23.99747785352456,27.149053467946743
5922.962795053016,24.00237913192937,27.156830221810125
5923.841443833674,24.00728952808638,27.16460315942503
5924.720092614333,24.012209512592346,27.172373481317816
5925.598741394992,24.017139556044025,27.18014238801477
5926.477390175651,24.022080129038166,27.187911080042205
5927.35603895631,24.027031702171534,27.195680757926457
5928.234687736969,24.03199474604088,27.20345262219383
5929.113336517628,24.036969731242955,27.211227873370643
5929.991985298287,24.041957128374513,27.2190077119832
5930.870634078946,24.046957408032313,27.226793338557833
5931.749282859605,24.051971040813118,27.23458595362085
5932.627931640263,24.056998497313664,27.242386757698558
5933.506580420923,24.062040248130725,27.250196951317292
5934.385229201582,24.06709676386105,27.258017735003357
5935.26387798224,24.07216851510138,27.265850309283056
5936.142526762899,24.077255972448494,27.273695874682733
5937.0211755435585,24.082359606499136,27.281555631728683
5937.899824324217,24.087479887850055,27.289430780947225
5938.778473104876,24.09261728709801,27.297322522864675
5939.657121885535,24.097772274839766,27.305232058007356
5940.535770666194,24.102945321672067,27.313160586901574
5941.414419446853,24.10813689819167,27.321109310073645
5942.293068227512,24.113347474995333,27.32907942804989
5943.171717008171,24.118577522679807,27.337072141356632
5944.050365788829,24.12382751184185,27.345088650520157
5944.929014569489,24.12909791307822,27.35313015606682
5945.807663350148,24.134389179228222,27.36119785852291
5946.686312130807,24.13970132757759,27.36929295841475
5947.564960911465,24.145033924229335,27.37741665626865
5948.4436096921245,24.150386514402005,27.385570152610935
5949.322258472784,24.155758643314137,27.39375464796792
5950.200907253442,24.161149856184277,27.40197134286591
5951.079556034101,24.16655969823097,27.410221437831236
5951.95820481476,24.171987714672756,27.418506133390203
5952.83685359542,24.177433450728177,27.426826630069133
5953.715502376078,24.18289645161577,27.435184128394326
5954.594151156737,24.188376262554083,27.44357982889212
5955.472799937396,24.19387242876166,27.45201493208882
5956.351448718055,24.199384495457036,27.46049063851073
5957.230097498714,24.204912007858766,27.46900814868419
5958.108746279373,24.210454511185382,27.477568663135497
5958.987395060031,24.21601155065542,27.486173382390966
5959.8660438406905,24.22158267148744,27.49482350697693
5960.74469262135,24.227167418899977,27.503520237419693
5961.623341402009,24.232765338111573,27.512264774245573
5962.501990182667,24.23837597434076,27.52105831798087
5963.380638963326,24.243998872806092,27.52990206915193
5964.259287743986,24.24963357872611,27.538797228285045
5965.137936524644,24.255279637319354,27.547744995906534
5966.016585305303,24.26093659380437,27.55674657254272
5966.895234085962,24.2666039933997,27.56580315871992
5967.773882866621,24.272281381323875,27.57491569004826
5968.65253164728,24.27796830279545,27.584083749416774
5969.531180427939,24.283664303032968,27.59330648907065
5970.409829208598,24.289368927254962,27.60258306107312
5971.2884779892565,24.295081720679978,27.611912617487388
5972.167126769916,24.300802228526564,27.621294310376687
5973.045775550575,24.306529996013257,27.63072729180424
5973.924424331233,24.31226456835859,27.640210713833252
5974.803073111892,24.318005490781122,27.649743728526964
5975.681721892552,24.323752308499397,27.659325487948582
5976.560370673211,24.32950456673194,27.668955144161334
5977.439019453869,24.3352618106973,27.678631849228424
5978.317668234528,24.34102358561403,27.688354755213094
5979.196317015188,24.34678943670066,27.698123014178552
5980.074965795846,24.352558909175734,27.707935778188016
5980.953614576505,24.358331548257798,27.717792199304718
5981.832263357164,24.364106899165392,27.727691429591875
5982.710912137823,24.369884507117057,27.73763262111269
5983.589560918482,24.37566391733134,27.74761492593041
5984.468209699141,24.381444675026785,27.757637496108238
5985.3468584798,24.387226325421928,27.767699483709404
5986.2255072604585,24.393008413735306,27.777800040797107
5987.104156041118,24.39879048518548,27.787938319434595
5987.982804821777,24.404572084990974,27.79811347168508
5988.861453602435,24.41035275837033,27.808324649611766
5989.740102383094,24.41613205054211,27.8185710052779
5990.618751163754,24.42190950672484,27.82885169074668
5991.497399944412,24.427684672137058,27.83916585808133
5992.376048725071,24.433457091997322,27.849512659345088
5993.25469750573,24.439226311524173,27.859891246601155
5994.1333462863895,24.44499187593614,27.87030077191276
5995.011995067048,24.450753330451768,27.880740387343106
5995.890643847707,24.456510220289612,27.89120924495544
5996.769292628366,24.462262090668204,27.901706496812977
5997.6479414090245,24.46800848680608,27.912231294978916
5998.526590189684,24.473748953921802,27.922782791516504
5999.405238970343,24.479483037233898,27.933360138488943
6000.283887751002,24.485210281960914,27.943962487959467
6001.16253653166,24.490930233321386,27.954588991991276
6002.04118531232,24.496642436533865,27.96523880264761
6002.919834092979,24.50234643681689,27.975911071991685
6003.798482873637,24.508041779389004,27.98660495208671
6004.677131654296,24.513728009468746,27.997319594995922
6005.5557804349555,24.519404672274664,28.008054152782535
6006.434429215614,24.52507131302529,28.018807777509753
6007.313077996273,24.530727476939187,28.029579621240824
6008.191726776932,24.53637270923488,28.04036883603895
6009.070375557591,24.54200655513091,28.051174573967366
6009.94902433825,24.547628559845823,28.06199598708926
6010.827673118909,24.553238268598168,28.0728322274679
6011.706321899568,24.558835226606487,28.083682447166467
6012.584970680226,24.564418979089307,28.09454579824819
6013.463619460886,24.569989071265184,28.10542143277631
6014.342268241545,24.575545048352662,28.116308502814025
6015.220917022203,24.581086455570272,28.127206160424553
6016.099565802862,24.586612838136567,28.13811355767114
6016.978214583522,24.592123741270083,28.149029846616983
6017.856863364181,24.59761871018937,28.15995417932531
6018.735512144839,24.60309729011296,28.170885707859334
6019.614160925498,24.6085590262594,28.181823584282288
6020.4928097061575,24.61400346384723,28.192766960657387
6021.371458486816,24.619430148095,28.20371498904784
6022.250107267475,24.624838624221244,28.21466682151689
6023.128756048134,24.630228437444504,28.22562161012774
6024.007404828793,24.63559913298333,28.23657850694362
6024.886053609452,24.640950272263062,28.247536664027734
6025.764702390111,24.64628202708389,28.258495233443323
6026.64335117077,24.651595350951965,28.269453367253593
6027.521999951428,24.65689124850534,28.280410217521766
6028.400648732088,24.662170724382083,28.291364936311073
6029.279297512747,24.667434783220227,28.302316675684725
6030.157946293405,24.67268442965783,28.313264587705934
6031.036595074064,24.677920668332945,28.324207824437945
6031.9152438547235,24.68314450388362,28.335145537943966
6032.793892635383,24.688356940947905,28.346076880287203
6033.672541416041,24.693558984163847,28.357001003530886
6034.5511901967,24.698751638169508,28.36791705973825
6035.429838977359,24.703935907602933,28.378824200972495
6036.308487758018,24.709112797102172,28.389721579296843
6037.187136538677,24.714283311305277,28.400608346774533
6038.065785319336,24.719448454850298,28.411483655468768
6038.944434099994,24.72460923237528,28.422346657450387
6039.823082880654,24.72976664851829,28.433196922952764
6040.701731661313,24.734921707917366,28.44403556469607
6041.580380441972,24.740075415210566,28.45486405097731
6042.45902922263,24.74522877503593,28.4656838500935
6043.3376780032895,24.750382792031523,28.476496430341687
6044.216326783949,24.75553847083539,28.48730326001887
6045.094975564607,24.76069681608557,28.498105807422064
6045.973624345266,24.765858832420136,28.508905540848307
6046.852273125925,24.771025524477125,28.519703928594602
6047.730921906585,24.77619789689459,28.530502438957974
6048.609570687243,24.781376954310584,28.54130254023543
6049.488219467902,24.786563701363157,28.552105700724013
6050.366868248561,24.791759142690363,28.56291338872073
6051.24551702922,24.79696428293024,28.57372707252259
6052.124165809879,24.802180126720856,28.584548220426633
6053.002814590538,24.80740767870025,28.595378300729863
6053.881463371197,24.812647943506484,28.606218781729307
6054.7601121518555,24.817901925777594,28.617071131721968
6055.638760932515,24.823170630151644,28.627936819004887
6056.517409713174,24.828455061266684,28.638817311875076
6057.396058493832,24.833756223760755,28.64971407862954
6058.274707274491,24.839075122271918,28.66062858756532
6059.153356055151,24.84441276143822,28.671562306979425
6060.032004835809,24.849770145897704,28.682516705168865
6060.910653616468,24.855148280288436,28.693493250430674
6061.789302397127,24.86054816924846,28.704493411061872
6062.667951177786,24.865970817415825,28.71551865535946
6063.546599958445,24.871417229428587,28.72657045162048
6064.425248739104,24.876888409924792,28.737650268141937
6065.303897519763,24.882385363542493,28.74875957322086
6066.182546300422,24.887909094919735,28.759899835154243
6067.061195081081,24.89346060869458,28.771072522239134
6067.93984386174,24.89904090950507,28.78227910277255
6068.818492642398,24.904651001989258,28.79352104505148
6069.6971414230575,24.910291890785203,28.804799817372984
6070.575790203717,24.915964580530947,28.81611688803406
6071.454438984376,24.921670075864544,28.82747372533173
6072.333087765034,24.927409381424035,28.838871797563
6073.211736545693,24.933183501847484,28.850312573024915
6074.090385326353,24.938993441772944,28.86179752001448
6074.969034107011,24.944840205838453,28.873328106828705
6075.84768288767,24.950724798682074,28.884905801764628
6076.726331668329,24.95664822494185,28.89653207311926
6077.6049804489885,24.96261148925584,28.908208389189618
6078.483629229647,24.968615596262072,28.919936218272714
6079.362278010306,24.97466155059863,28.931717028665584
6080.240926790965,24.980750356903545,28.94355228866524
6081.1195755716235,24.986883019814872,28.95544346656869
6081.998224352283,24.993060543970664,28.96739203067298
6082.876873132942,24.99928393400897,28.979399449275103
6083.7555219136,25.005554194567836,28.991467190672076
6084.634170694259,25.01187233028532,29.003596723160946
6085.512819474919,25.018239345799476,29.015789515038716
6086.391468255578,25.02465624574835,29.0280470346024
6087.270117036236,25.031124034769984,29.040370750149016
6088.148765816895,25.037643717502444,29.052762129975598
6089.0274145975545,25.044216298583773,29.06522264237916
6089.906063378213,25.050842782652023,29.077753755656705
6090.784712158872,25.057524174345247,29.090356938105273
6091.663360939531,25.064261478301496,29.103033658021882
6092.5420097201895,25.071055699158812,29.11578538370353
6093.420658500849,25.07790784155526,29.128613583447258
6094.299307281508,25.084818910128885,29.141519725550083
6095.177956062167,25.091789909517736,29.154505278309014
6096.056604842825,25.09882184435986,29.16757171002106
6096.935253623485,25.105915719293318,29.180720488983273
6097.813902404144,25.113072538956157,29.193953083492655
6098.692551184802,25.12029330798642,29.207270961846206
6099.571199965461,25.127579031022172,29.220675592340978
6100.449848746121,25.134930712701454,29.23416844327398
6101.32849752678,25.142349357662326,29.24775098294222
6102.207146307438,25.14983597054282,29.26142467964272
6103.085795088097,25.157391555981008,29.27519100167251
6103.9644438687565,25.165017118614934,29.289051417328604
6104.843092649415,25.172713663082632,29.303007394908
6105.721741430074,25.180482194022183,29.31706040270776
6106.600390210733,25.188323716071622,29.33121190902487
6107.4790389913915,25.196239233868997,29.34546338215635
6108.357687772051,25.204229752052367,29.359816290399245
6109.23633655271,25.21229627525978,29.374272102050554
6110.114985333369,25.220439808129285,29.388832285407304
6110.993634114027,25.228661355298925,29.40349830876649
6111.872282894687,25.236961921406767,29.418271640425164
6112.750931675346,25.245342511090858,29.433153748680333
6113.629580456004,25.253804128989234,29.448146101829
6114.508229236663,25.262347779739965,29.463250168168216
6115.3868780173225,25.270974467981098,29.47846741599498
6116.265526797981,25.279685198350677,29.493799313606303
6117.14417557864,25.288480975486756,29.509247329299228
6118.022824359299,25.29736280402739,29.524812931370764
6118.901473139958,25.306331054390238,29.54049758811793
6119.780121920617,25.315383112673565,29.556302767837725
6120.658770701276,25.324515487983835,29.5722299388272
6121.537419481935,25.333724689309154,29.588280569383365
6122.416068262593,25.343007225637628,29.604456127803214
6123.294717043253,25.352359605957396,29.620758082383805
6124.173365823912,25.361778339256556,29.637187901422138
6125.052014604571,25.37125993452323,29.653747053215234
6125.930663385229,25.38080090074551,29.670436542453203
6126.8093121658885,25.390397746911542,29.687253428415826
6127.687960946548,25.400046982009428,29.70419277631565
6128.566609727206,25.40974511502727,29.721249635969397
6129.445258507865,25.41948865495321,29.738419057193827
6130.323907288524,25.42927411077534,29.75569608980566
6131.202556069183,25.43909799148178,29.773075783621596
6132.081204849842,25.44895680606065,29.790553188458418
6132.959853630501,25.45884706350006,29.808123354132825
6133.838502411159,25.468765272788115,29.82578133046154
6134.717151191819,25.478707942912955,29.843522167261323
6135.595799972478,25.488671582862676,29.861340914348894
6136.474448753137,25.4986527016254,29.87923262154097
6137.353097533795,25.508647808189224,29.897192338654285
6138.2317463144545,25.51865341154229,29.915215115505593
6139.110395095114,25.528666020672702,29.933296001911607
6139.989043875772,25.538682144568558,29.95143004768904
6140.867692656431,25.548698292218,29.969612302654667
6141.74634143709,25.558710972609124,29.987837816625188
6142.62499021775,25.568716694730053,30.006101639417345
6143.503638998408,25.578711967568886,30.024398820847843
6144.382287779067,25.588693300113764,30.042724410733456
6145.260936559726,25.598657201352786,30.061073458890892
6146.139585340385,25.60860018027406,30.07944101513687
6147.018234121044,25.618518745865718,30.097822129288147
6147.896882901703,25.628409407115868,30.116211851161445
6148.775531682362,25.638268673012618,30.13460523057349
6149.654180463021,25.648093052544077,30.152997317340997
6150.53282924368,25.65787905469838,30.171383161280733
6151.411478024339,25.667623188463633,30.189757812209415
6152.290126804997,25.677321962827943,30.20811631994374
6153.1687755856565,25.686971886779435,30.2264537343005
6154.047424366316,25.696569469306223,30.244765105096388
6154.926073146975,25.706111219396416,30.26304548214814
6155.804721927633,25.71559364603812,30.28128991527247
6156.683370708292,25.72501325821947,30.29949345428615
6157.562019488952,25.73436656492857,30.317651149005886
6158.44066826961,25.743650075153525,30.335758049248394
6159.319317050269,25.752860297882474,30.35380920483044
6160.197965830928,25.761993742103517,30.37179966556874
6161.076614611587,25.771046916804753,30.389724481280002
6161.955263392246,25.780016330974327,30.407578701780995
6162.833912172905,25.78889849360034,30.425357376888435
6163.712560953563,25.7976899136709,30.44305555641903
6164.5912097342225,25.80638710017413,30.46066829018955
6165.469858514882,25.81498656209815,30.478190628016705
6166.348507295541,25.823484808431058,30.49561761971723
6167.227156076199,25.831878348160977,30.512944315107838
6168.105804856858,25.840163690276025,30.53016576400529
6168.984453637518,25.848337343764317,30.54727701622631
6169.863102418176,25.856395817613958,30.564273121587597
6170.741751198835,25.864335620813076,30.58114912990593
6171.620399979494,25.87215326234978,30.597900090998014
6172.4990487601535,25.879845251212178,30.614521054680587
6173.377697540812,25.887408096388388,30.631007070770355
6174.256346321471,25.894838306866532,30.64735318908409
6175.13499510213,25.90213239163472,30.663554459438497
6176.0136438827885,25.909286935274743,30.679605931650304
6176.892292663448,25.916300967591514,30.695502655536263
6177.770941444107,25.923176435612152,30.7112396809131
6178.649590224766,25.929915457280075,30.726812057597527
6179.528239005424,25.936520150538694,30.74221483540628
6180.406887786084,25.942992633331432,30.757443064156107
6181.285536566743,25.949335023601698,30.772491793663736
6182.164185347401,25.9555494392929,30.78735607374587
6183.04283412806,25.961637998348465,30.802030971606307
6183.92148290872,25.9676028187118,30.816513806414893
6184.800131689378,25.973446018326317,30.830806353024066
6185.678780470037,25.979169715135445,30.84491090985294
6186.557429250696,25.98477602708258,30.858829775320572
6187.436078031355,25.990267072111145,30.87256524784602
6188.314726812014,25.99564496816455,30.886119625848387
6189.193375592673,26.00091183318622,30.899495207746746
6190.072024373332,26.00606978511956,30.91269429196016
6190.9506731539905,26.011120941907983,30.9257191769077
6191.82932193465,26.01606742149491,30.93857216100846
6192.707970715309,26.020911341823748,30.951255542681505
6193.586619495967,26.025654820837918,30.9637716203459
6194.465268276626,26.030299976480837,30.97612269242075
6195.343917057286,26.03484892669591,30.988311057325102
6196.222565837945,26.03930378942656,31.000339013478047
6197.101214618603,26.043666682616188,31.012208859298646
6197.979863399262,26.047939724208227,31.023922893206
6198.8585121799215,26.05212503214608,31.035483413619158
6199.73716096058,26.05622472437316,31.0468927189572
6200.615809741239,26.060240918832886,31.058153107639217
6201.494458521898,26.064175733468673,31.06926687808428
6202.373107302557,26.06803128622393,31.080236328711454
6203.251756083216,26.071809695042077,31.09106375793981
6204.130404863875,26.075513077866525,31.101751464188446
6205.009053644534,26.079143552640694,31.112301745876426
6205.887702425192,26.082703237307985,31.122716901422812
6206.766351205852,26.08619424981183,31.1329992292467
6207.644999986511,26.08961870809563,31.14315102776716
6208.523648767169,26.092978730102807,31.15317459540326
6209.402297547828,26.096276433776772,31.163072230574087
6210.2809463284875,26.09951393706094,31.172846231698706
6211.159595109146,26.102693357898726,31.182498897196187
6212.038243889805,26.105816814233542,31.19203252548563
6212.916892670464,26.10888642400881,31.201449414986094
6213.795541451123,26.111904305167933,31.210751864116652
6214.674190231782,26.114872575654328,31.219942171296378
6215.552839012441,26.117793353411418,31.229022634944364
6216.4314877931,26.12066875638261,31.237995553479667
6217.310136573758,26.123500902511317,31.246863225321366
6218.188785354418,26.12629190974096,31.25562794888855
6219.067434135077,26.129043896014952,31.264292022600284
6219.946082915736,26.1317589792767,31.272857744875644
6220.824731696394,26.134439277469625,31.2813274141337
6221.7033804770535,26.13708690853714,31.28970332879354
6222.582029257713,26.139703990422667,31.297987787274234
6223.460678038371,26.142292641069602,31.306183087994842
6224.33932681903,26.144854978421375,31.31429152937447
6225.217975599689,26.147393120421395,31.32231540983217
6226.096624380349,26.149909185013076,31.33025702778703
6226.975273161007,26.152405290139832,31.338118681658113
6227.853921941666,26.154883553745083,31.345902669864508
6228.732570722325,26.157346093772233,31.353611290825285
6229.611219502984,26.159795028164705,31.36124684295951
6230.489868283643,26.162232474865913,31.36881162468628
6231.368517064302,26.16466055181927,31.376307934424652
6232.24716584496,26.167081376968184,31.3837380705937
6233.12581462562,26.16949706825608,31.391104331612517
6234.004463406279,26.17190974362637,31.398409015900167
6234.883112186937,26.174321521022456,31.40565442187572
6235.761760967596,26.17673451838777,31.412842847958267
6236.6404097482555,26.179150853665714,31.419976592566872
6237.519058528915,26.18157264479971,31.427057954120617
6238.397707309573,26.184002009733167,31.434089231038566
6239.276356090232,26.186441066409504,31.441072721739804
6240.155004870891,26.188891932772133,31.448010724643414
6241.03365365155,26.191356726764468,31.454905538168447
6241.912302432209,26.193837566329922,31.461759460734005
6242.790951212868,26.196336569411912,31.46857479075915
6243.669599993527,26.19885585395385,31.475353826662964
6244.548248774186,26.201397537899155,31.482098866864504
6245.426897554845,26.20396373919124,31.488812209782875
6246.305546335504,26.20655657577352,31.49549615383713
6247.184195116162,26.209178165589396,31.502152997446352
6248.0628438968215,26.21183056149034,31.50878503902962
6248.941492677481,26.214514569873717,31.515394577006003
6249.82014145814,26.217229875830245,31.521983909794585
6250.698790238798,26.21997612447604,31.52855533581442
6251.577439019457,26.222752960927224,31.535111153484618
6252.456087800117,26.225560030299917,31.541653661224228
6253.334736580775,26.22839697771023,31.548185157452327
6254.213385361434,26.231263448274287,31.554707940588006
6255.092034142093,26.234159087108207,31.561224294669838
6255.9706829227525,26.2370835393281,31.56773574306929
6256.849331703411,26.2400364500501,31.574242685391443
6257.72798048407,26.24301746439031,31.580745430756256
6258.606629264728,26.246026227464853,31.587244288283653
6259.4852780453875,26.249062384389852,31.59373956709359
6260.363926826047,26.252125580281422,31.600231576305983
6261.242575606706,26.25521546025568,31.606720625040776
6262.121224387364,26.258331669428742,31.613207022417896
6262.999873168023,26.261473852916737,31.61969107755729
6263.878521948683,26.264641655835774,31.6261730995789
6264.757170729341,26.267834723301974,31.63265339760264
6265.63581951,26.271052700431458,31.63913228074847
6266.514468290659,26.274295232340336,31.645610058136313
6267.393117071319,26.277561964144738,31.652087038886116
6268.271765851977,26.28085254096077,31.65856353211779
6269.150414632636,26.284166607904556,31.665039846951302
6270.029063413295,26.28750381009222,31.671516292506574
6270.907712193954,26.29086379263987,31.677993177903538
6271.786360974613,26.294246200663633,31.684470812262138
6272.665009755272,26.297650679279624,31.690949504702314
6273.543658535931,26.301076873603957,31.69742956434399
6274.4223073165895,26.304524428752757,31.7039113003071
6275.300956097249,26.30799298984214,31.7103950217116
6276.179604877908,26.311482201988223,31.716881037677414
6277.058253658566,26.314991710307126,31.72336965732448
6277.936902439225,26.31852115991497,31.729861189772727
6278.815551219885,26.322070195927868,31.736355944142105
6279.694200000544,26.325638463461942,31.74285422955254
6280.572848781202,26.329225607633308,31.74935635512397
6281.451497561861,26.33283127355808,31.75586262997633
6282.3301463425205,26.33645510635239,31.762373363229568
6283.208795123179,26.340096751132343,31.7688888640036
6284.087443903838,26.34375585301406,31.77540944141838
6284.966092684497,26.34743205711367,31.781935404593835
6285.8447414651555,26.35112500854727,31.7884670626499
6286.723390245815,26.354834352431006,31.79500472470652
6287.602039026474,26.358559733880973,31.801548699883625
6288.480687807132,26.362300798013294,31.808099297301155
6289.359336587791,26.366057189944097,31.81465682607904
6290.237985368451,26.3698285547895,31.821221595337224
6291.11663414911,26.37361453766561,31.827793914195638
6291.995282929768,26.377414783688547,31.834374091774215
6292.873931710427,26.38122893797444,31.8409624371929
6293.7525804910865,26.385056645639402,31.84755925957163
6294.631229271745,26.388897551799545,31.854164868030324
6295.509878052404,26.392751301570996,31.860779571688937
6296.388526833063,26.39661754006987,31.8674036796674
6297.267175613722,26.400495912412286,31.874037501085652
6298.145824394381,26.404386063714355,31.880681345063614
6299.02447317504,26.408287639092208,31.887335520721244
6299.903121955699,26.412200283661964,31.894000337178465
6300.781770736357,26.41612364253972,31.90067610355521
6301.660419517017,26.420057360841618,31.90736312897143
6302.539068297676,26.424001083683766,31.914061722547046
6303.417717078335,26.427954456182285,31.92077219340201
6304.296365858993,26.43191712345329,31.927494850656235
6305.1750146396525,26.435888730612902,31.934230003429683
6306.053663420312,26.43986892277724,31.940977960842275
6306.93231220097,26.44385734506242,31.94773903201395
6307.810960981629,26.44785364258456,31.954513526064645
6308.6896097622885,26.451857460459784,31.961301752114302
6309.568258542947,26.455868443804196,31.96810401928284
6310.446907323606,26.459886237733933,31.974920636690218
6311.325556104265,26.463910487365105,31.981751913456357
6312.2042048849235,26.467940837813824,31.988598158701194
6313.082853665583,26.47197693419622,31.995459681544673
6313.961502446242,26.47601842162841,32.00233679110673
6314.840151226901,26.480064945226502,32.00922979650729
6315.718800007559,26.484116150106615,32.0161390068663
6316.597448788219,26.488171681384884,32.02306473130369
6317.476097568878,26.492231184177413,32.03000727893941
6318.354746349536,26.496294303600315,32.036966958893366
6319.233395130195,26.50036068476973,32.04394408028553
6320.1120439108545,26.504429972801756,32.05093895223582
6320.990692691514,26.508501812812522,32.05795188386417
6321.869341472172,26.512575849918136,32.06498318429051
6322.747990252831,26.51665172923473,32.0720331626348
6323.62663903349,26.520729095878412,32.07910212801696
6324.505287814149,26.524807594965306,32.08619038955693
6325.383936594808,26.528886871611526,32.09329825637464
6326.262585375467,26.532966570933198,32.10042603759005
6327.141234156126,26.537046338046434,32.10757404232306
6328.019882936785,26.541125818067343,32.11474257969362
6328.898531717444,26.545204656112062,32.121931958821676
6329.777180498103,26.5492824972967,32.12914248882717
6330.655829278761,26.553358986737372,32.13637447883001
6331.5344780594205,26.557433769550208,32.14362823795015
6332.41312684008,26.561506490851315,32.150904075307544
6333.291775620738,26.56557679575681,32.1582023000221
6334.170424401397,26.569644329382825,32.16552322121375
6335.049073182056,26.57370873684547,32.17286714800246
6335.927721962715,26.57776966326086,32.18023438950814
6336.806370743374,26.581826753745116,32.18762525485075
6337.685019524033,26.58587965341436,32.19504005315021
6338.563668304692,26.589928007384707,32.20247909352645
6339.442317085351,26.59397146077227,32.20994268509941
6340.32096586601,26.59800965869318,32.21743113698905
6341.199614646669,26.602042246263547,32.22494475824818
6342.078263427327,26.60606886859949,32.23248369911414
6342.9569122079865,26.610089170817126,32.24004761095959
6343.835560988646,26.614102798032576,32.24763604745975
6344.714209769305,26.61810939536196,32.25524856228983
6345.592858549963,26.62210860792139,32.262884709125025
6346.471507330622,26.62610008082699,32.2705440416406
6347.350156111282,26.630083459194882,32.278226113511735
6348.22880489194,26.634058388141167,32.28593047841367
6349.107453672599,26.63802451278199,32.293656690021635
6349.986102453258,26.641981478233443,32.30140430201082
6350.864751233918,26.645928929611667,32.30917286805646
6351.743400014576,26.649866512032762,32.31696194183377
6352.622048795235,26.653793870612855,32.324771077017985
6353.500697575894,26.657710650468065,32.33259982728431
6354.379346356553,26.661616496714505,32.34044774630796
6355.257995137212,26.665511054468297,32.34831438776417
6356.136643917871,26.669393991596262,32.35619930532814
6357.015292698529,26.673265208627853,32.3641020526751
6357.8939414791885,26.67712474235339,32.37202218348028
6358.772590259848,26.680972631286036,32.379959251418896
6359.651239040506,26.68480891393897,32.38791281016614
6360.529887821165,26.68863362882536,32.39588241339727
6361.408536601824,26.692446814458396,32.40386761478748
6362.287185382484,26.696248509351236,32.41186796801199
6363.165834163142,26.70003875201706,32.419883026746035
6364.044482943801,26.703817580969048,32.427912344664826
6364.92313172446,26.70758503472037,32.43595547544358
6365.801780505119,26.711341151784193,32.44401197275751
6366.680429285778,26.715085970673712,32.452081390281855
6367.559078066437,26.71881952990209,32.46016328169182
6368.437726847096,26.722541867982493,32.46825720066264
6369.3163756277545,26.7262530234281,32.47636270086951
6370.195024408414,26.729953034752096,32.48447933598766
6371.073673189073,26.733641940467653,32.49260665969231
6371.952321969731,26.73731977908793,32.500744225658686
6372.83097075039,26.74098658912612,32.508891587562
6373.70961953105,26.744642409095384,32.51704829907749
6374.588268311709,26.74828727750891,32.525213913880336
6375.466917092367,26.751921232879862,32.53338798564578
6376.345565873026,26.755544313721423,32.541570068049054
6377.2242146536855,26.759156558546756,32.549759714765365
6378.102863434344,26.762758005869046,32.55795647946993
6378.981512215003,26.76634869420146,32.56615991583797
6379.860160995662,26.769928662057183,32.5743695775447
6380.738809776321,26.77349794794938,32.582585018265355
6381.61745855698,26.77705659039123,32.59080579167514
6382.496107337639,26.780604627895904,32.599031451449285
6383.374756118297,26.784142098976577,32.607261551262994
6384.253404898956,26.78766904214643,32.6154956447915
6385.132053679616,26.791185495918633,32.62373328571002
6386.010702460275,26.79469149880636,32.63197402769377
6386.889351240933,26.798187089322784,32.64021742441797
6387.768000021592,26.801672305981082,32.64846302955784
6388.646648802252,26.805147187294434,32.656710396788604
6389.52529758291,26.808611771776,32.66495907978547
6390.403946363569,26.812066097938974,32.67320863222367
6391.282595144228,26.815510204296512,32.681458607778424
6392.1612439248875,26.8189441293618,32.689708560124934
6393.039892705546,26.82236791164801,32.69795804293844
6393.918541486205,26.825781589668313,32.706206609894146
6394.797190266864,26.82918520193589,32.71445381466729
6395.6758390475225,26.832578786963907,32.722699210933065
6396.554487828182,26.83596238326555,32.73094235236671
6397.433136608841,26.839336029353987,32.73918279264344
6398.3117853895,26.842699763742388,32.74742008543848
6399.190434170158,26.846053624943938,32.75565378442703
6400.069082950818,26.849397651471804,32.76388344328433
6400.947731731477,26.852731881839166,32.772108615685596
6401.826380512135,26.856056354559186,32.78032885530603
6402.705029292794,26.85937110814506,32.788543715820886
6403.5836780734535,26.86267618110994,32.79675275090535
6404.462326854113,26.86597161196702,32.804955514234656
6405.340975634771,26.869257439229454,32.81315155948401
6406.21962441543,26.87253370141044,32.821340440328655
6407.098273196089,26.87580043702314,32.8295217104438
6407.976921976748,26.879057684580722,32.83769492350466
6408.855570757407,26.882305482596372,32.84585963318645
6409.734219538066,26.885543869583266,32.8540153931644
6410.612868318724,26.888772884054564,32.86216175711372
6411.491517099384,26.891992564523456,32.87029827870965
6412.370165880043,26.895202949503112,32.87842451162739
6413.248814660701,26.898404077506694,32.88654000954215
6414.12746344136,26.901595987047397,32.89464432612918
6415.0061122220195,26.904778716638386,32.90273701506368
6415.884761002679,26.907952304792836,32.91081763002087
6416.763409783337,26.911116790023918,32.91888572467597
6417.642058563996,26.91427221084481,32.92694085270421
6418.520707344655,26.91741860576869,32.93498256778079
6419.399356125314,26.92055601330873,32.943010423580944
6420.278004905973,26.923684471978095,32.95102397377988
6421.156653686632,26.926804020289982,32.95902277205284
6422.035302467291,26.929914696757542,32.967006372075026
6422.91395124795,26.933016539893963,32.97497432752166
6423.792600028609,26.936109588212414,32.98292619206795
6424.671248809268,26.939193880226075,32.990861519389135
6425.549897589926,26.942269454448112,32.99877986316042
6426.4285463705855,26.94533634939171,33.006680777057035
6427.307195151245,26.94839460357004,33.014563814754204
6428.185843931904,26.951444255496273,33.02242852992713
6429.064492712562,26.954485343683583,33.03027447625104
6429.943141493221,26.95751790664515,33.038101207401155
6430.821790273881,26.960541982894146,33.04590827705268
6431.700439054539,26.963557610943745,33.053695238880856
6432.579087835198,26.966564829307117,33.06146164656091
6433.457736615857,26.96956367649745,33.06920705376803
6434.336385396516,26.972554191027903,33.07693101417744
6435.215034177175,26.975536411411667,33.084633112654664
6436.093682957834,26.9785103761619,33.09231336302324
6436.972331738492,26.981476123791786,33.09997209102232
6437.850980519152,26.984433692814495,33.107609629425426
6438.729629299811,26.98738312174321,33.115226311006
6439.60827808047,26.990324449091094,33.12282246853751
6440.486926861128,26.99325771337133,33.13039843479342
6441.3655756417875,26.99618295309709,33.13795454254723
6442.244224422447,26.999100206781552,33.14549112457239
6443.122873203105,27.002009512937878,33.15300851364237
6444.001521983764,27.004910910079264,33.16050704253066
6444.880170764423,27.00780443671886,33.16798704401071
6445.758819545083,27.010690131369863,33.175448850856
6446.637468325741,27.013568032545432,33.18289279584
6447.5161171064,27.01643817875875,33.190319211736174
6448.394765887059,27.019300608522993,33.19772843131802
6449.273414667718,27.022155360351324,33.20512078735897
6450.152063448377,27.025002472756924,33.21249661263252
6451.030712229036,27.027841984252973,33.21985623991213
6451.909361009695,27.03067393335264,33.2272000019713
6452.7880097903535,27.033498358569098,33.23452823158344
6453.666658571013,27.036315298415527,33.241841261522076
6454.545307351672,27.039124791405097,33.24913942456067
6455.42395613233,27.041926876050987,33.256423053472666
6456.302604912989,27.044721590866367,33.26369248103156
6457.181253693649,27.04750897436442,33.270948040010815
6458.059902474307,27.0502890650583,33.27819006318391
6458.938551254966,27.053061901461213,33.285418883324304
6459.817200035625,27.055827522086304,33.29263483320547
6460.695848816284,27.058585965446763,33.299838245600874
6461.574497596943,27.061337270055763,33.30702945328402
6462.453146377602,27.06408147442648,33.314208789028335
6463.331795158261,27.06681861707208,33.32137658560732
6464.2104439389195,27.069548736505748,33.32853317579442
6465.089092719579,27.072271871240652,33.33567889236313
6465.967741500238,27.074988059789973,33.34281406808691
6466.846390280896,27.07769734066687,33.349939035739226
6467.725039061555,27.08039975238454,33.35705412809356
6468.603687842215,27.08309533345614,33.36415967792339
6469.482336622874,27.085784122394855,33.371256018002164
6470.360985403532,27.088466157713853,33.378343481103364
6471.239634184191,27.091141477926314,33.385422400000465
6472.118282964851,27.093810121545406,33.39249310746695
6472.996931745509,27.09647212708431,33.39955593627625
6473.875580526168,27.099127533056198,33.40661121920187
6474.754229306827,27.101776377974243,33.41365928901727
6475.6328780874865,27.10441870035162,33.42070047849593
6476.511526868145,27.107054538701504,33.427735120411306
6477.390175648804,27.109683931537074,33.434763547536875
6478.268824429463,27.1123069173715,33.44178609264612
6479.1474732101215,27.114923534717956,33.44880308851249
6480.026121990781,27.11753382208962,33.45581486790947
6480.90477077144,27.120137817999662,33.462821763610535
6481.783419552098,27.12273556096126,33.46982410838914
6482.662068332757,27.125327089487588,33.47682223501878
6483.540717113417,27.127912442091827,33.48381647627291
6484.419365894075,27.130491657287134,33.49080716492498
6485.298014674734,27.133064773586703,33.49779463374851
6486.176663455393,27.135631829503698,33.50477921551693
6487.0553122360525,27.138192863551296,33.51176124300374
6487.933961016711,27.140747914242667,33.51874104898238
6488.81260979737,27.143297020090994,33.52571896622635
6489.691258578029,27.145840219609443,33.5326953275091
6490.5699073586875,27.1483775513112,33.539670465604104
6491.448556139347,27.150909053709427,33.546644713284856
6492.327204920006,27.15343476531731,33.5536184033248
6493.205853700665,27.15595472464802,33.56059186849742
6494.084502481323,27.158468970214717,33.56756544157617
6494.963151261983,27.160977540530602,33.574539455334545
6495.841800042642,27.163480474108827,33.581514242546014
6496.7204488233,27.165977809462575,33.588490135984024
6497.599097603959,27.168469585105026,33.59546746842208
6498.4777463846185,27.170955839549347,33.60244657263362
6499.356395165278,27.173436611308716,33.609427781392135
6500.235043945936,27.175911933451218,33.61641142747108
6501.113692726595,27.1783818112411,33.62339784364395
6501.992341507254,27.18084624109116,33.630387362684196
6502.870990287913,27.183305219410453,33.6373803173653
6503.749639068572,27.18575874260803,33.64437704046072
6504.628287849231,27.188206807092946,33.65137786474394
6505.50693662989,27.190649409274258,33.65838312298843
6506.385585410549,27.19308654556101,33.665393147967656
6507.264234191208,27.19551821236226,33.67240827245509
6508.142882971866,27.197944406087068,33.67942882922419
6509.021531752525,27.200365123144486,33.68645515104847
6509.9001805331845,27.202780359943564,33.69348757070135
6510.778829313844,27.20519011289336,33.700526420956336
6511.657478094502,27.20759437840292,33.70757203458687
6512.536126875161,27.209993152881303,33.71462474436644
6513.41477565582,27.212386432737567,33.72168488306853
6514.293424436479,27.21477421438076,33.728752783466575
6515.172073217138,27.21715649421994,33.73582877833408
6516.050721997797,27.219533268664154,33.742913200444505
6516.929370778456,27.221904534122462,33.750006382571314
6517.808019559115,27.224270287003918,33.75710865748798
6518.686668339774,27.22663052371757,33.76422035796799
6519.565317120433,27.228985240672483,33.7713418167848
6520.443965901091,27.231334434277695,33.778473366711864
6521.322614681751,27.233678100942274,33.7856153405227
6522.20126346241,27.236016237075273,33.79276807099074
6523.079912243069,27.238348839085738,33.79993189088947
6523.958561023727,27.24067590338272,33.80710713299235
6524.8372098043865,27.242997426375283,33.81429413007286
6525.715858585046,27.24531340447248,33.821493214904464
6526.594507365704,27.247623834083356,33.828704720260646
6527.473156146363,27.24992871161697,33.835928978914865
6528.351804927022,27.252228033482382,33.8431663236406
6529.230453707682,27.25452179608864,33.85041708721132
6530.10910248834,27.256809995844794,33.85768160240049
6530.987751268999,27.259092629159902,33.86496020198159
6531.866400049658,27.26136969244302,33.87225321872809
6532.745048830317,27.263641182103196,33.87956098541344
6533.623697610976,27.265907094549494,33.88688383481114
6534.502346391635,27.26816742619096,33.89422209969465
6535.380995172293,27.270422173436643,33.90157611283743
6536.2596439529525,27.27267133269561,33.90894620701297
6537.138292733612,27.274914900376903,33.91633271499474
6538.01694151427,27.277152872889584,33.92373596955618
6538.895590294929,27.279385246642697,33.93115630347081
6539.774239075588,27.28161201804531,33.93859404951206
6540.652887856248,27.283833183506466,33.94604954045342
6541.531536636906,27.28604873943522,33.95352310906836
6542.410185417565,27.28825868224063,33.961015088130345
6543.288834198224,27.290463008331752,33.96852581041284
6544.167482978883,27.29266171411763,33.976055608689336
6545.046131759542,27.294854796007325,33.9836048157333
6545.924780540201,27.29704225040989,33.99117376431819
6546.80342932086,27.299224073734376,33.99876278721748
6547.6820781015185,27.30140026238984,34.00637221720464
6548.560726882178,27.303570812785335,34.014002387053154
6549.439375662837,27.305735721329913,34.02165362953648
6550.318024443495,27.307894984432632,34.02932627742809
6551.196673224154,27.31004859850254,34.037020663501465
6552.075322004814,27.312196559948703,34.044737120530066
6552.953970785473,27.314338865180158,34.052475981287365
6553.832619566131,27.31647551060597,34.06023757854683
6554.71126834679,27.318606492635183,34.068022245081956
6555.58991712745,27.320731807676864,34.07583031366618
6556.468565908108,27.322851452140057,34.08366211707298
6557.347214688767,27.32496542243382,34.09151798807586
6558.225863469426,27.327073714967213,34.09939825944826
6559.104512250085,27.329176326149273,34.10730326396364
6559.983161030744,27.331273252389067,34.1152333343955
6560.861809811403,27.33336449009565,34.12318880351729
6561.740458592061,27.335450035678065,34.13117000410249
6562.6191073727205,27.337529885545376,34.139177268924584
6563.49775615338,27.339604036106632,34.14721093075702
6564.376404934039,27.341672483770893,34.155271322373295
6565.255053714697,27.3437352249472,34.16335877654684
6566.133702495356,27.34579225604462,34.17147362605116
6567.012351276016,27.3478435734722,34.17961620365972
6567.891000056674,27.349889173638996,34.18778684214598
6568.769648837333,27.35192905295406,34.19598587428343
6569.648297617992,27.353963207826443,34.20421363284552
6570.5269463986515,27.35599163466521,34.212470450605736
6571.40559517931,27.358014329879403,34.22075666033352
6572.284243959969,27.360031289878084,34.22907237497176
6573.162892740628,27.362042511070303,34.237416896583206
6574.0415415212865,27.364047989865114,34.245789340305116
6574.920190301946,27.36604772267157,34.25418882127475
6575.798839082605,27.368041705898722,34.26261445462932
6576.677487863264,27.37002993595564,34.271065355506096
6577.556136643922,27.37201240925135,34.27954063904231
6578.434785424582,27.373989122194935,34.28803942037521
6579.313434205241,27.37596007119543,34.296560814642035
6580.192082985899,27.377925252661893,34.30510393698004
6581.070731766558,27.379884663003377,34.31366790252647
6581.9493805472175,27.381838298628942,34.322251826418565
6582.828029327876,27.383786155947636,34.330854823793544
6583.706678108535,27.385728231368514,34.339476009788704
6584.585326889194,27.387664521300636,34.348114499541246
6585.4639756698525,27.389595022153042,34.356769408188434
6586.342624450512,27.391519730334803,34.36543985086751
6587.221273231171,27.393438642254957,34.37412494271572
6588.09992201183,27.39535175432257,34.38282379887029
6588.978570792488,27.39725906294668,34.39153553446849
6589.857219573148,27.399160564536366,34.40025926464755
6590.735868353807,27.40105625550066,34.408994104544725
6591.614517134465,27.402946132248623,34.41773916929725
6592.493165915124,27.40483019118931,34.426493574042375
6593.3718146957835,27.406708428731772,34.43525643391734
6594.250463476443,27.40858084128507,34.44402686405938
6595.129112257101,27.410447425258244,34.45280397960576
6596.00776103776,27.412308177060364,34.46158689569371
6596.886409818419,27.414163093100473,34.47037472746049
6597.765058599078,27.416012169787628,34.47916659004332
6598.643707379737,27.417855403530883,34.48796159857947
6599.522356160396,27.41969279073929,34.49675886820618
6600.401004941055,27.42152432782191,34.505557514060676
6601.279653721714,27.423350011187786,34.51435665128021
6602.158302502373,27.425169837245985,34.523155395002036
6603.036951283032,27.426983802405548,34.53195286036339
6603.91560006369,27.42879190307553,34.540748162501515
6604.79424884435,27.430594135664997,34.54954041655367
6605.672897625009,27.432390496582986,34.558328737657085
6606.551546405667,27.434180982238562,34.567112240949
6607.430195186326,27.43596558904078,34.57589004156669
6608.3088439669855,27.437744313398692,34.584661254647365
6609.187492747644,27.439517151721343,34.59342499532827
6610.066141528303,27.4412841004178,34.602180378746674
6610.944790308962,27.443045155897106,34.61092652003981
6611.823439089621,27.444800314568326,34.61966253434491
6612.70208787028,27.446549572840503,34.628387536799245
6613.580736650939,27.448292927122694,34.637100642540034
6614.459385431598,27.45003037382396,34.645800966704535
6615.338034212256,27.45176190935334,34.65448762442998
6616.216682992916,27.453487530119908,34.66315973085364
6617.095331773575,27.455207232532697,34.67181640111274
6617.973980554234,27.456921013000777,34.68045675034452
6618.852629334892,27.45862886793319,34.68907989368622
6619.7312781155515,27.460330793738997,34.69768494627512
6620.609926896211,27.462026786827252,34.70627102324842
6621.488575676869,27.463716843607006,34.71483723974338
6622.367224457528,27.465400960487315,34.72338271089726
6623.245873238187,27.467079133877228,34.73190655184731
6624.124522018847,27.46875136018581,34.740407877730746
6625.003170799505,27.4704176358221,34.748885803684814
6625.881819580164,27.47207795719516,34.75733944484677
6626.760468360823,27.473732320714042,34.765767916353866
6627.639117141482,27.475380722787804,34.77417033334332
6628.517765922141,27.477023159825496,34.78254581095241
6629.3964147028,27.478659627649577,34.79089346431836
6630.275063483459,27.48029010940976,34.79921240857843
6631.1537122641175,27.481914576022053,34.80750175886983
6632.032361044777,27.483532997903655,34.81576063032985
6632.911009825435,27.485145345471793,34.82398813809569
6633.789658606094,27.486751589143687,34.83218339730464
6634.668307386753,27.488351699336555,34.84034552309391
6635.546956167413,27.48994564646761,34.848473630600765
6636.425604948071,27.49153340095408,34.85656683496242
6637.30425372873,27.49311493321317,34.86462425131615
6638.182902509389,27.494690213662118,34.872644994799195
6639.061551290048,27.496259212718122,34.88062818054878
6639.940200070707,27.497821900798414,34.888572923702185
6640.818848851366,27.499378248320202,34.896478339396616
6641.697497632025,27.50092822570072,34.90434354276935
6642.576146412684,27.50247180335717,34.91216764895759
6643.454795193343,27.504008951706783,34.91994977309862
6644.333443974002,27.50553964116677,34.927689030329674
6645.21209275466,27.507063842154352,34.935384535787975
6646.0907415353195,27.508581525086747,34.943035404610804
6646.969390315979,27.51009266038118,34.95064075193538
6647.848039096638,27.51159721845486,34.958199692898965
6648.726687877296,27.513095169725005,34.96571134263877
6649.605336657955,27.51458648460884,34.97317481629208
6650.483985438615,27.51607113352359,34.980589228996116
6651.362634219273,27.517549086886454,34.98795389727087
6652.241282999932,27.519020315114666,34.99526908524137
6653.119931780591,27.520484788625442,35.002535335502124
6653.9985805612505,27.521942477835992,35.009753190685196
6654.877229341909,27.52339335316354,35.016923193422656
6655.755878122568,27.524837385025318,35.0240458863466
6656.634526903226,27.52627454383852,35.03112181208908
6657.5131756838855,27.527704800020384,35.03815151328222
6658.391824464545,27.52912812398812,35.04513553255805
6659.270473245204,27.53054448615895,35.052074412548656
6660.149122025863,27.531953856950086,35.05896869588613
6661.027770806521,27.533356206778752,35.06581892520253
6661.906419587181,27.534751506062168,35.07262564312994
6662.785068367839,27.536139725217545,35.079389392300435
6663.663717148498,27.537520834662114,35.086110715346095
6664.542365929157,27.53889480481308,35.092790154899
6665.4210147098165,27.540261606087668,35.09942825359122
6666.299663490475,27.5416212089031,35.106025554054824
6667.178312271134,27.542973583676588,35.112582598921904
6668.056961051793,27.544318700825357,35.11909993082453
6668.9356098324515,27.545656530766614,35.125578092394775
6669.814258613111,27.546987043917596,35.13201762626473
6670.69290739377,27.548310210695504,35.138419075066444
6671.571556174429,27.549626001517566,35.14478298143202
6672.450204955087,27.550934386801,35.15110988799351
6673.328853735747,27.55223533696302,35.157400337383024
6674.207502516406,27.553528822420848,35.163654872232605
6675.086151297064,27.5548148135917,35.169874035174345
6675.964800077723,27.5560932808928,35.17605836884032
6676.8434488583825,27.55736419474136,35.18220841586261
6677.722097639042,27.558627525554606,35.188324718873275
6678.6007464197,27.55988324374975,35.19440782050441
6679.479395200359,27.561131319744007,35.200458263388086
6680.3580439810175,27.562371723954605,35.20647659015636
6681.236692761677,27.56360442679876,35.21246334344135
6682.115341542336,27.56482939869369,35.2184190658751
6682.993990322995,27.566046610056613,35.2243443000897
6683.872639103654,27.567256031304744,35.23023958871722
6684.751287884313,27.568457632855306,35.23610547438973
6685.629936664972,27.569651385125514,35.24194249973932
6686.50858544563,27.570837258532595,35.24775120739805
6687.387234226289,27.572015223493757,35.25353213999802
6688.265883006949,27.573185250426228,35.259285840171295
6689.144531787608,27.574347309747218,35.265012850549944
6690.023180568266,27.575501371873948,35.27071371376605
6690.901829348925,27.57664740722364,35.2763889724517
6691.7804781295845,27.57778538621351,35.28203916923894
6692.659126910243,27.578915279260773,35.287664846759874
6693.537775690902,27.580037056782658,35.29326654764658
6694.416424471561,27.581150689196374,35.298844814531115
6695.29507325222,27.58225614691914,35.30440019004557
6696.173722032879,27.583353400368182,35.30993321682201
6697.052370813538,27.584442419960713,35.31544443749252
6697.931019594197,27.58552317611395,35.32093439468918
6698.809668374855,27.58659563924511,35.32640363104405
6699.688317155515,27.58765977977142,35.331852689189226
6700.566965936174,27.588715568110096,35.33728211175678
6701.445614716833,27.58976297467835,35.34269244137879
6702.324263497491,27.590801969893405,35.348084220687305
6703.2029122781505,27.591832524172485,35.35345799231443
6704.081561058809,27.592854607932797,35.35881429889224
6704.960209839468,27.593868191591568,35.364153683052805
6705.838858620127,27.594873245566014,35.369476687428204
6706.717507400786,27.595869740273354,35.37478385465051
6707.596156181446,27.596857646130804,35.38007572735181
6708.474804962104,27.59783693355559,35.38535284816416
6709.353453742763,27.59880757296492,35.39061575971965
6710.232102523421,27.59976953477602,35.395865004650354
6711.110751304081,27.600722789406106,35.40110112558835
6711.98940008474,27.6016673072724,35.40632466516573
6712.868048865399,27.602603058792113,35.411536166014535
6713.746697646057,27.60353001438247,35.41673617076686
6714.6253464267165,27.604448144460687,35.42192522205479
6715.503995207376,27.605357419443987,35.42710386251039
6716.382643988034,27.60625780974958,35.43227263476574
6717.261292768693,27.60714928579469,35.43743208145292
6718.139941549352,27.608031817996537,35.442582745204
6719.018590330012,27.608905376772338,35.44772516865107
6719.89723911067,27.609769932539304,35.452859894426176
6720.775887891329,27.61062545571467,35.45798746516142
6721.654536671988,27.611471916715644,35.463108423488876
6722.533185452647,27.61230928595944,35.468223312040614
6723.411834233306,27.61313753386328,35.47333267344872
6724.290483013965,27.613956630844395,35.47843705034526
6725.169131794624,27.614766547319988,35.48353698536231
6726.047780575283,27.615567253707283,35.48863302113195
6726.926429355942,27.616358720423495,35.49372570028627
6727.8050781366,27.617140917885852,35.49881556545732
6728.683726917259,27.61791381651156,35.5039031592772
6729.5623756979185,27.61867738671785,35.50898902437797
6730.441024478578,27.61943159892193,35.51407370339172
6731.319673259237,27.620176423541025,35.51915773895052
6732.198322039895,27.620911830992352,35.524241673686426
6733.076970820554,27.621637791693132,35.52932605023155
6733.955619601213,27.622354276060573,35.53441141121795
6734.834268381872,27.62306125451191,35.53949829927771
6735.712917162531,27.62375869746435,35.5445872570429
6736.59156594319,27.624446575335114,35.5496788271456
6737.470214723849,27.625124858541415,35.554773517036644
6738.348863504508,27.625793517500487,35.55987143827281
6739.227512285167,27.626452522629535,35.564972453075534
6740.106161065825,27.627101844345784,35.570076419775546
6740.9848098464845,27.62774145306645,35.57518319670355
6741.863458627144,27.628371319208746,35.58029264219023
6742.742107407803,27.628991413189905,35.58540461456631
6743.620756188461,27.62960170542713,35.59051897216249
6744.49940496912,27.630202169574034,35.59563557330948
6745.37805374978,27.630792858665988,35.60075427633798
6746.256702530438,27.63137390796865,35.60587493957869
6747.135351311097,27.631945456553975,35.61099742136231
6748.014000091756,27.63250764349391,35.61612158001957
6748.8926488724155,27.633060607860408,35.62124727388116
6749.771297653074,27.63360448872541,35.626374361277776
6750.649946433733,27.63413942516088,35.63150270054014
6751.528595214392,27.634665556238758,35.636632149998945
6752.4072439950505,27.635183021030997,35.6417625679849
6753.28589277571,27.63569195860955,35.646893812828715
6754.164541556369,27.636192508046374,35.652025742861085
6755.043190337028,27.636684808413403,35.657158216412725
6755.921839117686,27.6371689987826,35.66229109181433
6756.800487898346,27.637645218225913,35.66742422739662
6757.679136679004,27.638113605815292,35.67255748149028
6758.557785459663,27.638574300622686,35.67769071242603
6759.436434240322,27.639027441720053,35.68282377853457
6760.315083020982,27.639473168179332,35.68795653814661
6761.193731801641,27.63991161907248,35.693088849592854
6762.072380582299,27.640342933471448,35.698220571204
6762.951029362958,27.640767250448185,35.70335156131075
6763.829678143617,27.641184709074643,35.70848167824382
6764.708326924276,27.641595448422773,35.71361078033391
6765.586975704935,27.64199960756452,35.718738725911734
6766.465624485594,27.642397325571842,35.72386537330798
6767.3442732662525,27.642788741516682,35.72899058085336
6768.222922046912,27.643173994471002,35.73411420687859
6769.101570827571,27.643553223506743,35.73923610971437
6769.980219608229,27.643926567695857,35.744356147691384
6770.858868388888,27.644294166110292,35.74947417914037
6771.737517169548,27.64465615782201,35.75459006239201
6772.616165950207,27.64501268190295,35.75970365577702
6773.494814730865,27.645363877425066,35.764814817626096
6774.373463511524,27.645709883460313,35.76992340626996
6775.2521122921835,27.646050839080633,35.775029280039305
6776.130761072842,27.64638688335798,35.78013229726482
6777.009409853501,27.646718155364304,35.785232316277245
6777.88805863416,27.647044794171567,35.79032919540726
6778.766707414819,27.6473669388517,35.795422792985576
6779.645356195478,27.64768472847667,35.8005129673429
6780.524004976137,27.647998302118417,35.80559957680993
6781.402653756795,27.648307798848897,35.810682479717386
6782.281302537454,27.64861335774006,35.81576153439596
6783.159951318114,27.648915117863854,35.82083659917637
6784.038600098773,27.649213218292232,35.8259075323893
6784.917248879432,27.649507798097144,35.830974192365474
6785.79589766009,27.64979899635054,35.83603643743558
6786.6745464407495,27.650086952124376,35.841094125930354
6787.553195221408,27.650371804490593,35.84614711618046
6788.431844002067,27.650653692521143,35.85119526651664
6789.310492782726,27.650932755287982,35.85623843526957
6790.189141563385,27.65120913186306,35.86127648076998
6791.067790344044,27.651482961318326,35.86630926134855
6791.946439124703,27.651754382725734,35.87133663533601
6792.825087905362,27.652023535157227,35.876358461063035
6793.70373668602,27.652290557684758,35.88137459686036
6794.58238546668,27.65255558938028,35.886384901058676
6795.461034247339,27.652818769315743,35.8913892319887
6796.339683027998,27.6530802365631,35.89638744798111
6797.218331808656,27.653340130194298,35.90137940736664
6798.0969805893155,27.653598589281287,35.90636496847598
6798.975629369975,27.653855752896018,35.91134398963984
6799.854278150633,27.654111760110446,35.91631632918891
6800.732926931292,27.654366749996516,35.921281845453926
6801.611575711951,27.65462086162618,35.926240396765564
6802.490224492611,27.654874234071393,35.93119184145455
6803.368873273269,27.6551270064041,35.93613603785157
6804.247522053928,27.65537931769625,35.94107284428734
6805.126170834586,27.655631307019803,35.94600211909256
6806.004819615246,27.655883113446706,35.95092372059795
6806.883468395905,27.6561348760489,35.955837507134206
6807.762117176564,27.656386733898344,35.96074333703202
6808.640765957223,27.656638826066988,35.96564106862211
6809.519414737882,27.656891291626785,35.97053056023518
6810.398063518541,27.657144269649685,35.975411670201936
6811.276712299199,27.657397899207627,35.98028425685308
6812.155361079858,27.657652319372573,35.98514817851932
6813.0340098605175,27.657907669216474,35.99000329353136
6813.912658641177,27.65816408781128,35.99484946021989
6814.791307421835,27.658421714228936,35.99968653691564
6815.669956202494,27.658680687541402,36.004514381949306
6816.548604983153,27.658941146820617,36.00933285365159
6817.427253763812,27.659203231138534,36.014141810353195
6818.305902544471,27.65946707956711,36.01894111038483
6819.18455132513,27.659732831178296,36.0237306120772
6820.063200105789,27.660000625044038,36.02851017376102
6820.941848886448,27.660270600236284,36.03327965376697
6821.820497667107,27.66054289582699,36.03803891042578
6822.699146447766,27.660817650888102,36.04278780206814
6823.577795228424,27.661095004491575,36.04752618702476
6824.4564440090835,27.661375095709356,36.05225392362634
6825.335092789743,27.661658063613405,36.0569708702036
6826.213741570402,27.661944047275657,36.06167688508723
6827.09239035106,27.662233185768073,36.066371826607934
6827.971039131719,27.6625256181626,36.07105555309643
6828.849687912378,27.662821483531193,36.07572792288341
6829.728336693037,27.663120920945797,36.08038879429959
6830.606985473696,27.663424069478367,36.08503802567568
6831.485634254355,27.66373106820085,36.08967547534236
6832.3642830350145,27.664042056185195,36.09430100163036
6833.242931815673,27.664357172503358,36.09891446287036
6834.121580596332,27.66467655622729,36.1035157173931
6835.00022937699,27.665000346428936,36.10810462352925
6835.8788781576495,27.66532868218025,36.11268103960954
6836.757526938309,27.66566170255318,36.11724482396466
6837.636175718968,27.665999546619677,36.12179583492622
6838.514824499626,27.666342353451697,36.12633397962369
6839.393473280285,27.666690262121186,36.130859345188675
6840.272122060945,27.667043411700092,36.135372060247114
6841.150770841603,27.667401941260373,36.139872253425
6842.029419622262,27.66776598987397,36.1443600533483
6842.908068402921,27.668135696612843,36.148835588643
6843.786717183581,27.668511200548938,36.15329898793505
6844.665365964239,27.66889264075421,36.15775037985044
6845.544014744898,27.669280156300598,36.162189893015146
6846.422663525557,27.669673886260064,36.166617656055124
6847.301312306216,27.670073969704553,36.17103379759635
6848.179961086875,27.67048054570602,36.17543844626483
6849.058609867534,27.67089375333641,36.179831730686494
6849.937258648193,27.67131373166768,36.18421377948733
6850.8159074288515,27.67174061977177,36.18858472129332
6851.694556209511,27.672174556720645,36.19294468473042
6852.573204990169,27.672615681586247,36.197293798424624
6853.451853770828,27.67306413344053,36.2016321910019
6854.330502551487,27.67352005135544,36.20595999108821
6855.209151332147,27.67398357440293,36.210277327309534
6856.087800112806,27.674454841654946,36.21458432829184
6856.966448893464,27.674933992183448,36.21888112266111
6857.845097674123,27.67542116506038,36.22316783904331
6858.723746454782,27.675916499357697,36.227444606064424
6859.602395235441,27.676420134147342,36.23171155235041
6860.4810440161,27.676932208501274,36.235968806527254
6861.359692796759,27.677452861491435,36.24021649722093
6862.2383415774175,27.677982232189784,36.24445475305738
6863.116990358077,27.678520459668274,36.24868370266263
6863.995639138736,27.67906768299884,36.25290347466261
6864.874287919394,27.679624041253447,36.257114197683315
6865.752936700053,27.680189673504042,36.2613160003507
6866.631585480713,27.680764717874286,36.26550901129076
6867.510234261372,27.68134921782694,36.26969335912946
6868.38888304203,27.681943042897462,36.27386917249277
6869.267531822689,27.682546043956165,36.27803658000667
6870.1461806033485,27.683158071873365,36.28219571029711
6871.024829384007,27.68377897751937,36.28634669199008
6871.903478164666,27.684408611764507,36.290489653711575
6872.782126945325,27.68504682547907,36.29462472408754
6873.660775725984,27.685693469533394,36.29875203174395
6874.539424506643,27.68634839479778,36.302871705306785
6875.418073287302,27.687011452142542,36.30698387340202
6876.296722067961,27.687682492437993,36.31108866465563
6877.175370848619,27.688361366554457,36.31518620769356
6878.054019629279,27.68904792536224,36.319276631141825
6878.932668409938,27.689742019731657,36.32336006362638
6879.811317190597,27.69044350053302,36.32743663377319
6880.689965971255,27.691152218636645,36.33150647020823
6881.5686147519145,27.69186802491285,36.335569701557496
6882.447263532573,27.69259077023194,36.339626456446936
6883.325912313232,27.69332030546424,36.34367686350253
6884.204561093891,27.694056481480054,36.34772105135025
6885.08320987455,27.6947991491497,36.351759148616075
6885.96185865521,27.69554815934349,36.35579128392598
6886.840507435868,27.69630336293174,36.35981758590592
6887.719156216527,27.69706461078476,36.36383818318189
6888.597804997185,27.69783175377287,36.36785320437985
6889.476453777845,27.69860464276638,36.37186277812578
6890.355102558504,27.699383128635606,36.37586703304565
6891.233751339163,27.70016706225086,36.379866097765444
6892.112400119821,27.700956294482452,36.38386010091111
6892.991048900481,27.701750676200707,36.38784917110864
6893.86969768114,27.70255005827593,36.39183343698401
6894.748346461798,27.703354291578435,36.39581302716317
6895.626995242457,27.70416322697854,36.39978807027213
6896.5056440231165,27.704976715346557,36.40375869493683
6897.384292803776,27.705794607552797,36.40772502978326
6898.262941584434,27.706616754467582,36.41168720343739
6899.141590365093,27.707443006961217,36.41564534452519
6900.020239145752,27.708273215904022,36.419599581672635
6900.898887926411,27.709107232166303,36.4235500435057
6901.77753670707,27.709944906618382,36.42749685865036
6902.656185487729,27.71078609013057,36.43144015573259
6903.534834268388,27.711630633573183,36.43538006337835
6904.413483049047,27.712478387816525,36.43931671021362
6905.292131829706,27.71332920373093,36.44325022486437
6906.170780610364,27.714182932186688,36.447180735956586
6907.049429391023,27.715039424054133,36.45110837211624
6907.9280781716825,27.715898530203564,36.45503326196928
6908.806726952342,27.716760101505304,36.458955534141715
6909.685375733001,27.71762398882966,36.46287531725949
6910.564024513659,27.718490043046955,36.46679273994859
6911.442673294318,27.7193581150275,36.47070793083498
6912.321322074977,27.720228055641602,36.47462101854465
6913.199970855636,27.721099715759582,36.47853213170357
6914.078619636295,27.721972946251746,36.482441398937695
6914.957268416954,27.722847597988423,36.48634894887301
6915.835917197613,27.72372352183991,36.49025491013549
6916.714565978272,27.724600568676532,36.49415941135111
6917.593214758931,27.725478589368596,36.49806258114583
6918.471863539589,27.72635743478642,36.50196454814564
6919.3505123202485,27.727236955800315,36.50586544097651
6920.229161100908,27.7281170032806,36.50976538826439
6921.107809881567,27.728997428097585,36.51366451863529
6921.986458662225,27.729878081121587,36.51756296071515
6922.865107442884,27.730758813222913,36.52146084312997
6923.743756223544,27.73163947527188,36.52535829450571
6924.622405004202,27.732519918138802,36.52925544346834
6925.501053784861,27.733399992693997,36.533152418643844
6926.37970256552,27.734279549807777,36.537049348658186
6927.25835134618,27.735158440350457,36.54094636213734
6928.137000126838,27.736036515192342,36.54484358770728
6929.015648907497,27.736913625203755,36.54874115399398
6929.894297688155,27.737789621255008,36.55263918962342
6930.772946468815,27.73866435421641,36.556537823221554
6931.651595249474,27.73953767495829,36.56043718341438
6932.530244030133,27.74040943435094,36.56433739882786
6933.408892810792,27.74127948326469,36.56823859808796
6934.2875415914505,27.742147672569846,36.57214090982066
6935.16619037211,27.74301385313673,36.576044462651936
6936.044839152768,27.743877875835643,36.57994938520775
6936.923487933427,27.744739591536913,36.58385580611409
6937.802136714086,27.745598851110845,36.587763853996925
6938.680785494746,27.746455505427758,36.59167365748222
6939.559434275404,27.747309405357957,36.59558534519595
6940.438083056063,27.748160401771763,36.599499045764105
6941.316731836722,27.74900834553949,36.603414887812626
6942.195380617381,27.749853087531452,36.60733299996752
6943.07402939804,27.75069447861796,36.61125351085474
6943.952678178699,27.751532369669327,36.615176549100255
6944.831326959358,27.752366611555875,36.61910224333007
6945.7099757400165,27.753197055147908,36.62303072217012
6946.588624520676,27.75402355131575,36.626962114246396
6947.467273301335,27.754845950929703,36.630896548184865
6948.345922081993,27.755664104860088,36.63483415261151
6949.224570862652,27.756477863977217,36.638775056152305
6950.103219643312,27.757287079151407,36.64271938743321
6950.981868423971,27.758091601252968,36.646667275080205
6951.860517204629,27.758891281152216,36.65061884771925
6952.739165985288,27.759685969719463,36.65457423397635
6953.617814765947,27.76047551782503,36.65853356247745
6954.496463546606,27.761259776339216,36.66249696184853
6955.375112327265,27.76203859613235,36.666464560715575
6956.253761107924,27.76281182807474,36.67043648770455
6957.132409888583,27.763579323036698,36.67441287144141
6958.011058669242,27.764340931888537,36.67839384055216
6958.889707449901,27.765096505500576,36.68237952366276
6959.768356230559,27.765845894743123,36.68637004939917
6960.647005011218,27.766588950486497,36.69036554638739
6961.525653791878,27.767325523601013,36.69436614325337
6962.404302572537,27.76805546495698,36.698371968623086
6963.282951353195,27.768778625424712,36.70238315112252
6964.161600133854,27.769494855874527,36.70639981937764
6965.0402489145135,27.770204007176737,36.71042210201443
6965.918897695172,27.770905930201653,36.714450127658836
6966.797546475831,27.771600475819596,36.71848402493687
6967.67619525649,27.772287494900873,36.722523922474466
6968.554844037149,27.7729668383158,36.72656994889763
6969.433492817808,27.773638356934686,36.73062223283231
6970.312141598467,27.774301901627858,36.73468090290449
6971.190790379126,27.774957323265618,36.73874608774015
6972.069439159784,27.775604472718282,36.74281791596525
6972.948087940444,27.776243200856165,36.74689651620577
6973.826736721103,27.776873358549587,36.75098201708768
6974.705385501762,27.77749479666885,36.755074547236966
6975.58403428242,27.778107366084278,36.75917423527958
6976.46268306308,27.778710917666178,36.763281209841516
6977.341331843738,27.77930530228487,36.76739559954873
6978.219980624397,27.779890370810666,36.77151753302719
6979.098629405056,27.780465974113877,36.775647138902904
6979.9772781857155,27.781031963064816,36.77978454580181
6980.855926966375,27.781588188533803,36.7839298823499
6981.734575747033,27.78213450210593,36.78808327692254
6982.613224527692,27.782670847944786,36.79224482543795
6983.4918733083505,27.783197353387415,36.79641455959541
6984.37052208901,27.78371416729472,36.80059250354816
6985.249170869669,27.784221438527602,36.80477868144941
6986.127819650328,27.78471931594696,36.8089731174524
6987.006468430986,27.785207948413692,36.81317583571034
6987.885117211646,27.785687484788713,36.817386860376466
6988.763765992305,27.786158073932917,36.82160621560398
6989.642414772963,27.786619864707205,36.82583392554613
6990.521063553622,27.787073005972488,36.83007001435614
6991.3997123342815,27.787517646589656,36.834314506187205
6992.278361114941,27.787953935419615,36.838567425192586
6993.157009895599,27.788382021323272,36.84282879552548
6994.035658676258,27.78880205316153,36.84709864133913
6994.914307456917,27.78921417979528,36.851376986786754
6995.792956237576,27.789618550085436,36.855663856021565
6996.671605018235,27.79001531289289,36.8599592731968
6997.550253798894,27.790404617078554,36.864263262465684
6998.428902579553,27.79078661150333,36.86857584798144
6999.307551360212,27.79116144502811,36.872897053897276
7000.186200140871,27.791529266513802,36.87722690436644
7001.06484892153,27.79189022482131,36.88156542354214
7001.943497702188,27.792244468811536,36.88591263557761
7002.8221464828475,27.792592147345374,36.89026856462607
7003.700795263507,27.792933409283737,36.89463323484074
7004.579444044166,27.793268403487524,36.89900667037485
7005.458092824824,27.793597278817632,36.903388895381624
7006.336741605483,27.79392018413497,36.907779934014286
7007.215390386142,27.794237268300435,36.912179810426046
7008.094039166801,27.79454868017493,36.91658854877016
7008.97268794746,27.794854568619357,36.92100617319983
7009.851336728119,27.795155082494627,36.925432707868275
7010.729985508779,27.79545037066163,36.92986817692873
7011.608634289437,27.79574058198127,36.93431260453441
7012.487283070096,27.796025865314455,36.93876601483855
7013.365931850754,27.796306369522082,36.94322843199437
7014.244580631414,27.796582243465057,36.947699880155106
7015.123229412073,27.796853636004283,36.95218038347395
7016.001878192732,27.797120696000654,36.956669966104165
7016.88052697339,27.797383572315077,36.96116865219894
7017.7591757540495,27.79764241380846,36.96567646591152
7018.637824534709,27.797897369341698,36.97019343139514
7019.516473315367,27.79814858777569,36.97471957280299
7020.395122096026,27.798396217971348,36.97925491428832
7021.273770876685,27.798640408789566,36.98379948000435
7022.152419657345,27.79888130909125,36.9883532941043
7023.031068438003,27.799119067737305,36.99291638074139
7023.909717218662,27.799353833588626,36.99748876406886
7024.788365999321,27.79958575550612,37.00207046823992
7025.66701477998,27.799814982350686,37.0066615174078
7026.545663560639,27.800041662983233,37.01126193572573
7027.424312341298,27.80026594626465,37.01587174734691
7028.302961121957,27.800487981055856,37.02049097642459
7029.1816099026155,27.800707916217736,37.02511964711198
7030.060258683275,27.800925900611205,37.02975778356231
7030.938907463933,27.801142083097158,37.0344054099288
7031.817556244592,27.8013566125365,37.03906255036469
7032.696205025251,27.801569637790134,37.043729229023185
7033.574853805911,27.80178130771896,37.04840547005752
7034.45350258657,27.801991771183882,37.0530912976209
7035.332151367228,27.802201177045802,37.05778673586658
7036.210800147887,27.80240967416562,37.06249180894776
7037.089448928546,27.802617411404242,37.067206541017676
7037.968097709205,27.802824537622566,37.07193095622955
7038.846746489864,27.803031201681492,37.07666507873661
7039.725395270523,27.80323755244193,37.081408932692064
7040.6040440511815,27.803443738764777,37.086162542249156
7041.482692831841,27.803649909510938,37.090925931561095
7042.3613416125,27.803856213541312,37.09569912478111
7043.239990393158,27.8040627997168,37.100482146062426
7044.118639173817,27.80426981689831,37.105275019558285
7044.997287954477,27.804477413946742,37.11007776942188
7045.875936735136,27.804685739722988,37.11489041980645
7046.754585515794,27.804894943087966,37.11971299486522
7047.633234296453,27.805105172902568,37.124545518751404
7048.5118830771125,27.805316578027703,37.129388015618254
7049.390531857771,27.805529307324267,37.13424050961896
7050.26918063843,27.805743509653166,37.139103024906774
7051.147829419089,27.805959333875297,37.1439755856349
7052.026478199748,27.80617692885157,37.14885821595657
7052.905126980407,27.806396443442875,37.153750940025
7053.783775761066,27.80661802651013,37.15865378199342
7054.662424541724,27.806841826914226,37.163566766015066
7055.541073322383,27.807067993516068,37.16848991624315
7056.419722103043,27.807296675176563,37.1734232568309
7057.298370883702,27.807528020756603,37.17836681193154
7058.177019664361,27.807762179117095,37.18332060569829
7059.055668445019,27.807999299118947,37.188284662284374
7059.934317225679,27.80823952962305,37.193259005843025
7060.812966006337,27.808483019490314,37.19824366052746
7061.691614786996,27.808729917581644,37.203238650490896
7062.570263567655,27.80898037275793,37.20824399988658
7063.4489123483145,27.809234533880083,37.213259732867705
7064.327561128973,27.809492549809008,37.21828587358752
7065.206209909632,27.8097545694056,37.22332244619925
7066.084858690291,27.81002074153076,37.22836947485609
7066.9635074709495,27.8102912150454,37.2334269837113
7067.842156251609,27.81056613881041,37.238494996918085
7068.720805032268,27.810845661686702,37.24357353862967
7069.599453812927,27.811129932535177,37.24866263299929
7070.478102593585,27.811419100216728,37.25376230418016
7071.356751374245,27.811713313592264,37.258872576325494
7072.235400154904,27.812012721522688,37.26399347358854
7073.114048935562,27.81231747286891,37.2691250201225
7073.992697716221,27.81262771649181,37.27426724008061
7074.8713464968805,27.812943601252307,37.2794201576161
7075.74999527754,27.813265276011304,37.284583796882174
7076.628644058198,27.813592889629696,37.289758182032074
7077.507292838857,27.813926590968382,37.294943337219024
7078.3859416195155,27.81426652888828,37.300139286596234
7079.264590400175,27.81461285225027,37.30534605431694
7080.143239180834,27.81496570991527,37.31056366453437
7081.021887961493,27.815325250744184,37.31579214140173
7081.900536742152,27.8156916235979,37.32103150907227
7082.779185522811,27.81606497733733,37.32628179169918
7083.65783430347,27.81644546082338,37.33154301343571
7084.536483084128,27.81683322291694,37.33681519843508
7085.415131864787,27.81722841247892,37.342098370850515
7086.2937806454465,27.817631178370224,37.34739255483524
7087.172429426106,27.81804166945175,37.35269777454248
7088.051078206764,27.818460034584398,37.35801405412544
7088.929726987423,27.818886422629074,37.36334141773735
7089.808375768082,27.81932098244668,37.36867988953147
7090.687024548741,27.819763862898117,37.37402949366098
7091.5656733294,27.82021521284429,37.37939025427913
7092.444322110059,27.820675181146097,37.384762195539125
7093.322970890718,27.82114391666444,37.39014534159421
7094.201619671377,27.821621568260227,37.39553971659759
7095.080268452036,27.822108284794357,37.40094534470251
7095.958917232695,27.822604215127726,37.40636225006217
7096.837566013353,27.823109508121238,37.411790456829806
7097.716214794013,27.82362431263581,37.41722998915865
7098.594863574672,27.824148777532322,37.42268087120192
7099.473512355331,27.82468305167169,37.42814312711283
7100.352161135989,27.82522728391482,37.43361678104461
7101.2308099166485,27.825781623122598,37.43910185715051
7102.109458697307,27.82634621815594,37.44459837958371
7102.988107477966,27.826921217875743,37.45010637249746
7103.866756258625,27.827506771142904,37.45562586004498
7104.745405039284,27.828103026818333,37.4611568663795
7105.624053819944,27.828710133762936,37.46669941565423
7106.502702600602,27.8293282408376,37.472253532022414
7107.381351381261,27.82995749690324,37.47781923963725
7108.260000161919,27.83059805082075,37.48339656265198
7109.138648942579,27.831250051451043,37.488985525219825
7110.017297723238,27.83191364765501,37.49458615149402
7110.895946503897,27.832588988293562,37.50019846562777
7111.774595284555,27.833276192261525,37.5058224917743
7112.6532440652145,27.833975182038305,37.51145825408685
7113.531892845874,27.83468580099815,37.51710577671864
7114.410541626532,27.835407892298043,37.52276508382288
7115.289190407191,27.83614129909498,37.5284361995528
7116.16783918785,27.836885864545938,37.53411914806164
7117.04648796851,27.83764143180791,37.53981395350261
7117.925136749168,27.83840784403788,37.54552064002893
7118.803785529827,27.83918494439284,37.55123921203574
7119.682434310486,27.83997257602978,37.55696942853557
7120.561083091145,27.840770582105677,37.56271088244371
7121.439731871804,27.841578805777523,37.568463163535405
7122.318380652463,27.842397090202304,37.574225861585866
7123.197029433122,27.84322527853701,37.57999856637032
7124.0756782137805,27.844063213938618,37.58578086766398
7124.95432699444,27.84491073956413,37.591572355242086
7125.832975775099,27.84576769857053,37.597372618879845
7126.711624555757,27.846633934114795,37.603181248352485
7127.590273336416,27.847509289353926,37.608997833435225
7128.468922117076,27.848393607444894,37.6148219639033
7129.347570897735,27.8492867315447,37.62065322953192
7130.226219678393,27.850188504810326,37.626491220096305
7131.104868459052,27.85109877039876,37.632335525371694
7131.983517239711,27.852017371466985,37.63818573513328
7132.86216602037,27.852944151171993,37.64404143915631
7133.740814801029,27.85387895267077,37.64990222721602
7134.619463581688,27.854821619120305,37.6557676890876
7135.4981123623475,27.85577199367758,37.66163741454628
7136.376761143006,27.856729919499585,37.667510993367294
7137.255409923665,27.857695239743308,37.67338801532586
7138.134058704323,27.858667797565733,37.67926807019719
7139.0127074849825,27.85964743612385,37.68515074775652
7139.891356265642,27.860633998574645,37.69103563777907
7140.770005046301,27.861627328075112,37.69692233004006
7141.648653826959,27.862627267782223,37.70281041431471
7142.527302607618,27.86363366085298,37.70869948037826
7143.405951388278,27.86464635044436,37.714589118005904
7144.284600168936,27.865665179713353,37.72047891697287
7145.163248949595,27.866689991816955,37.72636846705441
7146.041897730254,27.86772062991214,37.73225735802571
7146.9205465109135,27.868756937155897,37.73814517966202
7147.799195291572,27.869798756705222,37.74403152173853
7148.677844072231,27.870845931717096,37.7499159740305
7149.55649285289,27.871898305348502,37.75579812631313
7150.4351416335485,27.872955720756437,37.76167756836165
7151.313790414208,27.874018021097882,37.76755388995128
7152.192439194867,27.875085049529822,37.773426680857234
7153.071087975526,27.876156649209253,37.77929553085476
7153.949736756184,27.877232663293153,37.785160029719044
7154.828385536844,27.878312934938517,37.791019767225336
7155.707034317502,27.879397307302323,37.79687433314885
7156.585683098161,27.880485623541563,37.80272331726481
7157.46433187882,27.88157772681323,37.80856630934844
7158.3429806594795,27.882673460274297,37.814402899174965
7159.221629440139,27.883772667081764,37.820232676519595
7160.100278220797,27.884875190392613,37.82605523115756
7160.978927001456,27.885980873363827,37.831870152864084
7161.8575757821145,27.887089559152404,37.83767703141437
7162.736224562774,27.88820109091532,37.84347545658368
7163.614873343433,27.889315311809572,37.849265018147214
7164.493522124092,27.89043206499214,37.85504530588019
7165.37217090475,27.891551193620007,37.860815909557836
7166.25081968541,27.892672540850175,37.86657641895538
7167.129468466069,27.89379594983962,37.87232642384803
7168.008117246727,27.894921263745328,37.87806551401101
7168.886766027386,27.89604832572429,37.88379327921957
7169.7654148080455,27.897176978933498,37.8895093092489
7170.644063588705,27.898307066529934,37.895213193874234
7171.522712369363,27.89943843167058,37.9009045228708
7172.401361150022,27.90057091751243,37.906582886013815
7173.280009930681,27.901704367212467,37.912247873078506
7174.15865871134,27.902838623927682,37.917899073840076
7175.037307491999,27.90397353081506,37.923536078073774
7175.915956272658,27.905108931031595,37.92915847555481
7176.794605053317,27.906244667734263,37.93476585605841
7177.673253833976,27.90738058408005,37.94035780935978
7178.551902614635,27.90851652322596,37.94593392523417
7179.430551395293,27.90965232832896,37.95149379345679
7180.309200175952,27.910787842546053,37.95703700380286
7181.187848956612,27.911922909034214,37.96256314604761
7182.066497737271,27.91305737095044,37.96807180996625
7182.94514651793,27.914191071451715,37.97356258533401
7183.823795298588,27.91532385369502,37.979035061926105
7184.7024440792475,27.91645556083735,37.98448882951777
7185.581092859906,27.917586036035686,37.98992347788422
7186.459741640565,27.91871512244702,37.995338596800686
7187.338390421224,27.919842663228337,38.00073377604238
7188.217039201883,27.920968501536624,38.006108605384526
7189.095687982542,27.922092480528867,38.01146267460234
7189.974336763201,27.923214443362063,38.016795573471065
7190.85298554386,27.924334233193186,38.022106891765915
7191.731634324518,27.925451693179223,38.027396219262094
7192.610283105178,27.926566666477168,38.03266314573485
7193.488931885837,27.927678996244012,38.03790726095939
7194.367580666496,27.92878852563673,38.043128154710956
7195.246229447154,27.929895097812317,38.04832541676474
7196.1248782278135,27.93099855592776,38.05349863689599
7197.003527008473,27.93209874314005,38.05864740487991
7197.882175789131,27.933195502606164,38.063771310491724
7198.76082456979,27.934288677483092,38.06886994350668
7199.639473350449,27.935378110927825,38.073942893699964
7200.518122131109,27.936463646097348,38.07898975084684
7201.396770911767,27.937545126148645,38.08401010472249
7202.275419692426,27.93862239423871,38.08900354510215
7203.154068473084,27.939695293524522,38.09396966176105
7204.032717253744,27.940763667163083,38.09890804447441
7204.911366034403,27.94182735831136,38.10381828301746
7205.790014815062,27.942886210126357,38.10869996716541
7206.668663595721,27.943940065765048,38.11355268669348
7207.5473123763795,27.94498876838443,38.1183760313769
7208.425961157039,27.94603216114149,38.12316959099089
7209.304609937697,27.947070087193204,38.127932955310676
7210.183258718356,27.94810238969657,38.13266571411148
7211.061907499015,27.94912891180857,38.13736745716852
7211.940556279675,27.950149496686198,38.14203777425703
7212.819205060333,27.95116398748643,38.1466762551522
7213.697853840992,27.952172227366262,38.151282489629295
7214.576502621651,27.953174059482677,38.15585606746351
7215.45515140231,27.954169326992666,38.16039657843008
7216.333800182969,27.95515787305321,38.16490361230422
7217.212448963628,27.956139540821304,38.16937675886116
7218.091097744287,27.95711417345393,38.173815607876115
7218.969746524946,27.958081614108075,38.17821974912431
7219.848395305605,27.959041705940724,38.182588772380974
7220.727044086264,27.959994292108867,38.186922267421316
7221.605692866922,27.960939215769493,38.191219824020564
7222.4843416475815,27.961876320079593,38.195481031953946
7223.362990428241,27.962805448196143,38.1997054809967
7224.2416392089,27.963726443276137,38.203892760924006
7225.120287989558,27.964639148476557,38.20804246151111
7225.998936770217,27.9655434069544,38.21215417253324
7226.877585550876,27.966439061866645,38.21622768976687
7227.756234331535,27.96732595637028,38.220264279707756
7228.634883112194,27.96820393362229,38.2242658483101
7229.513531892853,27.96907283677967,38.22823430414504
7230.3921806735125,27.969932508999403,38.232171555783765
7231.270829454171,27.970782793438474,38.23607951179741
7232.14947823483,27.971623533253876,38.239960080757164
7233.028127015488,27.972454571602587,38.24381517123417
7233.9067757961475,27.973275751641598,38.2476466917996
7234.785424576807,27.974086916527902,38.251456551024624
7235.664073357466,27.974887909418477,38.255246657480384
7236.542722138124,27.97567857347032,38.25901891973806
7237.421370918783,27.976458751840408,38.26277524636882
7238.300019699443,27.977228287685737,38.26651754594381
7239.178668480101,27.977987024163284,38.27024772703421
7240.05731726076,27.978734804430044,38.273967698211166
7240.935966041419,27.979471471643002,38.27767936804585
7241.8146148220785,27.980196868959148,38.28138464510943
7242.693263602737,27.98091083953546,38.28508543797307
7243.571912383396,27.981613226528935,38.28878365520792
7244.450561164055,27.98230387309656,38.29248120538515
7245.3292099447135,27.982982622395316,38.29617999707592
7246.207858725373,27.983649317582195,38.29988193885139
7247.086507506032,27.98430380181418,38.30358893928274
7247.965156286691,27.98494591997326,38.30730290694112
7248.843805067349,27.98557574036316,38.3110257503977
7249.722453848009,27.986193773344187,38.31475937822362
7250.601102628668,27.986800581220635,38.31850569899008
7251.479751409326,27.987396726296815,38.32226662126822
7252.358400189985,27.987982770877032,38.3260440536292
7253.2370489706445,27.9885592772656,38.32983990464419
7254.115697751304,27.989126807766823,38.33365608288435
7254.994346531962,27.98968592468501,38.33749449692086
7255.872995312621,27.99023719032446,38.34135705532486
7256.7516440932795,27.990781166989496,38.34524566666752
7257.630292873939,27.991318416984416,38.34916223952002
7258.508941654598,27.991849502613533,38.353108682453495
7259.387590435257,27.992374986181147,38.35708690403913
7260.266239215916,27.992895429991574,38.36109881284807
7261.144887996575,27.993411396349117,38.36514631745149
7262.023536777234,27.99392344755809,38.369231326420554
7262.902185557892,27.994432145922787,38.373355748326425
7263.780834338551,27.99493805374753,38.37752149174026
7264.659483119211,27.99544173333662,38.38173046523322
7265.53813189987,27.995943746994364,38.385984577376476
7266.416780680528,27.996444657025073,38.390285736741184
7267.295429461187,27.99694502573305,38.394635851898514
7268.1740782418465,27.997445415422614,38.39903683141962
7269.052727022505,27.997946388398056,38.40349058387568
7269.931375803164,27.998448506963697,38.407999017837845
7270.810024583823,27.998952333423844,38.412564041877275
7271.688673364482,27.9994584300828,38.417187564565154
7272.567322145141,27.999967359244867,38.42187149447261
7273.4459709258,28.000479683214365,38.42661774017084
7274.324619706459,28.000995964295598,38.43142821023098
7275.203268487117,28.001516764792868,38.436304813224226
7276.081917267777,28.002042647010484,38.44124945772171
7276.960566048436,28.00257417325276,38.446264052294616
7277.839214829095,28.003111905824007,38.451350505514085
7278.717863609753,28.003656407028515,38.45651072595129
7279.5965123904125,28.00420823917061,38.46174662217741
7280.475161171071,28.00476796455459,38.46706010276357
7281.35380995173,28.005336145484762,38.47245307628098
7282.232458732389,28.00591334426544,38.47792745130078
7283.111107513048,28.006500123200933,38.48348513639412
7283.989756293708,28.007097044595536,38.489128040132194
7284.868405074366,28.007704670753572,38.494858071086135
7285.747053855025,28.008323563979342,38.50067713782712
7286.625702635683,28.008954286577147,38.506587148926315
7287.504351416343,28.009597400851305,38.512590012954874
7288.383000197002,28.01025346910612,38.51868763848397
7289.261648977661,28.010923053645904,38.52488193408476
7290.140297758319,28.011606716774953,38.531174808328394
7291.0189465389785,28.012305020797587,38.53756816978607
7291.897595319638,28.013018528018108,38.544063927028915
7292.776244100296,28.013747800740827,38.55066398862811
7293.654892880955,28.014493401270045,38.557370263154816
7294.533541661614,28.015255891910076,38.56418465918019
7295.412190442274,28.016035834965226,38.57110908527541
7296.290839222932,28.01683379273981,38.57814545001163
7297.169488003591,28.017650327538117,38.585295661960004
7298.04813678425,28.01848600166447,38.5925616296917
7298.926785564909,28.019341377423178,38.59994482097933
7299.805434345568,28.02021701711854,38.60744445277967
7300.684083126227,28.021113483054865,38.61505902549387
7301.562731906886,28.02203133753647,38.62278703922028
7302.441380687545,28.02297114286765,38.63062699405726
7303.320029468204,28.02393346135272,38.638577390103165
7304.198678248862,28.024918855295986,38.64663672745637
7305.077327029521,28.025927887001757,38.654803506215195
7305.9559758101805,28.026961118774338,38.66307622647804
7306.83462459084,28.02801911291804,38.671453388343224
7307.713273371499,28.02910243173717,38.67993349190913
7308.591922152157,28.030211637536034,38.68851503727408
7309.470570932816,28.031347292618943,38.69719652453648
7310.349219713475,28.0325099592902,38.70597645379463
7311.227868494134,28.033700199854113,38.71485332514694
7312.106517274793,28.034918576615,38.72382563869173
7312.985166055452,28.03616563812957,38.73289189452736
7313.863814836111,28.037441669700332,38.74205059275219
7314.74246361677,28.038746719807015,38.7513002334646
7315.621112397429,28.040080828486627,38.76063931676291
7316.499761178087,28.041444035776156,38.77006634274549
7317.3784099587465,28.042836381712593,38.7795798115107
7318.257058739406,28.044257906332952,38.7891782231569
7319.135707520065,28.045708649674218,38.798860077782436
7320.014356300723,28.047188651773386,38.808623875485665
7320.893005081382,28.048697952667464,38.81846811636495
7321.771653862042,28.05023659239344,38.828391300518646
7322.6503026427,28.051804610988313,38.838391928045084
7323.528951423359,28.05340204848909,38.84846849904267
7324.407600204018,28.05502894493275,38.858619513609725
7325.2862489846775,28.056685340356303,38.86884347184461
7326.164897765336,28.058371274796745,38.87913887384568
7327.043546545995,28.060086788291066,38.889504219711306
7327.922195326653,28.06183192087627,38.89993800953982
7328.8008441073125,28.06360671258935,38.9104387434296
7329.679492887972,28.06541120346731,38.92100492147899
7330.558141668631,28.06724543354714,38.93163504378636
7331.43679044929,28.06910944286584,38.94232761045006
7332.315439229948,28.071003271460405,38.95308112156841
7333.194088010608,28.07292695936783,38.96389407723983
7334.072736791266,28.07488054662512,38.974764977562614
7334.951385571925,28.076864073269274,38.985692322635174
7335.830034352584,28.078877579337274,38.996674612555836
7336.7086831332435,28.080921104866132,39.007710347422965
7337.587331913902,28.082994689892836,39.018798027334896
7338.465980694561,28.085098374454383,39.02993615239002
7339.34462947522,28.08723219858778,39.041123222686664
7340.2232782558785,28.089396202330015,39.052357738323195
7341.101927036538,28.091590425718085,39.06363819939798
7341.980575817197,28.09381490878899,39.07496310600936
7342.859224597856,28.096069691579732,39.0863309582557
7343.737873378514,28.098354814127298,39.09774025623534
7344.616522159174,28.10067031646869,39.109189500046654
7345.495170939833,28.103016238640915,39.120677189788
7346.373819720491,28.10539262068095,39.13220182555771
7347.25246850115,28.107799502625802,39.14376190745417
7348.13111728181,28.110236924512474,39.15535593557572
7349.009766062469,28.11270492637796,39.16698241002073
7349.888414843127,28.115203548259245,39.178639830887526
7350.767063623786,28.117732830193344,39.1903266982745
7351.645712404445,28.12029281221724,39.20204151227996
7352.524361185104,28.12288353436794,39.21378277300233
7353.403009965763,28.12550503668244,39.22554898053991
7354.281658746422,28.12815735919773,39.2373386349911
7355.160307527081,28.130840541950814,39.249150236454206
7356.03895630774,28.13355462497868,39.260982285027616
7356.917605088399,28.136299648318342,39.272833280809685
7357.796253869057,28.139075652006778,39.28470172389875
7358.674902649716,28.141882676080996,39.2965861143932
7359.553551430376,28.144720760577997,39.308484952391375
7360.432200211035,28.14758994553477,39.32039673799162
7361.310848991693,28.150490270988307,39.33231997129229
7362.189497772352,28.15342177697562,39.34425315239177
7363.0681465530115,28.156384503533697,39.35619478318933
7363.94679533367,28.15937849069953,39.36814367890754
7364.825444114329,28.162403778510132,39.38009932287224
7365.704092894988,28.165460407002488,39.39206128419611
7366.582741675647,28.168548416213604,39.4040291319919
7367.461390456306,28.17166784618046,39.416002435372306
7368.340039236965,28.174818736940068,39.427980763450066
7369.218688017624,28.178001128529424,39.439963685337894
7370.097336798282,28.18121506098552,39.45195077014851
7370.975985578942,28.184460574345355,39.46394158699464
7371.854634359601,28.18773770864593,39.475935704989006
7372.73328314026,28.191046503924237,39.48793269324433
7373.611931920918,28.194387000217272,39.499932120873304
7374.4905807015775,28.19775923756204,39.51193355698869
7375.369229482237,28.20116325599553,39.5239365707032
7376.247878262895,28.204599095554745,39.53594073112952
7377.126527043554,28.208066796276672,39.54794560738042
7378.005175824213,28.211566398198325,39.55995076856859
7378.883824604873,28.21509794135669,39.571955783806764
7379.762473385531,28.21866146578876,39.58396022220764
7380.64112216619,28.222257011531543,39.59596365288397
7381.519770946848,28.22588461862203,39.60796564494844
7382.398419727508,28.229544327097216,39.619965767513825
7383.277068508167,28.233236176994108,39.631963589692795
7384.155717288826,28.23696020834969,39.643958680598104
7385.034366069485,28.24071643580285,39.65595060934245
7385.913014850144,28.244504558564472,39.66793894503854
7386.791663630803,28.248324062335175,39.67992325679914
7387.670312411461,28.25217442877911,39.691903113736934
7388.54896119212,28.256055139560445,39.703878084964664
7389.4276099727795,28.259965676343352,39.71584773959504
7390.306258753439,28.263905520791983,39.72781164674078
7391.184907534097,28.267874154570507,39.73976937551461
7392.063556314756,28.27187105934309,39.75172049502926
7392.942205095415,28.275895716773903,39.763664574397446
7393.820853876074,28.279947608527088,39.77560118273187
7394.699502656733,28.28402621626684,39.78752988914527
7395.578151437392,28.288131021657303,39.79945026275037
7396.456800218051,28.292261506362653,39.81136187265989
7397.33544899871,28.296417152047038,39.82326428798652
7398.214097779369,28.300597440374634,39.83515707784303
7399.092746560028,28.30480185300961,39.84703981134211
7399.971395340686,28.30902987161612,39.858912057596484
7400.8500441213455,28.313280977858337,39.870773385718884
7401.728692902005,28.31755465340042,39.88262336482203
7402.607341682664,28.321850379906536,39.894461564018634
7403.485990463322,28.32616763904084,39.906287552421404
7404.364639243981,28.33050591246752,39.91810089914309
7405.24328802464,28.334864681850714,39.929901173296386
7406.121936805299,28.3392434288546,39.94168794399405
7407.000585585958,28.34364163514335,39.953460780348756
7407.879234366617,28.34805878238111,39.965219251473265
7408.7578831472765,28.352494352232053,39.97696292648027
7409.636531927935,28.356947826360344,39.9886913744825
7410.515180708594,28.36141868643015,40.00040416459269
7411.393829489252,28.365906414105627,40.01210086592353
7412.2724782699115,28.370410491050954,40.023781047587775
7413.151127050571,28.37493039893028,40.03544427869813
7414.02977583123,28.37946561940778,40.047090128367316
7414.908424611888,28.384015634147616,40.05871816570804
7415.787073392547,28.38857992481395,40.070327959833044
7416.665722173207,28.393157973070945,40.08191907985505
7417.544370953865,28.39774926058277,40.09349109488676
7418.423019734524,28.402353269013588,40.10504357404091
7419.301668515183,28.406969480027563,40.11657608643023
7420.1803172958425,28.41159737528886,40.12808820116741
7421.058966076501,28.416236436461638,40.13957948736518
7421.93761485716,28.42088614521007,40.15104951413629
7422.816263637819,28.425545983198322,40.16249785059343
7423.6949124184775,28.430215432090545,40.17392406584933
7424.573561199137,28.434893973550913,40.18532772901671
7425.452209979796,28.4395810892436,40.1967084092083
7426.330858760455,28.44427626083275,40.208065675536815
7427.209507541113,28.448978969982534,40.21939909711495
7428.088156321773,28.45368869835713,40.23070824305547
7428.966805102431,28.458404927620684,40.241992682471064
7429.84545388309,28.46312713943737,40.253251984474474
7430.724102663749,28.467854815471355,40.264485718178406
7431.602751444409,28.472587437386803,40.27569345269559
7432.481400225068,28.47732448684787,40.28687475713874
7433.360049005726,28.48206544551872,40.29802920062057
7434.238697786385,28.48680979506353,40.30915635225382
7435.117346567044,28.49155701714645,40.32025578115119
7435.995995347703,28.49630659343166,40.33132705642543
7436.874644128362,28.501058005583317,40.34236974718923
7437.753292909021,28.505810735265587,40.35338342255533
7438.6319416896795,28.510564264142623,40.364367651636435
7439.510590470339,28.515318073878603,40.37532200354528
7440.389239250998,28.520071646137694,40.38624604739459
7441.267888031656,28.524824462584043,40.39713935229707
7442.146536812315,28.52957600488183,40.408001487365446
7443.025185592975,28.53432575469522,40.41883202171244
7443.903834373634,28.539073193688363,40.42963052445077
7444.782483154292,28.543817803525435,40.44039656469316
7445.661131934951,28.548559065870602,40.45112971155235
7446.5397807156105,28.553296462388026,40.46182953414102
7447.418429496269,28.55802947474186,40.47249560157191
7448.297078276928,28.562757584596287,40.483127482957755
7449.175727057587,28.567480273615466,40.493724747411264
7450.054375838246,28.572197023463552,40.50428710778766
7450.933024618905,28.57690731580472,40.51481495332146
7451.811673399564,28.581610632303125,40.52530887201251
7452.690322180222,28.586306454622935,40.5357694518874
7453.568970960881,28.59099426442833,40.54619728097282
7454.447619741541,28.59567354338345,40.556592947295364
7455.3262685222,28.600343773152474,40.56695703888169
7456.204917302859,28.605004435399564,40.57729014375843
7457.083566083517,28.60965501178888,40.587592849952216
7457.9622148641765,28.61429498398459,40.5978657454897
7458.840863644835,28.61892383365086,40.60810941839748
7459.719512425494,28.62354104245185,40.618324456702254
7460.598161206153,28.62814609205173,40.628511448430615
7461.476809986812,28.632738464114663,40.6386709816092
7462.355458767471,28.637317640304804,40.64880364426465
7463.23410754813,28.641883102286336,40.658910024423626
7464.112756328789,28.646434351161247,40.66899071011274
7464.991405109447,28.650971219799228,40.67904628935862
7465.870053890107,28.6554938191585,40.68907735018793
7466.748702670766,28.66000226879431,40.69908448062729
7467.627351451425,28.664496688261934,40.70906826870334
7468.506000232083,28.66897719711664,40.71902930244271
7469.384649012743,28.67344391491369,40.72896816987205
7470.263297793402,28.677896961208358,40.738885459017986
7471.14194657406,28.68233645555591,40.74878175790717
7472.020595354719,28.68676251751161,40.75865765456621
7472.8992441353785,28.691175266630736,40.76851373702177
7473.777892916038,28.69557482246854,40.77835059330047
7474.656541696696,28.699961304580295,40.78816881142895
7475.535190477355,28.704334832521276,40.79796897943387
7476.4138392580135,28.70869552584674,40.80775168534181
7477.292488038673,28.71304350411196,40.81751751717948
7478.171136819332,28.717378886872204,40.82726706297346
7479.049785599991,28.72170179368274,40.83700091075042
7479.92843438065,28.72601234409883,40.84671964853698
7480.807083161309,28.73031065767574,40.85642386435976
7481.685731941968,28.73459685396875,40.86611414624544
7482.564380722626,28.738871052533113,40.87579108222061
7483.443029503285,28.743133372924106,40.88545526031194
7484.3216782839445,28.747383934696995,40.895107268546056
7485.200327064604,28.751622857407042,40.9047476949496
7486.078975845262,28.755850260609517,40.9143771275492
7486.957624625921,28.76006626385969,40.923996154371494
7487.83627340658,28.76427098671283,40.93360536344312
7488.714922187239,28.768464548724197,40.943205342790705
7489.593570967898,28.772647069449064,40.95279668044092
7490.472219748557,28.776818668442697,40.96237996442037
7491.350868529216,28.78097946526037,40.9719557827557
7492.229517309875,28.78512957945733,40.98152472347353
7493.108166090534,28.78926913058887,40.991087374600525
7493.986814871193,28.793398238210244,41.00064432416331
7494.865463651851,28.797517021876715,41.010196160188514
7495.7441124325105,28.80162560114356,41.019743470702785
7496.62276121317,28.805724095566042,41.029286843732756
7497.501409993829,28.809812624699436,41.038826867305055
7498.380058774487,28.81389130809899,41.048364129446334
7499.258707555146,28.817960265319993,41.05789921818321
7500.137356335806,28.822019615917704,41.06743272154235
7501.016005116464,28.826069479447387,41.07696522755036
7501.894653897123,28.83010997546431,41.08649732423389
7502.773302677782,28.834141223523748,41.096029599619584
7503.6519514584415,28.838163343180963,41.10556264173407
7504.5306002391,28.842176453991215,41.11509703860396
7505.409249019759,28.84618067550979,41.12463337825594
7506.287897800417,28.850176127291935,41.13417224871661
7507.166546581077,28.85416292889293,41.14371423801263
7508.045195361736,28.85814119986804,41.15325993417062
7508.923844142395,28.86211105977253,41.162809925217225
7509.802492923054,28.86607262816167,41.17236479917908
7510.6811417037125,28.870026024590725,41.18192514408281
7511.559790484372,28.87397136861497,41.19149154795507
7512.43843926503,28.87790877978966,41.201064598822484
7513.317088045689,28.88183837767007,41.2106448847117
7514.195736826348,28.88576028181147,41.22023299364934
7515.074385607008,28.88967461176912,41.229829513662054
7515.953034387666,28.893581487098288,41.23943503277646
7516.831683168325,28.897481027354246,41.249050139019225
7517.710331948984,28.901373352092264,41.258675420416964
7518.588980729643,28.9052585808676,41.2683114649963
7519.467629510302,28.90913683323553,41.27795886078391
7520.346278290961,28.913008228751316,41.2876181958064
7521.22492707162,28.91687288697023,41.29729005809043
7522.1035758522785,28.92073092744753,41.3069750356626
7522.982224632938,28.924582469738496,41.31667371654958
7523.860873413597,28.92842763339839,41.326386688777994
7524.739522194255,28.932266537982475,41.336114540374474
7525.618170974914,28.936099303046024,41.345857859365665
7526.496819755574,28.939926048144304,41.355617233778204
7527.375468536233,28.943746892832582,41.365393251638714
7528.254117316891,28.94756195666612,41.375186500973854
7529.13276609755,28.951371359200195,41.384997569810245
7530.011414878209,28.955175219990064,41.39482704617452
7530.890063658868,28.958973658591002,41.40467551809333
7531.768712439527,28.96276679455828,41.4145435735933
7532.647361220186,28.966554747447155,41.42443180070108
7533.526010000845,28.9703376368129,41.434340787443304
7534.404658781504,28.974115582210775,41.44427112184658
7535.283307562163,28.97788870319606,41.45422339193758
7536.161956342821,28.981657119324012,41.464198185742916
7537.04060512348,28.98542095014991,41.47419609128926
7537.91925390414,28.989180315229014,41.48421769660322
7538.797902684799,28.992935334116588,41.49426358971143
7539.676551465457,28.9966861263679,41.50433435864053
7540.555200246116,29.000432811538225,41.51443059141717
7541.4338490267755,29.004175509182822,41.52455287606798
7542.312497807434,29.007914338856963,41.53470180061957
7543.191146588093,29.011649420115916,41.54487793121728
7544.069795368752,29.015380872514946,41.55508129730182
7544.948444149411,29.019108815609325,41.56531137235068
7545.82709293007,29.02283336895431,41.575567604106695
7546.705741710729,29.02655465210518,41.58584944031279
7547.584390491388,29.030272784617196,41.5961563287118
7548.463039272046,29.033987886045622,41.60648771704658
7549.341688052706,29.037700075945736,41.61684305306005
7550.220336833365,29.0414094738728,41.62722178449505
7551.098985614024,29.045116199382086,41.63762335909447
7551.977634394682,29.048820372028846,41.64804722460116
7552.856283175342,29.052522111368365,41.65849282875801
7553.734931956,29.0562215369559,41.66895961930786
7554.613580736659,29.059918768346726,41.67944704399364
7555.492229517318,29.063613925096103,41.68995455055818
7556.3708782979775,29.0673071267593,41.70048158674436
7557.249527078637,29.070998492891594,41.71102760029505
7558.128175859295,29.074688143048235,41.72159203895311
7559.006824639954,29.078376196784504,41.73217435046144
7559.8854734206125,29.08206277365566,41.7427739825629
7560.764122201272,29.08574799321698,41.75339038300035
7561.642770981931,29.089431975023725,41.76402299951668
7562.52141976259,29.093114838631163,41.77467127985476
7563.400068543248,29.09679670359456,41.78533467175744
7564.278717323908,29.100477689469187,41.79601262296761
7565.157366104567,29.104157915810315,41.806704581228146
7566.036014885225,29.107837502173197,41.817409994281896
7566.914663665884,29.111516568113114,41.828128309871765
7567.7933124465435,29.11519523318533,41.8388589757406
7568.671961227203,29.118873616945113,41.849601439631286
7569.550610007861,29.12255183894772,41.86035514928668
7570.42925878852,29.126230018748434,41.87111955244966
7571.307907569179,29.12990827590252,41.88189409686313
7572.186556349838,29.13358672996523,41.892678230269894
7573.065205130497,29.13726550049185,41.90347140041289
7573.943853911156,29.14094470703764,41.914273055034954
7574.822502691815,29.144624469157865,41.92508264187897
7575.701151472474,29.14830490640779,41.93589960868779
7576.579800253133,29.151986138342693,41.946723403204324
7577.458449033791,29.155668284517834,41.957553473171394
7578.33709781445,29.159351464488484,41.96838926633192
7579.2157465951095,29.163035797809908,41.97923023042877
7580.094395375769,29.16672140403737,41.990075813204776
7580.973044156428,29.170408402726142,42.00092546240283
7581.851692937086,29.174096913431494,42.011778625765814
7582.730341717745,29.177787055708684,42.02263475103659
7583.608990498404,29.18147894911299,42.03349328595803
7584.487639279063,29.185172713199677,42.04435367827301
7585.366288059722,29.188868467524003,42.05521537572441
7586.244936840381,29.19256633164125,42.06607782605508
7587.12358562104,29.196266425106668,42.0769404770079
7588.002234401699,29.199968867475544,42.08780277632575
7588.880883182358,29.20367377830313,42.09866417175151
7589.759531963016,29.2073812771447,42.109524111028016
7590.638180743676,29.21109148355552,42.120382041898175
7591.516829524335,29.214804517090865,42.131237412104845
7592.395478304994,29.21852049730599,42.142089669390906
7593.274127085652,29.222239543756164,42.1529382614992
7594.1527758663115,29.225961775996666,42.16378263617265
7595.031424646971,29.22968731358275,42.17462224115408
7595.910073427629,29.23341627606969,42.185456524186385
7596.788722208288,29.23714878301275,42.19628493301244
7597.667370988947,29.24088495396721,42.20710691537511
7598.546019769607,29.24462490848832,42.21792191901727
7599.424668550265,29.248368766131353,42.228729391681775
7600.303317330924,29.25211664645158,42.23952878111152
7601.181966111582,29.255868650095557,42.25031953504936
7602.060614892242,29.259624795684218,42.261101101238175
7602.939263672901,29.263385079601616,42.27187292742085
7603.81791245356,29.267149498231397,42.28263446134024
7604.696561234219,29.270918047957235,42.29338515073921
7605.5752100148775,29.274690725162774,42.304124443360635
7606.453858795537,29.278467526231672,42.3148517869474
7607.332507576195,29.282248447547587,42.32556662924236
7608.211156356854,29.28603348549418,42.33626841798842
7609.089805137513,29.289822636455106,42.346956600928415
7609.968453918173,29.29361589681402,42.357630625805236
7610.847102698831,29.29741326295457,42.368289940361734
7611.72575147949,29.30121473126043,42.378933992340805
7612.604400260149,29.30502029811524,42.38956222948532
7613.483049040808,29.30882995990267,42.40017409953813
7614.361697821467,29.31264371300637,42.41076905024212
7615.240346602126,29.316461553809997,42.42134652934017
7616.118995382785,29.320283478697206,42.43190598457514
7616.9976441634435,29.324109484051654,42.442446863689895
7617.876292944103,29.327939566257005,42.45296861442732
7618.754941724762,29.331773721696905,42.46347068453029
7619.63359050542,29.335611946755016,42.473952521741666
7620.512239286079,29.339454237814994,42.48441357380432
7621.390888066739,29.343300591260498,42.49485328846113
7622.269536847398,29.347151003475183,42.505271113454974
7623.148185628056,29.351005470842694,42.5156664965287
7624.026834408715,29.354863989746708,42.52603888542521
7624.9054831893745,29.358726556570872,42.53638772788735
7625.784131970033,29.362593167698833,42.546712471658005
7626.662780750692,29.366463819514266,42.55701256448005
7627.541429531351,29.370338508400817,42.56728745409635
7628.42007831201,29.374217230742143,42.57753658824978
7629.298727092669,29.378099982921903,42.58775941660971
7630.177375873328,29.38198676132375,42.5979557240171
7631.056024653986,29.38587756233134,42.6081260100034
7631.934673434645,29.389772382328335,42.618270865869
7632.813322215305,29.393671217698394,42.62839088291426
7633.691970995964,29.397574064825168,42.638486652439546
7634.570619776623,29.401480920092308,42.648558765745214
7635.449268557281,29.40539177988348,42.65860781413164
7636.327917337941,29.409306640582336,42.66863438889923
7637.206566118599,29.413225498572533,42.67863908134831
7638.085214899258,29.417148350237735,42.688622482779266
7638.963863679917,29.421075191961584,42.69858518449247
7639.8425124605765,29.42500602012775,42.70852777778829
7640.721161241235,29.42894083111988,42.71845085396709
7641.599810021894,29.43287962132164,42.72835500432925
7642.478458802553,29.43682238711668,42.738240820175136
7643.3571075832115,29.440769124888654,42.748108892805114
7644.235756363871,29.444719831021228,42.75795981351955
7645.11440514453,29.44867450189805,42.76779417361883
7645.993053925189,29.452633133902783,42.77761256440331
7646.871702705847,29.456595723419074,42.78741557717337
7647.750351486507,29.460562266830593,42.797203803229365
7648.629000267166,29.46453276052099,42.806977833871684
7649.507649047824,29.468507200873912,42.816738260400676
7650.386297828483,29.47248558427303,42.826485674116725
7651.2649466091425,29.476467907102,42.8362206663202
7652.143595389802,29.48045416574447,42.845943828311476
7653.02224417046,29.4844443565841,42.85565575139089
7653.900892951119,29.488438476004546,42.86535702685886
7654.7795417317775,29.492436520389465,42.87504824601572
7655.658190512437,29.496438486122514,42.88473000016185
7656.536839293096,29.500444369587356,42.89440288059764
7657.415488073755,29.504454167167637,42.90406747862344
7658.294136854414,29.50846787524702,42.913724385539616
7659.172785635073,29.51248549020916,42.92337419264653
7660.051434415732,29.516507008437706,42.933017491244584
7660.93008319639,29.520532426316326,42.94265487263412
7661.808731977049,29.524561740228677,42.95228692811553
7662.6873807577085,29.528594946558407,42.96191424898917
7663.566029538368,29.53263204168918,42.9715374265554
7664.444678319026,29.53667302200464,42.9811570521146
7665.323327099685,29.54071788388846,42.99077371696715
7666.201975880344,29.54476662372429,43.00038801241342
7667.080624661003,29.54881923789578,43.010000529753746
7667.959273441662,29.5528757227866,43.019611860288535
7668.837922222321,29.556936074780396,43.02922259531815
7669.71657100298,29.561000290260825,43.03883332614296
7670.595219783639,29.56506836561155,43.04844464406331
7671.473868564298,29.56914029721622,43.0580571403796
7672.352517344956,29.573216081458497,43.067671406392186
7673.231166125615,29.577295714722034,43.07728803340145
7674.109814906275,29.581379193390493,43.086907612707755
7674.988463686934,29.58546651384753,43.09653073561146
7675.867112467593,29.589557672476793,43.10615799341296
7676.745761248251,29.593652665661946,43.11578997741259
7677.6244100289105,29.597751489786642,43.12542727891075
7678.503058809569,29.60185414123454,43.13507048920779
7679.381707590228,29.605960616389297,43.1447201996041
7680.260356370887,29.610070911634573,43.15437700140003
7681.139005151546,29.61418502335402,43.16404148589597
7682.017653932206,29.618302947931287,43.17371424439227
7682.896302712864,29.62242468175004,43.18339586818931
7683.774951493523,29.62655022119394,43.19308694858746
7684.653600274181,29.63067956264663,43.20278807688707
7685.532249054841,29.634812702491782,43.212499844388546
7686.4108978355,29.63894963711304,43.22222284239224
7687.289546616159,29.64309036289407,43.23195766219852
7688.168195396818,29.647234876218523,43.24170489510776
7689.0468441774765,29.651383173470048,43.251465132420314
7689.925492958135,29.655535251032315,43.26123896543656
7690.804141738794,29.659691105288974,43.27102698545689
7691.682790519453,29.663850732623693,43.280829783781655
7692.561439300112,29.66801412942011,43.29064795171123
7693.440088080772,29.672181292061893,43.30048208054598
7694.318736861431,29.6763522169327,43.31033276158627
7695.197385642089,29.680526900416172,43.32020058613247
7696.076034422747,29.684705338895984,43.33008614548496
7696.954683203407,29.688887528755785,43.339990030944115
7697.833331984066,29.693073466379236,43.34991283381029
7698.711980764725,29.69726314814999,43.35985514538386
7699.590629545384,29.7014565704517,43.36981755696521
7700.4692783260425,29.705653729668025,43.379800659854666
7701.347927106702,29.70985462222015,43.38980504535265
7702.22657588736,29.714059246933893,43.399831304759495
7703.105224668019,29.71826760645317,43.40988002937561
7703.983873448678,29.72247970376119,43.41995181050131
7704.862522229338,29.726695541841163,43.430047239437016
7705.741171009997,29.730915123676297,43.44016690748307
7706.619819790655,29.735138452249796,43.45031140593984
7707.498468571314,29.73936553054488,43.460481326107704
7708.377117351973,29.74359636154475,43.47067725928703
7709.255766132632,29.74783094823262,43.4808997967782
7710.134414913291,29.752069293591695,43.49114952988158
7711.01306369395,29.756311400605192,43.50142704989753
7711.891712474609,29.760557272256307,43.511732948126415
7712.770361255268,29.76480691152825,43.52206781586862
7713.649010035927,29.769060321404247,43.532432244424506
7714.527658816585,29.77331750486749,43.54282682509443
7715.406307597244,29.777578464901197,43.5532521491788
7716.284956377904,29.781843204488574,43.563708807977946
7717.163605158563,29.78611172661283,43.57419739279228
7718.042253939222,29.790384034257176,43.58471849492212
7718.92090271988,29.794660130404814,43.595272705667874
7719.799551500539,29.79894001803896,43.605860616329885
7720.678200281198,29.803223700142823,43.616482818208546
7721.556849061857,29.807511179699617,43.62713990260423
7722.435497842516,29.81180245969254,43.63783246081729
7723.3141466231755,29.816097543104807,43.648561084148106
7724.192795403834,29.820396432919626,43.65932636389703
7725.071444184493,29.824699132120205,43.670128891364456
7725.950092965151,29.829005643689747,43.680969257850734
7726.8287417458105,29.83331597061148,43.69184805465625
7727.70739052647,29.8376301158686,43.70276587308137
7728.586039307129,29.841948082444315,43.71372330442646
7729.464688087788,29.84626987332184,43.72472093999189
7730.343336868446,29.850595491484377,43.73575937107802
7731.221985649106,29.85492493991514,43.74683918898524
7732.100634429764,29.85925822159733,43.75796098501391
7732.979283210423,29.863595339514173,43.769125350464385
7733.857931991082,29.867936296648868,43.78033287663707
7734.7365807717415,29.872281095984622,43.791584154832314
7735.615229552401,29.876629740504647,43.80287977635049
7736.493878333059,29.88098223319215,43.81422033249194
7737.372527113718,29.885338577030346,43.8256064026831
7738.2511758943765,29.88969877500243,43.837038039831825
7739.129824675036,29.894062830091627,43.84851457275817
7740.008473455695,29.89843074528114,43.86003527763244
7740.887122236354,29.902802523554183,43.87159943062497
7741.765771017013,29.907178167893953,43.8832063079061
7742.644419797672,29.911557681283668,43.894855185646136
7743.52306857833,29.91594106670653,43.90654534001544
7744.401717358989,29.920328327145764,43.91827604718435
7745.280366139648,29.92471946558456,43.930046583323175
7746.1590149203075,29.92911448500614,43.941856224602255
7747.037663700967,29.93351338839371,43.95370424719192
7747.916312481625,29.93791617873047,43.96558992726248
7748.794961262284,29.94232285899965,43.977512540984314
7749.6736100429425,29.946733432184434,43.98947136452771
7750.552258823602,29.95114790126805,44.00146567406303
7751.430907604261,29.9555662692337,44.01349474576059
7752.30955638492,29.959988539064586,44.02555785579072
7753.188205165579,29.96441471374393,44.03765428032377
7754.066853946238,29.968844796254935,44.04978329553005
7754.945502726897,29.97327878958081,44.0619441775799
7755.824151507555,29.977716696704764,44.07413620264364
7756.702800288214,29.982158520610007,44.08635864689164
7757.581449068874,29.98660426427975,44.0986107864942
7758.460097849533,29.991053930697202,44.11089189762165
7759.338746630192,29.995507522845568,44.123201256444325
7760.21739541085,29.999965043708052,44.13553813913256
7761.0960441915095,30.00442649626788,44.14790182185669
7761.974692972168,30.008891883508245,44.16029158078704
7762.853341752827,30.013361208412366,44.172706692093946
7763.731990533486,30.01783447396345,44.18514643194775
7764.610639314145,30.022311683144704,44.19761007651877
7765.489288094805,30.026792838939336,44.210096901977344
7766.367936875463,30.03127794433055,44.222606184493785
7767.246585656121,30.03576700230157,44.23513720023844
7768.12523443678,30.040260015835596,44.247689225381656
7769.00388321744,30.04475698791584,44.260261536093736
7769.882531998099,30.04925792152551,44.27285340854504
7770.761180778758,30.05376281964781,44.28546411890588
7771.639829559416,30.05827168526595,44.29809294334659
7772.5184783400755,30.06278452136315,44.31073915803751
7773.397127120734,30.067301330922607,44.32340203914895
7774.275775901393,30.07182211692754,44.33608086285127
7775.154424682052,30.07634688236115,44.34877490531479
7776.033073462711,30.080875630206652,44.36148344270985
7776.911722243371,30.085408363447247,44.374205751206766
7777.790371024029,30.089945085066145,44.38694110697586
7778.669019804688,30.09448579804657,44.3996887861875
7779.547668585346,30.09903050537171,44.41244806501198
7780.426317366006,30.103579210024794,44.425218219619666
7781.304966146665,30.108131914989016,44.43799852618087
7782.183614927324,30.112688623247596,44.450788260865934
7783.062263707983,30.117249337783733,44.46358669984517
7783.9409124886415,30.12181406158064,44.47639311928893
7784.819561269301,30.126382797621524,44.48920679536754
7785.698210049959,30.130955548889602,44.50202700425132
7786.576858830618,30.135532318368078,44.514853022110614
7787.455507611277,30.140113109040165,44.527684125115755
7788.334156391937,30.144697923889062,44.540519589437075
7789.212805172596,30.149286765897987,44.5533586912449
7790.091453953254,30.153879638050142,44.56620070670956
7790.970102733912,30.15847654332874,44.57904491200138
7791.848751514572,30.163077484716997,44.591890583290706
7792.727400295231,30.167682465198116,44.60473699674788
7793.60604907589,30.172291487755306,44.61758342854321
7794.484697856549,30.176904555371774,44.63042915484705
7795.3633466372075,30.181521671030726,44.6432734518297
7796.241995417867,30.186142837715387,44.65611559566152
7797.120644198525,30.190768058408942,44.66895486251282
7797.999292979184,30.195397336094622,44.681790528553954
7798.877941759843,30.200030673755627,44.69462186995525
7799.756590540503,30.204668074375167,44.70744816288703
7800.635239321162,30.20930954093645,44.720268683519635
7801.51388810182,30.213955076422682,44.73308270802337
7802.392536882479,30.218604671119547,44.7458895125686
7803.271185663138,30.223258172427435,44.75868837332563
7804.149834443797,30.227915337757203,44.77147856646482
7805.028483224456,30.232575923115427,44.78425936815649
7805.907132005115,30.23723968450871,44.797030054570975
7806.7857807857745,30.24190637794364,44.80978990187859
7807.664429566433,30.246575759426797,44.82253818624967
7808.543078347092,30.251247584964798,44.835274183854565
7809.42172712775,30.255921610564208,44.84799717086359
7810.3003759084095,30.260597592231644,44.86070642344709
7811.179024689069,30.265275285973683,44.87340121777539
7812.057673469728,30.269954447796916,44.88608083001882
7812.936322250387,30.274634833707946,44.898744536347714
7813.814971031045,30.279316199713353,44.911391612932384
7814.693619811704,30.283998301819725,44.92402133594319
7815.572268592363,30.28868089603368,44.93663298155045
7816.450917373022,30.293363738361787,44.94922582592452
7817.329566153681,30.298046584810642,44.9617991452357
7818.2082149343405,30.30272919138684,44.974352215654335
7819.086863715,30.307411314096974,44.98688431335076
7819.965512495658,30.312092708947628,44.99939471449528
7820.844161276316,30.3167731319454,45.01188269525826
7821.7228100569755,30.32145233909689,45.024347531810015
7822.601458837635,30.326130086408675,45.03678850032089
7823.480107618294,30.330806129887357,45.04920487696121
7824.358756398953,30.335480225539527,45.0615959379013
7825.237405179611,30.340152129371774,45.0739609593115
7826.116053960271,30.344821597390684,45.08629921736214
7826.994702740929,30.34948838560286,45.09860998822353
7827.873351521588,30.35415225001489,45.11089254806604
7828.752000302247,30.35881294663337,45.123146173059986
7829.6306490829065,30.363470231464884,45.135370139375695
7830.509297863566,30.36812386051603,45.1475637231835
7831.387946644224,30.37277358979339,45.15972620065372
7832.266595424883,30.377419175303576,45.17185684795672
7833.1452442055415,30.382060373053157,45.18395494126279
7834.023892986201,30.386696939048736,45.1960197567423
7834.90254176686,30.39132862929691,45.20805057056557
7835.781190547519,30.395955199804266,45.22004665890292
7836.659839328178,30.4005764065774,45.232007297924696
7837.538488108837,30.405192005622887,45.24393176380121
7838.417136889496,30.409801752947338,45.25581940238555
7839.295785670154,30.414405404557336,45.26767020885503
7840.174434450813,30.419002716459477,45.27948453178535
7841.053083231473,30.423593444660355,45.29126272329244
7841.931732012132,30.428177345166556,45.30300513549223
7842.810380792791,30.432754173984677,45.31471212050063
7843.689029573449,30.437323687121303,45.32638403043357
7844.567678354108,30.441885640583028,45.338021217407004
7845.446327134767,30.44643979037645,45.349624033536855
7846.324975915426,30.45098589250816,45.361192830939046
7847.203624696085,30.455523702984745,45.37272796172952
7848.082273476744,30.460052977812804,45.38422977802417
7848.960922257403,30.464573472998914,45.395698631938956
7849.839571038062,30.469084944549685,45.407134875589804
7850.71821981872,30.473587148471694,45.41853886109263
7851.596868599379,30.47807984077155,45.429910940563396
7852.475517380039,30.482562777455833,45.441251466118
7853.354166160698,30.487035714531135,45.45256078987238
7854.232814941357,30.49149840800405,45.463839263942475
7855.111463722015,30.49595061388117,45.47508724044419
7855.9901125026745,30.500392088169093,45.48630507149349
7856.868761283333,30.504822586874393,45.49749310920627
7857.747410063992,30.509241866003684,45.50865170569849
7858.626058844651,30.513649681563546,45.519781213086056
7859.50470762531,30.518045789560574,45.53088198348492
7860.38335640597,30.522429946001356,45.54195436901099
7861.262005186628,30.52680190689249,45.552998721780185
7862.140653967287,30.531161428240562,45.56401539390847
7863.019302747945,30.53550826605217,45.57500473751175
7863.897951528605,30.539842176333902,45.58596710470597
7864.776600309264,30.54416291509235,45.59690284760706
7865.655249089923,30.54847023833411,45.60781231833094
7866.533897870582,30.55276390206577,45.618695868993534
7867.4125466512405,30.55704366229392,45.629553851710774
7868.291195431899,30.561309275025156,45.6403866185986
7869.169844212558,30.56556049626607,45.65119452177294
7870.048492993217,30.56979708202325,45.66197791334972
7870.927141773876,30.574018788303295,45.67273714544487
7871.805790554536,30.578225371112794,45.68347257017432
7872.684439335194,30.582416586458333,45.69418453965399
7873.563088115853,30.58659219034651,45.70487340599982
7874.441736896511,30.59075193878392,45.715539521327734
7875.320385677171,30.59489558777715,45.72618323775367
7876.19903445783,30.599022893332787,45.736804907393555
7877.077683238489,30.603133611457434,45.74740488236333
7877.956332019148,30.607227498157677,45.7579835147789
7878.8349807998065,30.611304309440104,45.768541156756186
7879.713629580466,30.615363801311318,45.77907816041115
7880.592278361124,30.619405729777903,45.78959487785971
7881.470927141783,30.623429864628804,45.800091661217806
7882.349575922442,30.627436186358096,45.81056886260134
7883.228224703102,30.631424839983474,45.82102683412627
7884.106873483761,30.63539597489109,45.83146592790852
7884.985522264419,30.6393497404671,45.84188649606399
7885.864171045078,30.643286286097673,45.85228889070865
7886.742819825737,30.647205761168962,45.862673463958394
7887.621468606396,30.651108315067138,45.87304056792918
7888.500117387055,30.65499409717835,45.883390554736934
7889.378766167714,30.658863256888758,45.89372377649757
7890.2574149483735,30.662715943584526,45.90404058532703
7891.136063729032,30.66655230665181,45.914341333341234
7892.01471250969,30.670372495476766,45.92462637265611
7892.893361290349,30.674176659445564,45.93489605538761
7893.7720100710085,30.67796494794436,45.94515073365165
7894.650658851668,30.681737510359316,45.95539075956415
7895.529307632327,30.685494496076583,45.965616485241064
7896.407956412985,30.689236054482322,45.97582826279829
7897.286605193644,30.6929623349627,45.98602644435177
7898.165253974303,30.696673486903872,45.996211382017435
7899.043902754962,30.700369659691997,46.006383427911224
7899.922551535621,30.70405100271324,46.016542934149065
7900.80120031628,30.70771766535375,46.026690252846876
7901.6798490969395,30.711369796999698,46.03682573612059
7902.558497877598,30.71500754703724,46.046949736086134
7903.437146658257,30.71863106485253,46.057062604859446
7904.315795438915,30.72224049983173,46.067164694556446
7905.1944442195745,30.72583600136101,46.07725635729308
7906.073093000234,30.729417718826518,46.08733794518526
7906.951741780893,30.73298580161442,46.09740981034893
7907.830390561552,30.73654039911087,46.10747230490001
7908.70903934221,30.74008166070202,46.11752578095443
7909.58768812287,30.743609735774054,46.127570590628125
7910.466336903528,30.747124773713114,46.137607086037
7911.344985684187,30.75062692390536,46.14763561929702
7912.223634464846,30.754116335736956,46.15765654252411
7913.1022832455055,30.757593158594062,46.16767020783418
7913.980932026165,30.761057541862836,46.17767696734317
7914.859580806823,30.764509634929436,46.187677173167
7915.738229587481,30.76794958718002,46.197671177421604
7916.6168783681405,30.771377548000757,46.20765933222293
7917.4955271488,30.7747936667778,46.217641989686896
7918.374175929459,30.778198092897313,46.227619501929425
7919.252824710118,30.781590975745445,46.23759222106646
7920.131473490776,30.78497246470836,46.247560499213904
7921.010122271436,30.788342709172227,46.25752468848771
7921.888771052094,30.791701858523197,46.267485141003796
7922.767419832753,30.795050062147432,46.27744220887811
7923.646068613412,30.798387469431088,46.28739624422656
7924.524717394072,30.801714229760332,46.2973475901805
7925.403366174731,30.805030492521322,46.307296337849294
7926.282014955389,30.808336407100207,46.317242298192504
7927.160663736048,30.811632122883157,46.32718526753984
7928.039312516707,30.814917789256327,46.33712504222094
7928.917961297366,30.81819355560588,46.34706141856552
7929.796610078025,30.82145957131798,46.35699419290322
7930.675258858684,30.82471598577878,46.36692316156376
7931.553907639343,30.82796294837444,46.37684812087679
7932.432556420002,30.831200608491116,46.386768867171966
7933.311205200661,30.834429115514975,46.396685196779
7934.189853981319,30.837648618832173,46.406596906027566
7935.068502761978,30.84085926782887,46.41650379124733
7935.947151542638,30.844061211891226,46.426405648767975
7936.825800323297,30.847254600405407,46.43630227491918
7937.704449103956,30.85043958275756,46.446193466030614
7938.583097884614,30.85361630833385,46.45607901843195
7939.461746665273,30.856784926520437,46.46595872845287
7940.340395445932,30.859945586703486,46.47583239242307
7941.219044226591,30.863098438269148,46.485699806672216
7942.09769300725,30.86624363060359,46.49556076752997
7942.976341787909,30.86938131309297,46.505415071326034
7943.854990568569,30.872511635123438,46.515262514390066
7944.733639349227,30.87563474608116,46.52510289305174
7945.612288129885,30.878750795352303,46.53493600364074
7946.490936910544,30.881859932323025,46.544761642486755
7947.369585691204,30.88496230637947,46.55457960591945
7948.248234471863,30.888058066907817,46.56438969026851
7949.126883252522,30.89114736329422,46.57419169186361
7950.00553203318,30.89423034492483,46.58398540703441
7950.8841808138395,30.89730716118581,46.593770632110605
7951.762829594498,30.900377961463324,46.603547163421865
7952.641478375157,30.903442895143534,46.61331479729789
7953.520127155816,30.906502111612596,46.62307333006833
7954.398775936475,30.90955576025667,46.63282255806286
7955.277424717135,30.912603990461914,46.64256227761118
7956.156073497793,30.915646951614484,46.65229228504294
7957.034722278452,30.918684793100546,46.66201237668784
7957.91337105911,30.92171766430626,46.67172234887555
7958.79201983977,30.92474571461778,46.68142199793574
7959.670668620429,30.927769093421276,46.6911111201981
7960.549317401088,30.9307879501029,46.70078951199231
7961.427966181747,30.933802434048808,46.71045696964802
7962.306614962406,30.93681269464516,46.720113289494925
7963.185263743065,30.93981888127813,46.729758267862714
7964.063912523723,30.94282114333386,46.73939170108105
7964.942561304382,30.94581963019852,46.74901338547961
7965.8212100850415,30.94881449125827,46.758623117388076
7966.699858865701,30.95180587589926,46.76822069313612
7967.57850764636,30.95479393350766,46.777805909053434
7968.457156427018,30.95777881346962,46.787378561469666
7969.3358052076765,30.960760665171307,46.79693844671451
7970.214453988336,30.96373963799888,46.80648536111766
7971.093102768995,30.966715881338498,46.81601910100876
7971.971751549654,30.969689544576323,46.82553946271752
7972.850400330313,30.972660777098508,46.835046242573604
7973.729049110972,30.97562972829122,46.84453923690667
7974.607697891631,30.978596547540608,46.85401824204641
7975.486346672289,30.98156138423284,46.863483054322515
7976.364995452948,30.98452438775408,46.872933470064645
7977.2436442336075,30.98748570749048,46.88236928560249
7978.122293014267,30.9904454928282,46.891790297265715
7979.000941794926,30.993403893153403,46.901196301384005
7979.879590575584,30.996361057852244,46.91058709428702
7980.758239356243,30.999317136310886,46.91996247230447
7981.636888136902,31.002272277915488,46.929322231766
7982.515536917561,31.00522663205221,46.9386661690013
7983.39418569822,31.008180348107214,46.94799408034006
7984.272834478879,31.01113357546665,46.957305762111936
7985.1514832595385,31.014086463516694,46.96660101064663
7986.030132040197,31.017039161643485,46.97587962227378
7986.908780820856,31.0199918192332,46.9851413933231
7987.787429601514,31.022944585671993,46.99438612012424
7988.6660783821735,31.02589761034603,47.003613599006904
7989.544727162833,31.028851030859688,47.01282362630076
7990.423375943492,31.031804884551594,47.022015998335476
7991.302024724151,31.034759158084594,47.03119051144074
7992.180673504809,31.037713837730276,47.04034696194621
7993.059322285468,31.040668909760242,47.04948514618158
7993.937971066127,31.043624360446078,47.058604860476535
7994.816619846786,31.04658017605937,47.06770590116073
7995.695268627445,31.049536342871708,47.076788064563864
7996.5739174081045,31.052492847154692,47.08585114701561
7997.452566188763,31.0554496751799,47.09489494484562
7998.331214969422,31.05840681321894,47.103919254383605
7999.20986375008,31.061364247543384,47.11292387195921
8000.0885125307395,31.064321964424842,47.12190859390214
8000.967161311399,31.06727995013489,47.13087321654207
8001.845810092058,31.070238190945123,47.13981753620867
8002.724458872717,31.07319667312714,47.1487413492316
8003.603107653375,31.07615538295251,47.15764445194056
8004.481756434035,31.079114306692855,47.166526640665225
8005.360405214693,31.082073430619737,47.17538771173526
8006.239053995352,31.08503274100477,47.18422746148036
8007.117702776011,31.087992224119528,47.193045686230185
8007.996351556671,31.090951866235613,47.20184218231442
8008.87500033733,31.09391165362461,47.21061674606276
8009.753649117988,31.096871572558108,47.219369173804836
8010.632297898647,31.099831609307703,47.22809926187037
8011.510946679306,31.10279175014498,47.23680680658901
8012.389595459965,31.10575198134154,47.24549160429045
8013.268244240624,31.108712289168967,47.254153451304376
8014.146893021283,31.11167265989885,47.26279214396044
8015.025541801942,31.114633079802786,47.27140747858833
8015.904190582601,31.117593535152363,47.27999925151772
8016.782839363259,31.120554012219166,47.28856725907829
8017.661488143918,31.123514497274794,47.297111297599734
8018.540136924577,31.126474976590835,47.30563116341171
8019.418785705237,31.129435436438882,47.314126652843896
8020.297434485896,31.132395863090522,47.32259756222598
8021.176083266554,31.13535624281735,47.331043687887615
8022.054732047213,31.138316561890953,47.339464826158505
8022.933380827872,31.14127680658292,47.34786077336831
8023.812029608531,31.14423696316485,47.35623132584672
8024.69067838919,31.14719701790833,47.364576279923405
8025.569327169849,31.15015695708495,47.37289543192805
8026.447975950508,31.1531167669663,47.38118857819032
8027.326624731167,31.156076433823976,47.3894555150399
8028.205273511826,31.159035943929563,47.39769603880646
8029.083922292484,31.16199528355465,47.40590994581968
8029.962571073143,31.164954438970835,47.414097032409245
8030.841219853803,31.167913396449705,47.42225709490483
8031.719868634462,31.17087214226285,47.43038992963611
8032.598517415121,31.173830662681873,47.43849536208671
8033.477166195779,31.17678894397834,47.44657361869285
8034.3558149764385,31.179746972423867,47.45462521744232
8035.234463757097,31.182704734290027,47.4626506828979
8036.113112537756,31.18566221584842,47.47065053962242
8036.991761318415,31.18861940337064,47.47862531217867
8037.870410099074,31.19157628312827,47.48657552512947
8038.749058879734,31.194532841392906,47.49450170303762
8039.627707660392,31.19748906443613,47.50240437046592
8040.50635644105,31.200444938529543,47.51028405197719
8041.385005221709,31.203400449944734,47.518141272134244
8042.263654002369,31.20635558495329,47.52597655549986
8043.142302783028,31.209310329826813,47.53379042663689
8044.020951563687,31.21226467083688,47.5415834101081
8044.899600344345,31.215218594255084,47.549356030476304
8045.778249125005,31.21817208635302,47.55710881230434
8046.656897905663,31.221125133402275,47.56484228015498
8047.535546686322,31.224077721674448,47.57255695859105
8048.414195466981,31.22702983744113,47.58025337217535
8049.2928442476405,31.2299814669739,47.587932045470694
8050.1714930283,31.232932596544355,47.59559350303989
8051.050141808958,31.235883212424085,47.603238269445725
8051.928790589617,31.23883330088469,47.61086686925103
8052.8074393702755,31.241782848197744,47.618479827018604
8053.686088150935,31.244731840634852,47.62607766731126
8054.564736931594,31.247680264467604,47.633660914691795
8055.443385712253,31.250628105967582,47.64123009372303
8056.322034492912,31.253575351406386,47.64878572896776
8057.200683273571,31.256521987055596,47.656328344988786
8058.07933205423,31.259467999186814,47.663858466348934
8058.957980834888,31.26241337407162,47.67137661761099
8059.836629615547,31.265358097981622,47.67888332333779
8060.7152783962065,31.268302157188394,47.68637910809213
8061.593927176866,31.271245537963537,47.6938644964368
8062.472575957525,31.274188226578637,47.70134001293464
8063.351224738183,31.277130209305284,47.70880618214841
8064.2298735188415,31.28007147241507,47.71626352864095
8065.108522299501,31.283012002179593,47.72371257697507
8065.98717108016,31.285951784870434,47.73115385171358
8066.865819860819,31.288890806759188,47.73858787741927
8067.744468641478,31.291829054117446,47.74601517865495
8068.6231174221375,31.2947665132168,47.75343627998344
8069.501766202796,31.297703170328838,47.76085170596752
8070.380414983454,31.30063901172515,47.76826198117003
8071.259063764113,31.303574023677328,47.775667630153755
8072.1377125447725,31.30650819245697,47.78306917748153
8073.016361325432,31.30944150433566,47.790467147716136
8073.895010106091,31.312373945584987,47.797862065420375
8074.773658886749,31.315305502476544,47.805254455157076
8075.652307667408,31.318236161281927,47.81264484148904
8076.530956448067,31.321165908272718,47.820033748979064
8077.409605228726,31.324094729720514,47.82742170218998
8078.288254009385,31.327022611896908,47.834809225684566
8079.166902790044,31.329949541073482,47.84219684402565
8080.0455515707035,31.33287550352184,47.84958508177603
8080.924200351362,31.335800485513555,47.85697446349851
8081.802849132021,31.338724473320234,47.8643655137559
8082.681497912679,31.34164745321346,47.87175875711101
8083.5601466933385,31.34456941146483,47.87915471812666
8084.438795473998,31.347490334345927,47.88655392136562
8085.317444254657,31.350410208128345,47.893956891390744
8086.196093035316,31.35332901908368,47.90136415276481
8087.074741815974,31.35624675348351,47.90877623005063
8087.953390596634,31.359163397599442,47.91619364781101
8088.832039377292,31.362078937703057,47.923616930608766
8089.710688157951,31.36499336006595,47.9310466030067
8090.58933693861,31.367906650959704,47.93848318956761
8091.46798571927,31.37081879665592,47.945927214854336
8092.346634499929,31.373729783426185,47.953379203429655
8093.225283280587,31.37663959754209,47.96083967985636
8094.103932061245,31.379548225275222,47.9683091686973
8094.982580841905,31.382455652897182,47.97578819451526
8095.861229622564,31.38536186667955,47.98327728187305
8096.739878403223,31.38826685289392,47.99077695533347
8097.618527183882,31.391170597811886,47.99828773945935
8098.4971759645405,31.39407308770504,48.00581015881347
8099.3758247452,31.396974308844968,48.01334473795865
8100.254473525858,31.39987424750326,48.02089200145769
8101.133122306517,31.40277288995151,48.02845247387341
8102.011771087176,31.405670222461314,48.03602667976862
8102.890419867836,31.408566231304256,48.04361514370612
8103.769068648495,31.411460902751926,48.05121839024871
8104.647717429153,31.41435422307592,48.05883694395919
8105.526366209812,31.417246178547824,48.06647132940039
8106.405014990471,31.42013675543923,48.074122071135115
8107.28366377113,31.42302594002173,48.08178969372616
8108.162312551789,31.42591371856692,48.089474721736345
8109.040961332448,31.428800077346384,48.09717767972846
8109.919610113107,31.431685002631713,48.10489909226533
8110.798258893766,31.434568480694505,48.112639483909746
8111.676907674425,31.437450497806342,48.12039937922452
8112.555556455083,31.440331040238814,48.12817930277248
8113.434205235742,31.44321009426352,48.135979779116404
8114.312854016402,31.446087646152048,48.14380133281913
8115.191502797061,31.44896368217599,48.15164448844344
8116.07015157772,31.451838188606935,48.15950977055214
8116.948800358378,31.454711151716474,48.167397703708055
8117.827449139037,31.45758255777619,48.17530881247397
8118.706097919696,31.46045239305769,48.183243621412714
8119.584746700355,31.463320643832553,48.191202655087096
8120.463395481014,31.46618729637238,48.19918643805991
8121.342044261673,31.469052336948753,48.207195494893966
8122.220693042332,31.471915751833258,48.21523035015206
8123.099341822991,31.4747775272975,48.22329152839703
8123.977990603649,31.477637649613058,48.23137955419165
8124.856639384308,31.480496105051532,48.23949495209875
8125.735288164968,31.483352880077316,48.247638246681134
8126.613936945627,31.486208031351744,48.2558099625016
8127.492585726286,31.489061789832903,48.26401062412297
8128.371234506944,31.49191441307039,48.272240756108026
8129.249883287604,31.494766158613817,48.280500883019606
8130.128532068262,31.497617284012783,48.288791529420486
8131.007180848921,31.500468046816902,48.2971132198735
8131.88582962958,31.50331870457577,48.305466478941455
8132.7644784102395,31.506169514838994,48.31385183118714
8133.643127190899,31.509020735156184,48.32226980117338
8134.521775971557,31.511872623076936,48.33072091346295
8135.400424752216,31.51472543615086,48.3392056926187
8136.2790735328745,31.517579431927565,48.34772466320341
8137.157722313534,31.52043486795665,48.35627834977989
8138.036371094193,31.523292001787716,48.36486727691097
8138.915019874852,31.526151090970377,48.37349196915943
8139.793668655511,31.529012393054234,48.382152951088095
8140.67231743617,31.531876165588887,48.3908507259789
8141.550966216828,31.534742666123947,48.399585631379836
8142.429614997487,31.53761215220901,48.40835792711392
8143.308263778146,31.540484881393695,48.417167872557386
8144.1869125588055,31.543361111227604,48.42601572708647
8145.065561339465,31.546241099260335,48.434901750077444
8145.944210120123,31.54912510304149,48.443826200906514
8146.822858900782,31.55201338012068,48.45278933894998
8147.7015076814405,31.55490618804751,48.46179142358404
8148.5801564621,31.557803784371586,48.47083271418497
8149.458805242759,31.560706426642508,48.47991347012903
8150.337454023418,31.563614372409884,48.48903395079243
8151.216102804077,31.56652787922332,48.49819441555144
8152.094751584736,31.569447204632414,48.50739512378229
8152.973400365395,31.57237260618678,48.51663633486125
8153.852049146053,31.575304341436013,48.52591830816455
8154.730697926712,31.57824266792973,48.535241303068446
8155.6093467073715,31.581187843217528,48.54460557894918
8156.487995488031,31.58414012484901,48.55401139518302
8157.36664426869,31.587099770373786,48.56345901114617
8158.245293049348,31.590067037341456,48.57294868621491
8159.123941830007,31.59304218330163,48.582480679765474
8160.002590610666,31.59602546580391,48.592055251174116
8160.881239391325,31.599017142397898,48.60167265981708
8161.759888171984,31.602017470633207,48.61133316507062
8162.638536952643,31.605026708059434,48.62103702631097
8163.5171857333025,31.608045112226186,48.6307845029144
8164.395834513961,31.61107294068307,48.640575854257115
8165.274483294619,31.614110450979684,48.65041133971539
8166.153132075278,31.617157900665642,48.66029121866549
8167.0317808559375,31.62021554729054,48.670215750483635
8167.910429636597,31.623283648403998,48.68018519454608
8168.789078417256,31.62636246155561,48.690199810229075
8169.667727197914,31.629452244294967,48.70025985690884
8170.546375978573,31.632553254171693,48.71036559396167
8171.425024759232,31.63566574873539,48.72051728076377
8172.303673539891,31.638789985535663,48.730715176691426
8173.18232232055,31.641926222122116,48.74095954112085
8174.060971101209,31.645074716044352,48.75125063342831
8174.939619881869,31.648235724851975,48.76158871299005
8175.818268662527,31.651409506094588,48.77197403918229
8176.696917443186,31.654596317321804,48.782406871381326
8177.575566223844,31.657796416083215,48.79288746896335
8178.454215004504,31.661010059928437,48.80341609130467
8179.332863785163,31.664237506407073,48.81399299778149
8180.211512565822,31.667479013068725,48.82461844777007
8181.090161346481,31.670734837462994,48.83529270064666
8181.9688101271395,31.674005237139493,48.846016015787484
8182.847458907799,31.677290469647826,48.85678865256882
8183.726107688457,31.680590792537593,48.86761087036689
8184.604756469116,31.6839064633584,48.87848292855797
8185.483405249775,31.687237739659857,48.88940508651829
8186.362054030435,31.690584878991565,48.9003776036241
8187.240702811094,31.693948138903128,48.91140073925164
8188.119351591752,31.697327776944142,48.922474752777156
8188.99800037241,31.700724050664228,48.9335999035769
8189.87664915307,31.704137217612985,48.94477645102713
8190.755297933729,31.70756753534001,48.956004654504085
8191.633946714388,31.711015261394927,48.967284773384
8192.512595495047,31.714480653327318,48.978617067043146
8193.391244275706,31.717963968686806,48.99000179485776
8194.269893056364,31.721465465022977,49.00143921620405
8195.148541837023,31.724985399885455,49.012929590458334
8196.027190617682,31.728524030823838,49.024473176996814
8196.905839398341,31.732081615387727,49.03607023519575
8197.784488179,31.73565841112673,49.04772102443139
8198.66313695966,31.73925467559045,49.05942580407998
8199.541785740319,31.742870666328496,49.071184833517755
8200.420434520976,31.746506640890463,49.082998372120954
8201.299083301636,31.750162856825963,49.09486667926586
8202.177732082295,31.753839571684605,49.10679001432871
8203.056380862954,31.75753704301599,49.118768636685736
8203.935029643613,31.76125552836972,49.130802805713195
8204.813678424272,31.764995285295402,49.14289278078733
8205.692327204932,31.768756571342642,49.155038821284386
8206.570975985589,31.772539644061034,49.1672411865806
8207.449624766248,31.776344761000203,49.17950013605224
8208.328273546907,31.78017217970974,49.19181592907556
8209.206922327567,31.78402215773925,49.20418882502678
8210.085571108226,31.78789495263835,49.21661908328217
8210.964219888885,31.791790821956628,49.22910696321795
8211.842868669544,31.7957100232437,49.2416527242104
8212.721517450202,31.799652814049157,49.254256625635726
8213.60016623086,31.803619451922625,49.26691892687022
8214.47881501152,31.80761019441369,49.2796398872901
8215.35746379218,31.811625299071974,49.292419766271635
8216.236112572838,31.815665023447067,49.30525882319105
8217.114761353498,31.819729625088584,49.318157317424614
8217.993410134157,31.823819361546118,49.33111550834855
8218.872058914814,31.82793449036928,49.3441336553391
8219.750707695473,31.832075269107676,49.35721201777254
8220.629356476133,31.836241955310918,49.370350855025116
8221.508005256792,31.840434806528595,49.38355042647305
8222.386654037451,31.84465408031033,49.396810991492615
8223.265302818108,31.848900034205702,49.410132809460016
8224.14395159877,31.85317292576435,49.42351613975158
8225.022600379427,31.85747301253585,49.436961241743454
8225.901249160086,31.86180055206982,49.45046837481196
8226.779897940745,31.86615580191586,49.46403779833332
8227.658546721404,31.870539019623582,49.477669771683786
8228.537195502064,31.874950462742582,49.49136455423959
8229.415844282721,31.87939038882246,49.50512240537697
8230.294493063382,31.88385905541285,49.51894358447225
8231.17314184404,31.888356720063317,49.53282835090156
8232.051790624699,31.892883640323497,49.546776964041236
8232.930439405358,31.89744007374298,49.56078968326749
8233.809088186017,31.90202627787137,49.57486676795657
8234.687736966676,31.906642510258283,49.58900847748475
8235.566385747334,31.911289028453304,49.603215071228206
8236.445034527995,31.915966090006066,49.6174868085633
8237.323683308652,31.920673952466142,49.63182394886615
8238.202332089311,31.925412873383163,49.6462267515131
8239.08098086997,31.930183110306718,49.66069547588036
8239.95962965063,31.934984920786423,49.675230381344186
8240.838278431289,31.93981856184149,49.68983172728081
8241.716927211946,31.944683978251025,49.704499773066466
8242.595575992606,31.94958027705226,49.71923477807746
8243.474224773265,31.95450642624501,49.73403700168999
8244.352873553924,31.9594613938291,49.74890670328032
8245.231522334583,31.964444147804347,49.763844142224684
8246.110171115242,31.969453656170582,49.77884957789935
8246.988819895902,31.974488886927624,49.79392326968056
8247.867468676559,31.97954880807528,49.809065476944504
8248.746117457218,31.984632387613402,49.82427605556612
8249.624766237877,31.9897385935418,49.83955296274732
8250.503415018537,31.994866393860296,49.85489359773347
8251.382063799196,32.00001475656872,49.87029535969471
8252.260712579855,32.00518264966688,49.885755647801105
8253.139361360514,32.0103690411546,49.90127186122277
8254.018010141172,32.0155728990317,49.916841399129765
8254.89665892183,32.02079319129803,49.93246166069225
8255.77530770249,32.026028885953394,49.9481300450803
8256.65395648315,32.03127895099762,49.96384395146402
8257.532605263808,32.036542354430516,49.97960077901349
8258.411254044468,32.04181806425191,49.99539792689883
8259.289902825127,32.047105048461646,50.01123279429013
8260.168551605784,32.052402275059514,50.02710278035746
8261.047200386443,32.057708712045354,50.04300528427098
8261.925849167103,32.063023327419,50.05893770520076
8262.804497947762,32.06834508918027,50.0748974423169
8263.683146728421,32.07367296532897,50.09088189478949
8264.56179550908,32.07900592386493,50.10688846178864
8265.44044428974,32.08434293278798,50.12291454248445
8266.319093070397,32.08968296009793,50.13895753604699
8267.197741851056,32.095024973794615,50.1550148416464
8268.076390631715,32.10036794187786,50.171083858452775
8268.955039412374,32.105710832347484,50.1871619856362
8269.833688193034,32.111052613203306,50.20324662236678
8270.712336973691,32.11639225244513,50.21933516781458
8271.590985754352,32.12172871807283,50.2354250211498
8272.46963453501,32.12706097808618,50.2515135815424
8273.348283315669,32.132388000485015,50.26759824816258
8274.226932096328,32.13770875326918,50.28367642018041
8275.105580876987,32.14302220443848,50.29974549676599
8275.984229657646,32.14832732199273,50.31580287708942
8276.862878438304,32.153623073931755,50.33184596032077
8277.741527218965,32.15890842825541,50.34787214563023
8278.620175999622,32.16418235296347,50.36387883218776
8279.498824780281,32.16944381605579,50.379863419163584
8280.37747356094,32.174691785532175,50.39582330572774
8281.2561223416,32.17992522939246,50.41175589105034
8282.134771122259,32.18514311563647,50.42765857430149
8283.013419902916,32.19034441226401,50.443528754651254
8283.892068683577,32.19552808727494,50.45936383126982
8284.770717464235,32.20069310866902,50.47516120332716
8285.649366244894,32.20583844444614,50.49091826999348
8286.528015025553,32.210963062606076,50.506632430438835
8287.406663806212,32.21606593114867,50.52230108383333
8288.285312586871,32.22114601807375,50.53792162934706
8289.163961367529,32.226202291381114,50.5534914661501
8290.042610148188,32.23123371907062,50.56900799341261
8290.921258928847,32.236239269142075,50.584468610304654
8291.799907709506,32.24121790959529,50.59987071599634
8292.678556490166,32.246168608430104,50.615211709657764
8293.557205270825,32.251090333646324,50.63048899045901
8294.435854051484,32.25598205324379,50.6456999575702
8295.314502832141,32.260842735222305,50.660842010161396
8296.1931516128,32.265671347581716,50.67591254740274
8297.07180039346,32.27046685832183,50.69090896846433
8297.950449174119,32.27522823544247,50.70582867251625
8298.829097954778,32.27995444694347,50.72066905872859
8299.707746735437,32.28464446082463,50.73542752627147
8300.586395516097,32.289297245085805,50.750101474314974
8301.465044296754,32.29391176772678,50.76468830202918
8302.343693077413,32.298486996747414,50.77918540858425
8303.222341858072,32.30302190014751,50.79359019315023
8304.100990638732,32.30751544592689,50.80790005489725
8304.97963941939,32.31196660208539,50.82211239299539
8305.85828820005,32.31637433662282,50.83622460661478
8306.73693698071,32.32073761753901,50.85023409492546
8307.615585761367,32.32505541283377,50.86413825709755
8308.494234542026,32.329326690506946,50.87793449230119
8309.372883322685,32.33355041855834,50.891620199706466
8310.251532103344,32.337725564987785,50.905192778483446
8311.130180884003,32.34185109779511,50.91864962780226
8312.008829664663,32.34592598498012,50.931988146832985
8312.887478445322,32.349949194542646,50.94520573474574
8313.76612722598,32.35391969448249,50.95829979071058
8314.644776006638,32.357836452799525,50.97126771389766
8315.523424787298,32.361698437493544,50.98410690347707
8316.402073567957,32.365504616564365,50.99681475861889
8317.280722348616,32.36925395801182,51.00938867849324
8318.159371129275,32.372945429835724,51.021826062270186
8319.038019909935,32.376578000035906,51.03412430911986
8319.916668690592,32.38015063661218,51.04628081831411
8320.795317471251,32.383662307564386,51.05829374348352
8321.67396625191,32.387111980892335,51.07016380526899
8322.55261503257,32.39049862459584,51.08189226984633
8323.431263813229,32.39382120667475,51.093480403391354
8324.309912593886,32.39707869512887,51.104929472079846
8325.188561374547,32.400270057958025,51.11624074208768
8326.067210155205,32.403394263162035,51.12741547959061
8326.945858935864,32.40645027874073,51.138454950764476
8327.824507716523,32.409437072693926,51.14936042178508
8328.703156497182,32.41235361302145,51.16013315882823
8329.581805277841,32.41519886772313,51.17077442806975
8330.460454058499,32.417971804798775,51.181285495685415
8331.33910283916,32.420671392248224,51.19166762785112
8332.217751619817,32.42329659807128,51.20192209074256
8333.096400400476,32.425846390267786,51.212050150535624
8333.975049181136,32.42831973683755,51.222053073406116
8334.853697961795,32.430715605780414,51.23193212552983
8335.732346742454,32.43303296509618,51.24168857308259
8336.610995523111,32.43527078278466,51.25132368224018
8337.489644303772,32.437428026845716,51.26083871917846
8338.36829308443,32.43950366527915,51.27023495007318
8339.246941865089,32.44149666608478,51.279513641100195
8340.125590645748,32.44340599726244,51.288676058435314
8341.004239426407,32.445230626811934,51.29772346825433
8341.882888207067,32.446969566201616,51.30665713673307
8342.761536987724,32.44862289309335,51.31547833004732
8343.640185768383,32.45019178960109,51.324188314372925
8344.518834549042,32.45167748896198,51.33278835588568
8345.397483329702,32.45308122441319,51.34127972076139
8346.27613211036,32.45440422919188,51.34966367517588
8347.15478089102,32.4556477365352,51.35794148530495
8348.03342967168,32.456812979680315,51.36611441732442
8348.912078452337,32.457901191864366,51.374183737410064
8349.790727232996,32.45891360632453,51.38215071173775
8350.669376013655,32.45985145629795,51.390016606483265
8351.548024794314,32.4607159750218,51.39778268782241
8352.426673574973,32.46150839573321,51.40545022193102
8353.305322355633,32.46222995166937,51.41302047498489
8354.183971136292,32.46288187606742,51.42049471315982
8355.06261991695,32.463465402164516,51.42787420263162
8355.941268697608,32.463981763197836,51.43516020957613
8356.819917478268,32.4644321924045,51.44235400016915
8357.698566258927,32.4648179230217,51.449456840586485
8358.577215039586,32.46514018828658,51.45646999700395
8359.455863820245,32.46540022143629,51.463394735597355
8360.334512600904,32.46559925570801,51.4702323225425
8361.213161381562,32.46573852433887,51.4769840240152
8362.091810162221,32.46581926056605,51.48365110619129
8362.97045894288,32.4658426976267,51.490234835246554
8363.84910772354,32.46581006875797,51.49673647735681
8364.727756504199,32.46572260719703,51.50315729869788
8365.606405284858,32.46558154618103,51.50949856544556
8366.485054065517,32.46538811894713,51.515761543775675
8367.363702846174,32.465143558732485,51.52194749986402
8368.242351626834,32.46484909877426,51.52805769988641
8369.121000407493,32.4645059723096,51.53409341001867
8369.999649188152,32.46411541257567,51.540055896436606
8370.878297968811,32.46367865280964,51.545946425316025
8371.756946749469,32.46319692624865,51.55176626283272
8372.63559553013,32.462671466129855,51.557516675162546
8373.514244310787,32.462103505690415,51.56319892848127
8374.392893091446,32.46149427816751,51.56881428896473
8375.271541872105,32.460845016798274,51.57436402278873
8376.150190652765,32.460156954819865,51.57984939612907
8377.028839433424,32.45943132546945,51.58527167516158
8377.907488214081,32.45866936198419,51.59063212606206
8378.786136994742,32.45787229760123,51.595932015006326
8379.6647857754,32.457041365557735,51.601172608170174
8380.543434556059,32.45617779909086,51.60635517172944
8381.422083336718,32.45528283143777,51.61148097185992
8382.300732117377,32.454357695835604,51.616551274737425
8383.179380898036,32.453403625521545,51.62156734653777
8384.058029678694,32.45242185373272,51.62653045343676
8384.936678459355,32.45141361370632,51.63144186161023
8385.815327240012,32.45038013867949,51.63630283723395
8386.693976020671,32.449322661889376,51.641114646483764
8387.57262480133,32.448242416573144,51.645878555535475
8388.45127358199,32.44714063596796,51.65059583056488
8389.329922362649,32.44601855331096,51.65526773774781
8390.208571143306,32.44487740183932,51.659895543260056
8391.087219923966,32.443718414790204,51.664480513277454
8391.965868704625,32.44254282540074,51.6690239139758
8392.844517485284,32.44135186690811,51.67352701153091
8393.723166265943,32.44014677254947,51.67799107211859
8394.601815046602,32.438928775561976,51.68241736191465
8395.480463827262,32.437699109182766,51.6868071470949
8396.359112607919,32.43645900664903,51.691161693835156
8397.237761388578,32.435209701197905,51.69548226831123
8398.116410169237,32.433952426066554,51.699770136698945
8398.995058949897,32.432688414492134,51.70402656517409
8399.873707730556,32.4314188997118,51.708252819912474
8400.752356511215,32.43014511496272,51.71245016708993
8401.631005291874,32.42886829348203,51.71661987288226
8402.509654072532,32.42758966850692,51.72076320346526
8403.38830285319,32.42631047327451,51.724881425014765
8404.26695163385,32.42503194102199,51.72897580370658
8405.14560041451,32.4237553049865,51.73304760571651
8406.024249195169,32.4224817984052,51.73709809722036
8406.902897975828,32.42121265451525,51.74112854439395
8407.781546756487,32.41994910655381,51.74514021341309
8408.660195537144,32.418692387758036,51.74913437045359
8409.538844317804,32.417443731365076,51.753112281691266
8410.417493098463,32.41620437061211,51.757075213301924
8411.296141879122,32.414975538736265,51.76102443146137
8412.174790659781,32.41375846897472,51.764961202345425
8413.05343944044,32.41255439456463,51.768886792129905
8413.9320882211,32.41136454874316,51.772802466990605
8414.810737001757,32.41019016474745,51.77670949310334
8415.689385782416,32.409032475814655,51.78060913664394
8416.568034563075,32.40789271518195,51.78450266378818
8417.446683343735,32.4067721160865,51.788391340711904
8418.325332124394,32.405671911765424,51.792276433590914
8419.203980905051,32.40459333545593,51.796159208601004
8420.082629685712,32.403537620395134,51.800040931918026
8420.96127846637,32.40250599982021,51.80392286971773
8421.839927247029,32.40149970696832,51.80780628817598
8422.718576027688,32.40051997507661,51.811692453468574
8423.597224808347,32.39956803738225,51.81558263177131
8424.475873589006,32.398645127122386,51.819478089260016
8425.354522369664,32.39775247753419,51.82338009211048
8426.233171150325,32.3968913218548,51.82728990649854
8427.111819930982,32.39606289332139,51.83120879859998
8427.990468711641,32.3952684224586,51.835138034590635
8428.8691174923,32.39450866787237,51.83907888064631
8429.74776627296,32.39378338189051,51.843032602942806
8430.626415053619,32.39309218763095,51.84700046765595
8431.505063834276,32.392434708211645,51.850983740961524
8432.383712614937,32.39181056675056,51.854983689035386
8433.262361395595,32.391219386365634,51.859001578053295
8434.141010176254,32.39066079017481,51.863038674191095
8435.019658956913,32.39013440129606,51.867096243624594
8435.898307737572,32.389639842847316,51.87117555252961
8436.776956518232,32.389176737946535,51.87527786708192
8437.655605298889,32.38874470971168,51.879404453457354
8438.534254079548,32.38834338126068,51.88355657783175
8439.412902860207,32.387972375711506,51.887735506380885
8440.291551640867,32.38763131618209,51.89194250528058
8441.170200421526,32.3873198257904,51.896178840706646
8442.048849202185,32.38703752765437,51.9004457788349
8442.927497982844,32.38678404489197,51.90474443737566
8443.806146763502,32.386559000621126,51.90907496090785
8444.68479554416,32.38636201795982,51.91343710208763
8445.56344432482,32.386192720025974,51.9178306124947
8446.44209310548,32.38605072993756,51.92225524370877
8447.320741886138,32.38593567081251,51.92671074730954
8448.199390666798,32.38584716576879,51.93119687487673
8449.078039447457,32.38578483792434,51.93571337799004
8449.956688228114,32.38574831039712,51.94026000822915
8450.835337008773,32.38573720630507,51.94483651717381
8451.713985789433,32.385751148766154,51.94944265640371
8452.592634570092,32.38578976089832,51.95407817749856
8453.471283350751,32.385852665819506,51.958742832038055
8454.34993213141,32.38593948664768,51.9634363716019
8455.22858091207,32.386049846500775,51.96815854776981
8456.107229692727,32.38618336849676,51.972909112121485
8456.985878473386,32.38633967575357,51.97768781623663
8457.864527254045,32.38651839138917,51.98249441169497
8458.743176034704,32.38671913852149,51.9873286500762
8459.621824815364,32.38694154026851,51.99219028296002
8460.500473596023,32.38718521974816,51.99707906192614
8461.379122376682,32.38744980007839,52.00199473855427
8462.25777115734,32.38773490437716,52.0069370644241
8463.136419937999,32.388040155762425,52.01190579111536
8464.015068718658,32.38836517735212,52.01690067020776
8464.893717499317,32.388709592264206,52.02192145328098
8465.772366279976,32.38907302361663,52.026967891914744
8466.651015060635,32.38945509452735,52.032039737688756
8467.529663841295,32.38985542811431,52.03713674218272
8468.408312621952,32.39027364749546,52.04225865697633
8469.286961402611,32.390709375788745,52.04740523364931
8470.16561018327,32.39116223611213,52.05257622378136
8471.04425896393,32.39163185158357,52.0577713789522
8471.922907744589,32.392117845320996,52.062990450741516
8472.801556525246,32.392619840442364,52.06823319072902
8473.680205305907,32.39313746006563,52.07349935049443
8474.558854086565,32.393670327308755,52.078788681617425
8475.437502867224,32.39421806528967,52.084100935677746
8476.316151647883,32.39478029712633,52.08943586425508
8477.194800428542,32.395356645936694,52.09479321892914
8478.073449209201,32.3959467348387,52.10017275127962
8478.952097989859,32.39655018695033,52.10557421288623
8479.83074677052,32.397166625389495,52.110997355328706
8480.709395551177,32.39779567327416,52.11644193018671
8481.588044331836,32.39843695372228,52.121907689039965
8482.466693112496,32.39909008985182,52.1273943834682
8483.345341893155,32.399754704780705,52.132901765051095
8484.223990673814,32.40043042162689,52.138429585368364
8485.102639454472,32.401116863508335,52.1439775959997
8485.981288235133,32.401813653542995,52.14954554852484
8486.85993701579,32.40252041484881,52.15513319452345
8487.73858579645,32.40323677054373,52.16074028557528
8488.617234577108,32.40396234374571,52.166366573260014
8489.495883357768,32.40469675757271,52.172011809157354
8490.374532138427,32.40543963514266,52.177675744847015
8491.253180919084,32.40619059957353,52.18335813190868
8492.131829699743,32.40694927398325,52.18905872192211
8493.010478480403,32.40771528148979,52.194777266466964
8493.889127261062,32.40848824521112,52.200513517122964
8494.767776041721,32.40926778826514,52.20626722546981
8495.64642482238,32.410053533769826,52.21203814308722
8496.52507360304,32.410845104843126,52.217826021554885
8497.403722383697,32.41164212460301,52.2236306124525
8498.282371164356,32.4124442161674,52.229451667359825
8499.161019945015,32.41325100265426,52.23528893785652
8500.039668725674,32.414062107181536,52.2411421755223
8500.918317506334,32.41487715286719,52.24701113193688
8501.796966286993,32.41569576282917,52.25289555867996
8502.675615067652,32.416517560185426,52.258795207331254
8503.55426384831,32.417342168053885,52.26470982947045
8504.432912628969,32.41816920955253,52.270639176677264
8505.311561409628,32.418998307799306,52.27658300053142
8506.190210190287,32.41982908591215,52.28254105261259
8507.068858970946,32.42066116700902,52.288513084500515
8507.947507751605,32.421494174207865,52.29449884777489
8508.826156532265,32.42232773062664,52.30049809401541
8509.704805312922,32.423161459383294,52.30651057480178
8510.583454093581,32.423994983595776,52.31253604171373
8511.46210287424,32.424827926382044,52.31857424633094
8512.3407516549,32.425659910860034,52.324624940233136
8513.219400435559,32.42649056014772,52.33068787500002
8514.098049216218,32.42731949736303,52.33676280221128
8514.976697996877,32.428146345623915,52.342849473446655
8515.855346777535,32.42897072804834,52.348947640285814
8516.733995558194,32.42979226775426,52.35505705430849
8517.612644338853,32.430610587859604,52.361177467094386
8518.491293119512,32.431425311482336,52.367308630223214
8519.369941900171,32.432236061740404,52.37345029527466
8520.248590680829,32.43304246175176,52.37960221382843
8521.12723946149,32.43384413463436,52.38576413746427
8522.005888242147,32.43464070350614,52.391935817761826
8522.884537022806,32.435431791485065,52.39811700630086
8523.763185803466,32.43621702168908,52.404307454661044
8524.641834584125,32.43699601723615,52.4105069144221
8525.520483364784,32.4377684012442,52.41671513716374
8526.399132145441,32.43853379683119,52.42293187446564
8527.277780926102,32.43929182711508,52.429156877907545
8528.15642970676,32.44004211521382,52.43538989906913
8529.035078487419,32.440784284245346,52.441630689530115
8529.913727268078,32.44151795732762,52.44787900087021
8530.792376048737,32.44224275757859,52.45413458466913
8531.671024829397,32.44295830811621,52.46039719250655
8532.549673610054,32.44366423205844,52.466666575962186
8533.428322390715,32.4443601525232,52.472942486615786
8534.306971171372,32.44504569262847,52.479224676047
8535.185619952032,32.44572047549219,52.48551289583556
8536.06426873269,32.44638412941386,52.49180689756117
8536.94291751335,32.447036512453906,52.49810643280354
8537.82156629401,32.44767779864858,52.504411253142386
8538.700215074667,32.44830818500927,52.51072111015737
8539.578863855326,32.44892786854741,52.51703575542825
8540.457512635985,32.44953704627438,52.52335494053472
8541.336161416644,32.45013591520161,52.529678417056466
8542.214810197303,32.45072467234047,52.53600593657322
8543.093458977963,32.451303514702374,52.54233725066467
8543.972107758622,32.451872639298735,52.54867211091052
8544.85075653928,32.45243224314095,52.55501026889049
8545.729405319938,32.45298252324042,52.56135147618427
8546.608054100598,32.45352367660854,52.56769548437159
8547.486702881257,32.454055900256726,52.57404204503215
8548.365351661916,32.45457939119638,52.580390909745645
8549.244000442575,32.45509434643891,52.58674183009178
8550.122649223234,32.4556009629957,52.59309455765027
8551.001298003892,32.45609943787817,52.59944884400081
8551.879946784551,32.45658996809771,52.605804440723126
8552.75859556521,32.45707275066574,52.61216109939692
8553.63724434587,32.457547982593645,52.618518571601875
8554.515893126529,32.458015860892836,52.62487660891773
8555.394541907188,32.45847658257472,52.631234962924175
8556.273190687847,32.45893034465069,52.63759338520091
8557.151839468504,32.459377344132164,52.64395162732764
8558.030488249164,32.459817778030526,52.6503094408841
8558.909137029823,32.46025184335719,52.65666657744996
8559.787785810482,32.46067973712356,52.663022788604955
8560.666434591141,32.461101656341036,52.669377825928784
8561.5450833718,32.46151779802103,52.67573144100113
8562.42373215246,32.46192835917492,52.68208338540174
8563.302380933117,32.462333536814135,52.68843341071027
8564.181029713776,32.462733527950064,52.694781268506475
8565.059678494436,32.46312852959412,52.70112671037004
8565.938327275095,32.4635187387577,52.70746948788067
8566.816976055754,32.46390435245221,52.71380935261807
8567.695624836413,32.46428556768904,52.720146056161965
8568.574273617072,32.464662581479615,52.726479350092035
8569.45292239773,32.46503559083531,52.73280898598799
8570.331571178389,32.465404792767565,52.73913471542956
8571.210219959048,32.465770384287744,52.745456289996426
8572.088868739707,32.466132562407275,52.751773461268314
8572.967517520367,32.46649152413756,52.75808598082492
8573.846166301024,32.46684746648999,52.76439360024593
8574.724815081685,32.467200586475975,52.770696071111104
8575.603463862342,32.46755108110692,52.776993145000084
8576.482112643002,32.46789914739421,52.78328457349263
8577.36076142366,32.46824498234928,52.78957010816842
8578.23941020432,32.46858878298352,52.79584950060717
8579.11805898498,32.46893074630831,52.802122502388585
8579.996707765637,32.46927106933508,52.80838886509236
8580.875356546298,32.46960994907523,52.81464834029822
8581.754005326955,32.46994758254015,52.82090067958586
8582.632654107614,32.47028416674126,52.82714563453499
8583.511302888273,32.47061989868994,52.833382956725316
8584.389951668933,32.47095497539761,52.839612397736545
8585.268600449592,32.47128959387568,52.84583370914838
8586.14724923025,32.47162395113554,52.85204664254872
8587.02589801091,32.47195824418859,52.8582510103482
8587.904546791568,32.472292670046244,52.86444683193102
8588.783195572227,32.47262742571989,52.87063417066709
8589.661844352886,32.472962708220955,52.876813089926245
8590.540493133545,32.47329871456082,52.88298365307831
8591.419141914204,32.47363564175089,52.88914592349316
8592.297790694862,32.47397368680258,52.8952999645406
8593.176439475521,32.47431304672728,52.9014458395905
8594.05508825618,32.47465391853641,52.907583612012715
8594.93373703684,32.47499649924136,52.91371334517708
8595.812385817499,32.47534098585352,52.91983510245342
8596.691034598158,32.47568757538433,52.9259489472116
8597.569683378817,32.47603646484516,52.932054942821466
8598.448332159474,32.47638785124742,52.93815315265285
8599.326980940134,32.47674193160252,52.94424364007561
8600.205629720793,32.47709890292186,52.95032646845959
8601.084278501452,32.47745896221685,52.956401701174634
8601.962927282111,32.47782230649888,52.962469401590575
8602.84157606277,32.478189132779356,52.968529633077274
8603.72022484343,32.47855963806969,52.97458245900457
8604.598873624087,32.47893401938128,52.980627942742295
8605.477522404746,32.47931247372553,52.98666614766032
8606.356171185405,32.47969519811383,52.99269713712847
8607.234819966065,32.480082389557595,52.9987209745166
8608.113468746724,32.48047424506823,53.00473772319455
8608.992117527383,32.48087096165714,53.01074744653216
8609.870766308042,32.48127273633572,53.016750207899285
8610.7494150887,32.48167976611537,53.022746070665754
8611.628063869359,32.4820922480075,53.02873509820143
8612.506712650018,32.48251037902351,53.03471735387617
8613.385361430677,32.48293435617481,53.04069290105978
8614.264010211336,32.4833643764728,53.046661803122134
8615.142658991996,32.48380063692887,53.05262412343308
8616.021307772655,32.48424333455444,53.05857992536243
8616.899956553312,32.48469266636091,53.06452927228004
8617.778605333971,32.48514882935967,53.0704722275558
8618.65725411463,32.485612020562144,53.076408854559496
8619.53590289529,32.486082436979714,53.082339216661005
8620.414551675949,32.486560275623795,53.08826337723018
8621.293200456606,32.48704573350579,53.09418139963682
8622.171849237267,32.4875390076371,53.10009334725082
8623.050498017925,32.48804029502912,53.10599928344199
8623.929146798584,32.48854979269326,53.1118992715802
8624.807795579243,32.489067697640934,53.11779337503528
8625.686444359902,32.48959420688353,53.1236816571771
8626.565093140562,32.49012951743245,53.129564181375464
8627.443741921219,32.49067382629911,53.13544101100023
8628.32239070188,32.49122733049489,53.14131220942129
8629.201039482537,32.491790227031224,53.1471778400084
8630.079688263197,32.49236271291949,53.153037966131485
8630.958337043856,32.49294498517111,53.158892651160365
8631.836985824515,32.49353724079746,53.164741958464866
8632.715634605174,32.494139676809965,53.17058595141485
8633.594283385832,32.49475249022003,53.17642469338015
8634.472932166493,32.49537587803905,53.18225824773064
8635.35158094715,32.496010037278424,53.18808667783611
8636.23022972781,32.49665516494956,53.19391004706647
8637.108878508468,32.49731143844496,53.19972841879152
8637.987527289128,32.49797885234243,53.205541856381124
8638.866176069787,32.49865730172181,53.21135042320513
8639.744824850444,32.49934668066627,53.21715418263335
8640.623473631103,32.50004688325893,53.22295319803568
8641.502122411763,32.500757803582914,53.22874753278193
8642.380771192422,32.50147933572135,53.234537250241964
8643.259419973081,32.502211373757376,53.240322413785606
8644.13806875374,32.502953811774134,53.24610308678271
8645.0167175344,32.50370654385474,53.25187933260313
8645.895366315057,32.504469464082334,53.25765121461669
8646.774015095716,32.50524246654003,53.263418796193264
8647.652663876375,32.506025445310996,53.269182140702675
8648.531312657035,32.50681829447832,53.27494131151479
8649.409961437694,32.50762090812517,53.28069637199942
8650.288610218353,32.508433180334656,53.28644738552644
8651.167258999012,32.509255005189914,53.29219441546568
8652.04590777967,32.510086276774075,53.297937525186974
8652.924556560329,32.51092688917028,53.303676778060186
8653.803205340988,32.51177673646165,53.30941223745518
8654.681854121647,32.51263571273131,53.31514396674176
8655.560502902306,32.51350371206241,53.32087202928979
8656.439151682966,32.51438062853807,53.32659648846912
8657.317800463625,32.51526635624142,53.332317407649576
8658.196449244282,32.51616078925559,53.33803485020101
8659.075098024941,32.51706382166372,53.34374887949329
8659.9537468056,32.51797534754895,53.349459558896235
8660.83239558626,32.518895260994384,53.3551669517797
8661.711044366919,32.519823456083174,53.36087112151354
8662.589693147578,32.52075982689845,53.36657213146757
8663.468341928237,32.52170426752333,53.37227004501165
8664.346990708895,32.52265667204095,53.37796492551564
8665.225639489554,32.523616934534466,53.38365683634937
8666.104288270213,32.52458494908698,53.38934584088269
8666.982937050872,32.525560609781635,53.39503200248544
8667.861585831532,32.52654381070155,53.40071538452747
8668.740234612189,32.52753444592987,53.40639605037862
8669.61888339285,32.52853240954973,53.412074063408745
8670.497532173507,32.52953759564425,53.41774948698766
8671.376180954167,32.53054989829656,53.42342238448525
8672.254829734826,32.53156921158982,53.42909281927135
8673.133478515485,32.53259542960711,53.43476085471578
8674.012127296144,32.533628446431614,53.44042655418841
8674.890776076802,32.53466815614643,53.446089981059075
8675.769424857463,32.535714452834696,53.45175119869764
8676.64807363812,32.53676723057954,53.457410270473915
8677.52672241878,32.537826383464115,53.463067259757764
8678.405371199438,32.53889180557153,53.468722229919024
8679.284019980098,32.53996339098493,53.474375244327554
8680.162668760757,32.54104103378744,53.4800263663532
8681.041317541414,32.54212462806218,53.485675659365775
8681.919966322075,32.543214067892315,53.49132318673517
8682.798615102733,32.54430924736093,53.4969690118312
8683.677263883392,32.5454100605512,53.50261319802371
8684.555912664051,32.54651640154622,53.50825580868256
8685.43456144471,32.547628164429156,53.51389690717758
8686.31321022537,32.548745243283115,53.51953655687863
8687.191859006027,32.54986753219123,53.52517482115553
8688.070507786686,32.550994925236644,53.53081176337815
8688.949156567345,32.55212731650248,53.53644744691634
8689.827805348004,32.55326460007188,53.54208193513992
8690.706454128664,32.55440667002796,53.547715291418754
8691.585102909323,32.55555342045386,53.553347579122665
8692.463751689982,32.556704745432704,53.55897886162153
8693.34240047064,32.55786053904763,53.56460920228516
8694.221049251299,32.55902069538178,53.57023866448342
8695.099698031958,32.56018510851827,53.57586731158616
8695.978346812617,32.561353672540235,53.58149520696322
8696.856995593276,32.562526281530815,53.587122413984424
8697.735644373935,32.563702829573124,53.59274899601965
8698.614293154595,32.5648832107503,53.598375016438716
8699.492941935252,32.56606731914548,53.60400053861147
8700.371590715911,32.5672550488418,53.60962562590778
8701.25023949657,32.568446293922385,53.61525034169748
8702.12888827723,32.56964094847036,53.6208747493504
8703.007537057889,32.570838906568866,53.62649891223641
8703.886185838548,32.57204006230103,53.63212289372533
8704.764834619207,32.57324430974998,53.63774675718701
8705.643483399865,32.57445154299885,53.64337056599131
8706.522132180524,32.575661656130784,53.64899438350806
8707.400780961183,32.57687454322889,53.65461827310711
8708.279429741842,32.57809009837633,53.660242298158316
8709.158078522501,32.5793082156562,53.66586652203151
8710.03672730316,32.58052878915166,53.67149100809653
8710.91537608382,32.58175171294582,53.67711581972325
8711.794024864477,32.58297688112182,53.68274102028146
8712.672673645136,32.5842041877628,53.68836667314107
8713.551322425796,32.58543352695189,53.69399284167189
8714.429971206455,32.58666479277221,53.699619589243774
8715.308619987114,32.58789787930689,53.70524697922655
8716.187268767773,32.589132680639075,53.710875125287764
8717.065917548432,32.590369090851894,53.716504765758984
8717.94456632909,32.59160700402847,53.722137061801156
8718.823215109749,32.59284631425194,53.727773182568924
8719.701863890408,32.59408691560544,53.733414297216825
8720.580512671067,32.59532870217209,53.7390615748995
8721.459161451727,32.596571568035024,53.74471618477151
8722.337810232384,32.59781540727738,53.75037929598744
8723.216459013045,32.5990601139823,53.756052077701945
8724.095107793702,32.60030558223288,53.76173569906954
8724.973756574362,32.601551706112275,53.767431329244864
8725.85240535502,32.60279837970363,53.773140137382505
8726.73105413568,32.60404549709005,53.77886329263705
8727.60970291634,32.60529295235468,53.78460196416309
8728.488351696997,32.60654063958064,53.790357321115216
8729.367000477658,32.60778845285108,53.79613053264805
8730.245649258315,32.609036286249115,53.80192276791614
8731.124298038974,32.610284033857894,53.80773519607411
8732.002946819634,32.611531589760524,53.81356898627655
8732.881595600293,32.612778848040165,53.81942530767805
8733.760244380952,32.61402570277992,53.82530532943321
8734.63889316161,32.615272048062934,53.8312102206966
8735.51754194227,32.61651777797235,53.83714115062285
8736.396190722928,32.61776278659128,53.84309928836652
8737.274839503587,32.61900696800286,53.849085803082204
8738.153488284246,32.62025021629023,53.85510186392453
8739.032137064905,32.62149242553651,53.86114864004807
8739.910785845565,32.622733489824846,53.86722730060741
8740.789434626222,32.62397330323835,53.873339014757136
8741.668083406881,32.625211759860164,53.879484951651875
8742.54673218754,32.62644875377343,53.885666280446195
8743.4253809682,32.62768417906127,53.8918841702947
8744.304029748859,32.6289179298068,53.898139790351976
8745.182678529518,32.63014990009318,53.904434309772626
8746.061327310177,32.631379984003516,53.91076889771124
8746.939976090835,32.63260807562095,53.91714472332239
8747.818624871494,32.63383406902863,53.923562955760694
8748.697273652153,32.63505785830966,53.93002476418075
8749.575922432812,32.63627933754717,53.93653131773713
8750.454571213471,32.63749840082433,53.943083785584456
8751.33321999413,32.638714942224226,53.94968333687729
8752.21186877479,32.63992885583003,53.95633114077023
8753.090517555447,32.64114003572483,53.96302836641789
8753.969166336106,32.64234837599179,53.969776182974854
8754.847815116766,32.643553770714036,53.97657575959571
8755.726463897425,32.64475611397469,53.98342826543506
8756.605112678084,32.64595529985688,53.990334869647484
8757.483761458743,32.64715122244377,53.99729674138759
8758.362410239402,32.64834377581844,54.00431504980997
8759.24105902006,32.649532858044765,54.01139096406919
8760.119707800719,32.6507184531846,54.01852565331988
8760.998356581378,32.65190062831886,54.02572028671663
8761.877005362037,32.653079453913136,54.03297603341401
8762.755654142697,32.65425500043301,54.04029406256663
8763.634302923356,32.65542733834407,54.047675543329085
8764.512951704015,32.65659653811189,54.05512164485596
8765.391600484672,32.657762670202054,54.06263353630183
8766.270249265332,32.65892580508016,54.070212386821346
8767.14889804599,32.66008601321178,54.07785936556904
8768.02754682665,32.6612433650625,54.08557564169955
8768.90619560731,32.6623979310979,54.093362384367445
8769.784844387967,32.66354978178359,54.101220762727294
8770.663493168628,32.664698987585126,54.109151945933775
8771.542141949285,32.665845618968106,54.11715710314138
8772.420790729944,32.666989746398094,54.12523740350476
8773.299439510603,32.66813144034071,54.133394016178514
8774.178088291263,32.66927077126151,54.14162811031721
8775.056737071922,32.67040780962609,54.14994085507545
8775.93538585258,32.67154262590003,54.15833341960781
8776.81403463324,32.672675290548916,54.16680697306894
8777.692683413898,32.673805874038344,54.17536268461336
8778.571332194557,32.67493444683388,54.18400172339571
8779.449980975216,32.676061079401116,54.192725258570576
8780.328629755875,32.67718584220563,54.201534459292546
8781.207278536534,32.678308805713016,54.21043049471621
8782.085927317192,32.67943004038886,54.21941453399616
8782.964576097853,32.680549616698734,54.228487746287016
8783.84322487851,32.68166760510823,54.23765130074332
8784.72187365917,32.682784076082925,54.24690636651972
8785.600522439829,32.683899100088425,54.25625411277078
8786.479171220488,32.68501274759029,54.265695708651094
8787.357820001147,32.68612508905412,54.27523232331527
8788.236468781804,32.687236194945484,54.28486492157249
8789.115117562464,32.68834613572999,54.294592729201796
8789.993766343123,32.6894549818732,54.30441409305129
8790.872415123782,32.6905628038407,54.314327353183
8791.751063904441,32.69166967209809,54.32433084965899
8792.6297126851,32.69277565711094,54.3344229225413
8793.50836146576,32.69388082934484,54.34460191189198
8794.387010246417,32.69498525926537,54.35486615777303
8795.265659027076,32.69608901733813,54.36521400024657
8796.144307807735,32.69719217402869,54.3756437793746
8797.022956588395,32.69829479980263,54.38615383521918
8797.901605369054,32.69939696512555,54.39674250784235
8798.780254149713,32.70049874046302,54.40740813730615
8799.658902930372,32.70160019628063,54.41814906367262
8800.53755171103,32.70270140304397,54.42896362700381
8801.416200491689,32.70380243121862,54.439850167361776
8802.294849272348,32.70490335127015,54.45080702480856
8803.173498053007,32.70600423366417,54.4618325394062
8804.052146833666,32.70710514886624,54.472925051216755
8804.930795614326,32.70820616734197,54.484082900302255
8805.809444394985,32.70930735955693,54.49530442672476
8806.688093175642,32.71040879597669,54.50658797054626
8807.566741956301,32.711510547066865,54.517931871828885
8808.44539073696,32.712612683293024,54.52933447063463
8809.32403951762,32.71371527512075,54.54079410702556
8810.20268829828,32.71481839301562,54.55230912106371
8811.081337078938,32.71592210744323,54.56387785281112
8811.959985859598,32.717026488869166,54.57549864232985
8812.838634640255,32.718131607759005,54.587169829681905
8813.717283420914,32.71923753457833,54.59888975492938
8814.595932201573,32.720344339792746,54.610656758134304
8815.474580982233,32.7214520938678,54.62246917935872
8816.353229762892,32.72256086726912,54.634325358664675
8817.231878543551,32.723670730462246,54.64622363611421
8818.11052732421,32.724781753912794,54.65816235176937
8818.989176104868,32.72589400808634,54.67013984569217
8819.867824885527,32.72700756344847,54.682154457944726
8820.746473666186,32.728122490464756,54.69420452858903
8821.625122446845,32.7292388596008,54.70628839768715
8822.503771227504,32.730356741322176,54.71840440530112
8823.382420008162,32.73147620609446,54.73055089149297
8824.261068788823,32.73259732438326,54.742726196324796
8825.13971756948,32.73372016665414,54.75492865985857
8826.01836635014,32.7348448033727,54.7671566221564
8826.897015130799,32.73597130500451,54.7794084232803
8827.775663911458,32.73709974201517,54.79168240329233
8828.654312692117,32.73823018487023,54.803976902254526
8829.532961472774,32.73936270403532,54.81629026022891
8830.411610253435,32.740497369976,54.82862081727761
8831.290259034093,32.74163425315786,54.84096691346255
8832.168907814752,32.74277342404647,54.85332688884587
8833.047556595411,32.74391495310744,54.86569908348958
8833.92620537607,32.745058910806335,54.87808183745574
8834.80485415673,32.74620536760875,54.89047349080637
8835.683502937387,32.74735439398025,54.90287238360351
8836.562151718048,32.74850606038645,54.91527685590927
8837.440800498705,32.74966043729292,54.9276852477856
8838.319449279365,32.75081759372005,54.94009589929462
8839.198098060024,32.75197755194104,54.95250715049835
8840.076746840683,32.753140278458254,54.96491734145883
8840.955395621342,32.75430573650656,54.97732481223811
8841.834044402,32.75547388932079,54.98972790289821
8842.712693182659,32.7566447001358,55.00212495350122
8843.591341963318,32.757818132186436,55.014514304109184
8844.469990743977,32.75899414870754,55.026894294784114
8845.348639524636,32.76017271293396,55.03926326558807
8846.227288305296,32.76135378810055,55.0516195565831
8847.105937085955,32.76253733744215,55.063961507831245
8847.984585866612,32.763723324193606,55.076287459394514
8848.863234647271,32.76491171158977,55.08859575133502
8849.74188342793,32.76610246286549,55.10088472371478
8850.62053220859,32.76729554125561,55.113152716595835
8851.499180989249,32.76849090999498,55.12539807004022
8852.377829769908,32.76968853231844,55.137619124109996
8853.256478550567,32.77088837146084,55.14981421886721
8854.135127331225,32.772090390657034,55.16198169437387
8855.013776111884,32.77329455314187,55.174119890692076
8855.892424892543,32.77450082215017,55.186227147883855
8856.771073673202,32.77570916091681,55.19830180601124
8857.649722453862,32.77691953267662,55.21034220513628
8858.52837123452,32.77813190066447,55.22234668532103
8859.40702001518,32.77934622811517,55.234313586627515
8860.285668795837,32.780562478263604,55.246241249117766
8861.164317576497,32.78178061434459,55.258128012853895
8862.042966357156,32.783000599592995,55.26997221789789
8862.921615137815,32.78422239724367,55.28177220431182
8863.800263918474,32.785445970531434,55.29352631215771
8864.678912699133,32.78667128269117,55.30523288149763
8865.557561479793,32.787898296957685,55.316890252393605
8866.43621026045,32.78912697656585,55.32849676490767
8867.31485904111,32.79035728475052,55.34005075910191
8868.193507821768,32.79158918474653,55.35155057503835
8869.072156602428,32.79282263978872,55.36299455277903
8869.950805383087,32.79405761311195,55.374381032386005
8870.829454163744,32.79529406795106,55.38570835392128
8871.708102944405,32.79653196754091,55.396974857446985
8872.586751725063,32.797771275116325,55.40817888302506
8873.465400505722,32.79901195391217,55.41931877071764
8874.344049286381,32.80025396716328,55.43039286058672
8875.22269806704,32.80149727810451,55.44139949269437
8876.1013468477,32.802741849970715,55.452337007102614
8876.979995628357,32.80398764599671,55.46320374387349
8877.858644409018,32.805234629417384,55.4739980430691
8878.737293189675,32.80648276346756,55.484718244751406
8879.615941970334,32.80773201138208,55.49536268898252
8880.494590750994,32.808982336395815,55.505929715824465
8881.373239531653,32.810233701743584,55.51641767524167
8882.251888312312,32.811486070660244,55.52682570037254
8883.13053709297,32.81273940638066,55.537154261609345
8884.00918587363,32.81399367213966,55.5474039601065
8884.887834654288,32.815248831172084,55.557575397018326
8885.766483434947,32.816504846712796,55.56766917349926
8886.645132215606,32.817761681996636,55.57768589070366
8887.523780996265,32.81901930025846,55.58762614978591
8888.402429776925,32.82027766473311,55.59749055190041
8889.281078557582,32.82153673865542,55.60727969820148
8890.159727338241,32.82279648526025,55.616994189843574
8891.0383761189,32.82405686778244,55.62663462798104
8891.91702489956,32.825317849456844,55.63620161376827
8892.795673680219,32.826579393518315,55.645695748359636
8893.674322460878,32.827841463201686,55.65511763290952
8894.552971241537,32.82910402174181,55.664467868572316
8895.431620022195,32.83036703237353,55.67374705650238
8896.310268802854,32.83163045833171,55.68295579785412
8897.188917583513,32.83289426285118,55.69209469378191
8898.067566364172,32.834158409166776,55.701164345440134
8898.946215144832,32.835422860513376,55.710165353983164
8899.82486392549,32.836687580125805,55.719098320565394
8900.70351270615,32.83795253123892,55.72796384634121
8901.582161486807,32.83921767708756,55.73676253246495
8902.460810267467,32.84048298090658,55.74549498009104
8903.339459048126,32.841748405930815,55.75416179037386
8904.218107828785,32.843013915395126,55.76276356446778
8905.096756609444,32.84427947253436,55.771300903527184
8905.975405390103,32.845545040583346,55.77977440870645
8906.854054170763,32.84681058277695,55.78818468115997
8907.73270295142,32.84807606235001,55.7965323220421
8908.61135173208,32.84934144253739,55.80481793250724
8909.490000512738,32.85060668657391,55.81304211370979
8910.368649293398,32.851871757694425,55.82120546680411
8911.247298074057,32.85313661913379,55.82930859294458
8912.125946854716,32.854401234126854,55.83735209328559
8913.004595635375,32.85566556590845,55.84533656898152
8913.883244416033,32.856929577713444,55.85326262118674
8914.761893196692,32.858193232776664,55.86113085105564
8915.640541977351,32.859456494332974,55.86894185974261
8916.51919075801,32.86071932561721,55.87669624840203
8917.39783953867,32.86198168986422,55.884394618188274
8918.276488319327,32.86324355030886,55.89203757025571
8919.155137099988,32.864504870185975,55.89962570575876
8920.033785880645,32.86576561273039,55.90715962585176
8920.912434661304,32.867025741176974,55.91463993168913
8921.791083441964,32.86828521876057,55.92206722442523
8922.669732222623,32.869544008716026,55.92944210521445
8923.548381003282,32.870802074278195,55.93676517521117
8924.42702978394,32.872059378681904,55.94403703556975
8925.3056785646,32.87331588516202,55.951258287444624
8926.184327345258,32.87457155695338,55.958429531990106
8927.062976125917,32.87582635729083,55.96555137036063
8927.941624906576,32.877080249409225,55.97262440371056
8928.820273687235,32.87833319654341,55.97964923319428
8929.698922467895,32.879585161928226,55.986626459966175
8930.577571248552,32.88083610879852,55.99355668518059
8931.456220029213,32.88208600038915,56.00044050999198
8932.33486880987,32.88333479993496,56.007278535554654
8933.21351759053,32.88458247067078,56.01407136302305
8934.092166371189,32.88582897583148,56.02081959355151
8934.970815151848,32.887074278651895,56.027523828294434
8935.849463932507,32.888318342366865,56.0341846684062
8936.728112713165,32.88956113021126,56.040802715041174
8937.606761493824,32.89080260541991,56.04737856935376
8938.485410274483,32.89204273122766,56.05391283249834
8939.364059055142,32.89328147086937,56.06040610562928
8940.242707835801,32.89451878757987,56.066858989900986
8941.12135661646,32.89575464459402,56.07327208646781
8942.00000539712,32.896989005146665,56.07964599648415
8942.878654177777,32.89822183247265,56.08598132110437
8943.757302958436,32.899453089806826,56.09227866148289
8944.635951739096,32.90068274038403,56.09853861877405
8945.514600519755,32.90191074743912,56.10476179413226
8946.393249300414,32.90313707482013,56.11094878871189
8947.271898081073,32.90436169574962,56.11710020366733
8948.150546861732,32.90558459077,56.12321664015295
8949.02919564239,32.90680574061803,56.129298699323115
8949.907844423049,32.90802512603048,56.135346982332244
8950.786493203708,32.90924272774412,56.14136209033472
8951.665141984367,32.91045852649571,56.14734462448488
8952.543790765027,32.911672503022025,56.15329518593715
8953.422439545686,32.91288463805981,56.15921437584589
8954.301088326345,32.91409491234586,56.165102795365485
8955.179737107002,32.91530330661691,56.1709610456503
8956.058385887662,32.916509801609756,56.17678972785476
8956.93703466832,32.917714378061135,56.18258944313321
8957.81568344898,32.91891701670784,56.18836079264005
8958.69433222964,32.92011769828662,56.19410437752966
8959.572981010298,32.92131640353425,56.1998207989564
8960.451629790958,32.922513113187485,56.20551065807468
8961.330278571615,32.9237078079831,56.21117455603885
8962.208927352274,32.92490046865786,56.216813094003335
8963.087576132933,32.92609107594853,56.22242687312248
8963.966224913593,32.92727961059187,56.22801649455068
8964.844873694252,32.928466053324655,56.233582559442326
8965.723522474911,32.929650384883644,56.23912566895178
8966.60217125557,32.93083258600561,56.24464642423344
8967.480820036228,32.93201263742731,56.25014542644166
8968.359468816887,32.93319051988553,56.255623276730866
8969.238117597546,32.934366214117006,56.26108057625541
8970.116766378205,32.935539700858534,56.26651792616968
8970.995415158864,32.93671096084685,56.271935927628064
8971.874063939522,32.93787997481874,56.27733518178492
8972.752712720183,32.93904672351097,56.28271628979467
8973.63136150084,32.940211187660296,56.28807985281165
8974.5100102815,32.94137334800349,56.29342647199028
8975.388659062159,32.94253318527731,56.29875674848492
8976.267307842818,32.94369068021854,56.304071283449964
8977.145956623477,32.94484581356393,56.309370678039784
8978.024605404134,32.94599856605025,56.314655533408754
8978.903254184796,32.94714891841427,56.319926450711286
8979.781902965453,32.94829685139275,56.32518403110172
8980.660551746112,32.94944234572246,56.330428875734476
8981.539200526771,32.95058538214017,56.33566158576392
8982.41784930743,32.951725941382634,56.34088276234443
8983.29649808809,32.952864004186615,56.3460930066304
8984.175146868747,32.9539995512889,56.35129291977618
8985.053795649408,32.95513256342625,56.356483102936195
8985.932444430066,32.95626302133542,56.36166415726479
8986.811093210725,32.95739090575317,56.36683668391637
8987.689741991384,32.95851619741628,56.37200128404531
8988.568390772043,32.95963887706152,56.377158558805995
8989.447039552702,32.96075892542565,56.382309109352796
8990.32568833336,32.96187632324543,56.3874535368401
8991.204337114019,32.962991051257625,56.392592442422284
8992.082985894678,32.96410309019902,56.39772642725375
8992.961634675337,32.96521242080635,56.40285609248886
8993.840283455997,32.96631902381641,56.407982039282004
8994.718932236656,32.967422879965945,56.41310486878756
8995.597581017315,32.968523969991736,56.418225182159915
8996.476229797972,32.969622274630545,56.42334358055343
8997.354878578632,32.97071777461913,56.42846066512251
8998.23352735929,32.97181045069427,56.43357703702152
8999.11217613995,32.972900283592715,56.43869329740487
8999.99082492061,32.973987254051245,56.443810047426915
9000.869473701268,32.975071342806615,56.44892788824204
9001.748122481928,32.976152530595606,56.45404742100464
9002.626771262585,32.97723079815498,56.45916924686907
9003.505420043244,32.97830612622148,56.464293966937845
9004.384068823903,32.979378495531904,56.469422059517875
9005.262717604563,32.980447886822994,56.4745536171955
9006.141366385222,32.98151428083153,56.479688657017775
9007.020015165881,32.982577658294275,56.484827196031716
9007.89866394654,32.983637999948,56.48996925128439
9008.777312727198,32.98469528652945,56.49511483982281
9009.655961507857,32.98574949877541,56.500263978694065
9010.534610288516,32.98680061742265,56.50541668494516
9011.413259069175,32.987848623207924,56.51057297562314
9012.291907849834,32.988893496868,56.515732867775064
9013.170556630494,32.989935219139646,56.52089637844796
9014.049205411153,32.990973770759624,56.52606352468888
9014.92785419181,32.992009132464695,56.53123432354484
9015.80650297247,32.99304128499164,56.53640879206291
9016.685151753129,32.99407020907723,56.54158694729012
9017.563800533788,32.99509588545821,56.54676880627352
9018.442449314447,32.99611829487136,56.55195438606016
9019.321098095104,32.99713741805343,56.55714370369704
9020.199746875765,32.998153235741206,56.562336776231255
9021.078395656423,32.99916572867144,56.5675336207098
9021.957044437082,33.00017487758091,56.572734254179764
9022.835693217741,33.00118066320638,56.577938693688154
9023.7143419984,33.002183066284594,56.58314695628202
9024.59299077906,33.00318206755234,56.588359059008404
9025.471639559717,33.004177647746374,56.59357501891434
9026.350288340378,33.005169787603485,56.59879485304692
9027.228937121035,33.00615846786041,56.60401857845311
9028.107585901695,33.00714366925392,56.60924621217999
9028.986234682354,33.008125372520794,56.61447777127461
9029.864883463013,33.00910355839779,56.619713272784004
9030.743532243672,33.010078207621675,56.6249527337552
9031.62218102433,33.0110493009292,56.630196171235255
9032.50082980499,33.01201681905717,56.63544360227122
9033.379478585648,33.012980742742315,56.6406950439101
9034.258127366307,33.01394105272141,56.64595051319898
9035.136776146966,33.014897729731224,56.65121002718489
9036.015424927626,33.01585075450853,56.65647360291485
9036.894073708285,33.016800107790075,56.66174125743592
9037.772722488942,33.017745770312644,56.66701300779513
9038.651371269601,33.018687722813,56.67228887103954
9039.53002005026,33.019625946027894,56.677568864216184
9040.40866883092,33.0205604206941,56.682853004372106
9041.287317611579,33.02149112754839,56.688141308554336
9042.165966392238,33.022418047327534,56.69343379380994
9043.044615172897,33.023341160768275,56.69873047718593
9043.923263953555,33.02426044860741,56.70403137572936
9044.801912734214,33.025175891581675,56.709336506487276
9045.680561514873,33.02608747042787,56.71464588650672
9046.559210295532,33.026995165882724,56.71995953283474
9047.437859076192,33.02789895868302,56.72527746251836
9048.31650785685,33.02879882956553,56.73059969260464
9049.19515663751,33.02969475926701,56.73592624014061
9050.073805418167,33.030586728524234,56.7412571221733
9050.952454198827,33.03147471807396,56.74659235574978
9051.831102979486,33.03235870865296,56.7519319579171
9052.709751760145,33.033238680998,56.75727594572226
9053.588400540804,33.03411461584584,56.762624336212326
9054.467049321463,33.03498649393324,56.76797714643434
9055.345698102123,33.03585429599699,56.77333439343535
9056.22434688278,33.03671800277383,56.77869609426236
9057.10299566344,33.03757759500055,56.78406226596246
9057.981644444098,33.0384330534139,56.78943292558267
9058.860293224758,33.03928435875064,56.79480809017004
9059.738942005417,33.04013149174756,56.800187776771615
9060.617590786076,33.0409744331414,56.80557200243442
9061.496239566735,33.04181316366894,56.81096078420549
9062.374888347393,33.04264766406694,56.816354139131896
9063.253537128052,33.04347791507218,56.82175208426066
9064.132185908711,33.04430389742141,56.827154636638845
9065.01083468937,33.045125591851395,56.83256181331347
9065.88948347003,33.04594297909892,56.83797363133158
9066.768132250689,33.04675603990073,56.843390107740234
9067.646781031348,33.047564754993594,56.848811259586455
9068.525429812005,33.04836910511429,56.85423710391728
9069.404078592665,33.049169070999575,56.859667657779774
9070.282727373324,33.04996463338622,56.865102938220964
9071.161376153983,33.050755773010984,56.8705429622879
9072.040024934642,33.051542470610634,56.87598774702762
9072.9186737153,33.052324706921944,56.881437309487154
9073.79732249596,33.05310246268168,56.88689166671358
9074.675971276618,33.053875718626585,56.892350835753895
9075.554620057277,33.05464445559459,56.89781483365517
9076.433268837936,33.055408679135205,56.90328367746444
9077.311917618596,33.056168451633305,56.908757384228736
9078.190566399255,33.05692384343464,56.91423597099511
9079.069215179912,33.05767492488493,56.919719454810604
9079.947863960573,33.058421766329914,56.925207852722274
9080.82651274123,33.05916443811532,56.93070118177712
9081.70516152189,33.059903010586886,56.93619945902222
9082.583810302549,33.060637554090334,56.94170270150461
9083.462459083208,33.06136813897141,56.94721092627133
9084.341107863867,33.06209483557582,56.95272415036943
9085.219756644525,33.06281771424932,56.95824239084591
9086.098405425186,33.06353684533764,56.96376566474788
9086.977054205843,33.06425229918649,56.96929398912233
9087.855702986502,33.06496414614161,56.97482738101632
9088.734351767162,33.065672456548754,56.98036585747688
9089.61300054782,33.066377300753636,56.985909435551086
9090.49164932848,33.067078749101974,56.991458132285935
9091.370298109137,33.06777687193952,56.99701196472849
9092.248946889797,33.068471739611994,57.00257094992579
9093.127595670456,33.06916342246514,57.00813510492489
9094.006244451115,33.069851990844676,57.01370444677283
9094.884893231774,33.07053751509635,57.01927899251663
9095.763542012433,33.07122006556587,57.02485875920335
9096.642190793093,33.071899712598984,57.03044376388002
9097.52083957375,33.07257652654142,57.036034023593686
9098.39948835441,33.073250577738904,57.0416295553914
9099.278137135068,33.07392193653717,57.0472303763202
9100.156785915728,33.07459067328197,57.052836503427116
9101.035434696387,33.075256858318994,57.058447953759206
9101.914083477046,33.07592056199401,57.064064744363506
9102.792732257705,33.07658185465274,57.06968689228705
9103.671381038363,33.0772408066409,57.07531441457689
9104.550029819022,33.07789748830424,57.08094732828006
9105.428678599681,33.07855196998848,57.08658565044362
9106.30732738034,33.07920432203936,57.09222939811459
9107.185976161,33.07985461480261,57.09787858834002
9108.064624941659,33.08050291862395,57.10353323816695
9108.943273722318,33.081149303849124,57.10919336464242
9109.821922502975,33.08179384082386,57.11485898481347
9110.700571283634,33.0824365998939,57.12053011572716
9111.579220064294,33.08307765140495,57.12620677443052
9112.457868844953,33.083717065702764,57.1318889779706
9113.336517625612,33.08435491313307,57.13757674339442
9114.215166406271,33.084991264041584,57.14327008774904
9115.09381518693,33.08562618877406,57.14896902808149
9115.972463967588,33.08625975767621,57.15467358143882
9116.851112748247,33.086892041093776,57.16038376486807
9117.729761528906,33.08752310937248,57.16609959541629
9118.608410309565,33.08815303285808,57.17182109013052
9119.487059090225,33.08878188189627,57.1775482660578
9120.365707870882,33.0894097268328,57.18328114024514
9121.244356651543,33.09003663801341,57.18901972973964
9122.1230054322,33.09066268578382,57.194764051588294
9123.00165421286,33.091287940489764,57.20051412283817
9123.880302993519,33.09191247247697,57.20626996053631
9124.758951774178,33.09253635209117,57.21203158172974
9125.637600554837,33.09315964967811,57.217799003465515
9126.516249335495,33.0937824355835,57.22357224279066
9127.394898116156,33.094404780153084,57.22935131675226
9128.273546896813,33.09502675373259,57.23513624239729
9129.152195677472,33.09564842666775,57.24092703677283
9130.030844458131,33.096269869304294,57.24672371692594
9130.90949323879,33.096891151987954,57.25252629990364
9131.78814201945,33.09751234506447,57.25833480275297
9132.666790800107,33.098133518879564,57.26414924252096
9133.545439580768,33.098754743778976,57.26996963625469
9134.424088361426,33.099376090108414,57.27579600100116
9135.302737142085,33.099997628213636,57.28162835380745
9136.181385922744,33.10061942844036,57.28746671172057
9137.060034703403,33.10124156113433,57.29331109178758
9137.938683484062,33.10186409664126,57.299161511055516
9138.81733226472,33.102487105306885,57.30501798657141
9139.695981045379,33.103110657476954,57.31088053538233
9140.574629826038,33.103734823497184,57.3167491745353
9141.453278606697,33.104359673713304,57.322623921077366
9142.331927387357,33.104985278471055,57.32850479205557
9143.210576168016,33.105611708116164,57.33439180451695
9144.089224948675,33.10623903299436,57.34028497550855
9144.967873729332,33.106867323451375,57.3461843220774
9145.846522509992,33.107496649832946,57.35208986127057
9146.72517129065,33.10812708248479,57.35800161013508
9147.60382007131,33.10875869175266,57.36391958571798
9148.48246885197,33.10939154798228,57.36984380506631
9149.361117632629,33.110025721519364,57.37577428522711
9150.239766413288,33.110661282709664,57.381711043247435
9151.118415193945,33.1112983018989,57.387654096174295
9151.997063974604,33.111936849432816,57.39360346105477
9152.875712755264,33.112576995657136,57.39955915493588
9153.754361535923,33.11321881091759,57.40552119486467
9154.633010316582,33.1138623655599,57.411489597888185
9155.511659097241,33.11450772992983,57.41746438105346
9156.3903078779,33.11515497437307,57.423445561407554
9157.268956658558,33.115804169235375,57.42943315599748
9158.147605439217,33.116455384862476,57.43542718187031
9159.026254219876,33.117108691600095,57.44142765607306
9159.904903000535,33.11776415979398,57.4474345956528
9160.783551781195,33.11842185978985,57.453448017656555
9161.662200561854,33.11908186193343,57.459467939131365
9162.540849342513,33.11974423657046,57.46549437712427
9163.41949812317,33.12040905404668,57.471527348682315
9164.29814690383,33.121076384707806,57.477566870852556
9165.176795684489,33.12174629889958,57.483612960682024
9166.055444465148,33.12241886696773,57.489665635217754
9166.934093245807,33.12309415925799,57.4957249115068
9167.812742026465,33.123772246116076,57.50179080659618
9168.691390807126,33.124453197887746,57.50786333753299
9169.570039587783,33.125137084918705,57.51394251245444
9170.448688368442,33.1258239775547,57.52002825647417
9171.327337149101,33.12651394614148,57.52612044951959
9172.20598592976,33.127207061024734,57.532218971065504
9173.08463471042,33.127903392550216,57.538323700586695
9173.963283491077,33.12860301106367,57.54443451755794
9174.841932271738,33.1293059869108,57.55055130145406
9175.720581052396,33.13001239043736,57.5566739317498
9176.599229833055,33.13072229198907,57.56280228791997
9177.477878613714,33.13143576191167,57.56893624943936
9178.356527394373,33.13215287055088,57.57507569578276
9179.235176175032,33.13287368825244,57.58122050642495
9180.11382495569,33.13359828536208,57.587370560840704
9180.99247373635,33.13432673222553,57.593525738504844
9181.871122517008,33.135059099188524,57.59968591889212
9182.749771297667,33.13579545659679,57.60585098147734
9183.628420078327,33.13653587479605,57.6120208057353
9184.507068858986,33.137280424132065,57.61819527114077
9185.385717639645,33.13802917495054,57.624374257168554
9186.264366420302,33.138782197597216,57.630557643293415
9187.143015200962,33.13953956241782,57.63674530899017
9188.02166398162,33.14030133975809,57.64293713373358
9188.90031276228,33.14106759996375,57.64913299699846
9189.77896154294,33.14183841338053,57.65533277825958
9190.657610323598,33.14261385035418,57.66153635699173
9191.536259104258,33.1433939812304,57.6677436126697
9192.414907884915,33.14417887635496,57.67395442476826
9193.293556665574,33.14496860607357,57.68016867276223
9194.172205446233,33.145763240731945,57.68638623612638
9195.050854226893,33.146562850675856,57.6926069943355
9195.929503007552,33.147367506250994,57.69883082686438
9196.808151788211,33.148177277803114,57.705057613187805
9197.68680056887,33.148992235677945,57.71128723278056
9198.565449349528,33.14981245022122,57.71751956511743
9199.444098130187,33.15063799177866,57.723754489673205
9200.322746910846,33.151468930696005,57.729991885922686
9201.201395691505,33.15230533731898,57.73623163334065
9202.080044472164,33.15314728199332,57.74247361140189
9202.958693252824,33.15399483506477,57.748717699581185
9203.837342033483,33.15484806687903,57.75496377735332
9204.71599081414,33.15570704778186,57.76121172419308
9205.5946395948,33.15657182903472,57.76746141957528
9206.473288375459,33.157442313271936,57.77371274297469
9207.351937156118,33.15831833342558,57.77996557386609
9208.230585936777,33.159199722027054,57.786219791724285
9209.109234717436,33.16008631160774,57.79247527602405
9209.987883498095,33.16097793469907,57.798731906240164
9210.866532278753,33.16187442383244,57.80498956184742
9211.745181059412,33.16277561153925,57.811248122320634
9212.623829840071,33.16368133035092,57.81750746713456
9213.50247862073,33.16459141279885,57.82376747576401
9214.38112740139,33.16550569141443,57.830028027683746
9215.259776182049,33.166423998729094,57.836289002368574
9216.138424962708,33.16734616727423,57.84255027929328
9217.017073743365,33.168272029581246,57.84881173793263
9217.895722524025,33.16920141818155,57.85507325776144
9218.774371304684,33.17013416560655,57.8613347182545
9219.653020085343,33.17107010438764,57.86759599888658
9220.531668866002,33.172009067056244,57.87385697913246
9221.41031764666,33.17295088614375,57.88011753846694
9222.28896642732,33.173895394181585,57.886377556364835
9223.167615207978,33.17484242370112,57.89263691230087
9224.046263988637,33.17579180723381,57.8988954857499
9224.924912769296,33.17674337731102,57.905153156186664
9225.803561549956,33.17769696646417,57.91140980308598
9226.682210330615,33.178652407224675,57.91766530592261
9227.560859111272,33.17960953212392,57.92391954417135
9228.439507891933,33.180568173693324,57.93017239730702
9229.31815667259,33.181528164464304,57.93642374480435
9230.19680545325,33.18248933696824,57.942673466138174
9231.07545423391,33.18345152373656,57.94892144078326
9231.954103014568,33.184414557300656,57.9551675482144
9232.832751795228,33.18537827019195,57.961411667906376
9233.711400575885,33.186342494941826,57.96765367933397
9234.590049356546,33.1873070640817,57.97389346197201
9235.468698137203,33.188271810142986,57.980130895295225
9236.347346917863,33.189236565657076,57.98636585877845
9237.225995698522,33.19020116315538,57.992598231896444
9238.104644479181,33.19116543516932,57.99882789412401
9238.98329325984,33.19212921423027,58.00505472493594
9239.861942040498,33.19309233286967,58.011278603806986
9240.740590821157,33.19405462361889,58.01749941021198
9241.619239601816,33.19501591900938,58.0237170236257
9242.497888382475,33.1959760515725,58.02993132352292
9243.376537163134,33.19693485383969,58.036142189378424
9244.255185943794,33.19789215834234,58.042349500667015
9245.133834724453,33.198847797611855,58.048553136863475
9246.01248350511,33.19980160417965,58.05475297744258
9246.89113228577,33.20075341057712,58.060948901879144
9247.769781066429,33.201703049335684,58.067140789647944
9248.648429847088,33.20265035298673,58.07332852022375
9249.527078627747,33.20359515406169,58.079511973081374
9250.405727408406,33.204537285091945,58.08569102769558
9251.284376189065,33.20547657860891,58.091865563541184
9252.163024969723,33.20641286714399,58.09803546009294
9253.041673750382,33.2073459832286,58.10420059682566
9253.920322531041,33.20827575939413,58.110360853214125
9254.7989713117,33.209202028171994,58.11651610873313
9255.67762009236,33.2101246220936,58.122666242857456
9256.556268873019,33.21104337369035,58.128811135061895
9257.434917653678,33.21195811549365,58.134950664821226
9258.313566434335,33.2128686800349,58.141084711610226
9259.192215214995,33.213774899845525,58.14721315490372
9260.070863995654,33.214676607456916,58.15333587417646
9260.949512776313,33.215573635400474,58.15945274890325
9261.828161556972,33.216465816207624,58.16556365855888
9262.706810337631,33.21735298240976,58.17166848261813
9263.58545911829,33.218234966538276,58.1777671005558
9264.464107898948,33.219111601124595,58.18385939184664
9265.342756679607,33.21998271870012,58.18994523596548
9266.221405460266,33.22084815179626,58.1960245123871
9267.100054240926,33.22170773294441,58.202097100586286
9267.978703021585,33.222561294675984,58.20816288003781
9268.857351802242,33.22340866952238,58.214221730216465
9269.736000582903,33.224249690015014,58.22027353059706
9270.61464936356,33.22508418868528,58.226318160654365
9271.49329814422,33.225911998064596,58.232355499863154
9272.371946924879,33.226732950684365,58.23838542769825
9273.250595705538,33.22754687907599,58.24440782363441
9274.129244486197,33.22835361577087,58.250422567146444
9275.007893266855,33.229152993300424,58.2564295377091
9275.886542047516,33.229944844196055,58.26242861479722
9276.765190828173,33.230729000989164,58.268419677885554
9277.643839608832,33.23150529621116,58.274402606448916
9278.522488389492,33.23227356239344,58.28037727996207
9279.40113717015,33.23303363206743,58.286343577899814
9280.27978595081,33.233785337764516,58.29230137973694
9281.158434731467,33.23452851201611,58.29825056494821
9282.037083512128,33.23526298735363,58.304191013008456
9282.915732292786,33.23598859630846,58.31012260339243
9283.794381073445,33.23670517141201,58.31604521557493
9284.673029854104,33.23741254519571,58.32195872903076
9285.551678634763,33.23811055019094,58.32786302323468
9286.430327415423,33.238799018929114,58.33375797766149
9287.30897619608,33.239477783941645,58.339643471785976
9288.18762497674,33.24014667775993,58.34551938508293
9289.066273757398,33.240805532915374,58.351385597027146
9289.944922538058,33.24145418193938,58.3572419870934
9290.823571318717,33.24209245736337,58.363088434756484
9291.702220099376,33.24272019171874,58.36892481949119
9292.580868880035,33.24333721753689,58.37475102077229
9293.459517660693,33.24394336734923,58.38056691807457
9294.338166441352,33.24453847368717,58.38637239087285
9295.216815222011,33.24512236908211,58.392167318641896
9296.09546400267,33.245694886065465,58.3979515808565
9296.97411278333,33.246255857168634,58.40372505699144
9297.852761563989,33.24680511492302,58.40948762652151
9298.731410344648,33.24734249186004,58.41523916892151
9299.610059125305,33.24786782051108,58.42097956366619
9300.488707905964,33.248380933407574,58.426708690230384
9301.367356686624,33.2488816630809,58.43242642808886
9302.246005467283,33.24936984206248,58.4381326567164
9303.124654247942,33.24984530288372,58.443827255587806
9304.003303028601,33.250307878076015,58.44951010417785
9304.88195180926,33.250757400170784,58.45518108196132
9305.760600589918,33.25119370169942,58.46084006850754
9306.639249370577,33.25161661519334,58.46648699903473
9307.517898151236,33.25202597318394,58.47212195806742
9308.396546931896,33.25242160820264,58.477745054910045
9309.275195712555,33.25280335278082,58.48335639886703
9310.153844493214,33.25317103944992,58.48895609924281
9311.032493273873,33.25352450074132,58.494544265341816
9311.91114205453,33.25386356918644,58.500121006468476
9312.78979083519,33.25418807731668,58.505686431927224
9313.668439615849,33.254497857663445,58.5112406510225
9314.547088396508,33.25479274275814,58.51678377305872
9315.425737177167,33.255072565132174,58.52231590734032
9316.304385957827,33.25533715731695,58.52783716317175
9317.183034738486,33.255586351843874,58.53334764985742
9318.061683519143,33.25581998124436,58.538847476701754
9318.940332299802,33.2560378780498,58.54433675300921
9319.818981080462,33.25623987479161,58.549815588084215
9320.69762986112,33.256425804001196,58.55528409123119
9321.57627864178,33.25659549820996,58.560742371754564
9322.454927422437,33.25674878994931,58.56619053895877
9323.333576203098,33.25688551175065,58.57162870214826
9324.212224983756,33.25700549614539,58.57705697062743
9325.090873764415,33.25710857566493,58.58247545370074
9325.969522545074,33.25719458284067,58.587884260672624
9326.848171325733,33.257263350204035,58.593283500847484
9327.726820106393,33.25731472290477,58.598673283529784
9328.60546888705,33.25734876146443,58.60405371802392
9329.484117667711,33.25736570692973,58.60942491363437
9330.362766448368,33.2573658059283,58.614786979665524
9331.241415229028,33.25734930508779,58.62014002542183
9332.120064009687,33.25731645103582,58.62548416020774
9332.998712790346,33.25726749040002,58.63081949332765
9333.877361571005,33.257202669808024,58.63614613408601
9334.756010351663,33.25712223588747,58.64146419178723
9335.634659132324,33.25702643526598,58.64677377573579
9336.513307912981,33.256915514571176,58.65207499523608
9337.39195669364,33.25678972043072,58.65736795959253
9338.2706054743,33.25664929947222,58.6626527781096
9339.149254254959,33.25649449832331,58.66792956009171
9340.027903035618,33.25632556361163,58.67319841484328
9340.906551816275,33.256142741964815,58.678459451668736
9341.785200596934,33.255946280010484,58.68371277987254
9342.663849377594,33.255736424376266,58.68895850875911
9343.542498158253,33.25551342168981,58.694196747632866
9344.421146938912,33.255277518578744,58.69942760579825
9345.299795719571,33.25502896167068,58.704651192559695
9346.17844450023,33.25476799759328,58.70986761722163
9347.057093280888,33.254494872974156,58.715076989088466
9347.935742061547,33.25420983444094,58.72027941746467
9348.814390842206,33.25391312862126,58.72547501165466
9349.693039622865,33.25360500214277,58.730663880962865
9350.571688403525,33.253285701633075,58.735846134693716
9351.450337184184,33.25295547371982,58.741021882151635
9352.328985964843,33.25261456503064,58.74619123264108
9353.2076347455,33.25226322219317,58.751354295466456
9354.08628352616,33.25190169183502,58.756511179932204
9354.964932306819,33.251530220583845,58.76166199534276
9355.843581087478,33.25114905506726,58.766806851002556
9356.722229868137,33.250758441912915,58.77194585621602
9357.600878648796,33.25035862774841,58.77707912028758
9358.479527429456,33.24994985920142,58.78220675252168
9359.358176210113,33.24953238289955,58.78732886222273
9360.236824990772,33.24910644547043,58.79244555869518
9361.115473771431,33.2486722935417,58.79755695124345
9361.99412255209,33.248230173740986,58.80266314917199
9362.87277133275,33.24778033269593,58.80776426178521
9363.751420113409,33.24732301703415,58.81286039838756
9364.630068894068,33.24685847338329,58.817951668283456
9365.508717674726,33.24638694837098,58.823038180777324
9366.387366455385,33.245908688624844,58.82812004517362
9367.266015236044,33.24542394077251,58.83319737077676
9368.144664016703,33.24493295144163,58.838270266891186
9369.023312797362,33.24443596725982,58.84333884282131
9369.90196157802,33.24393323485471,58.84840320787158
9370.78061035868,33.24342500085395,58.85346347134643
9371.659259139338,33.24291151188515,58.85851974255027
9372.537907919997,33.242393014575946,58.86357213078756
9373.416556700657,33.24186975555398,58.86862074536272
9374.295205481316,33.24134198144688,58.87366569558017
9375.173854261975,33.24080993888227,58.87870709074436
9376.052503042632,33.240273874487784,58.8837450401597
9376.931151823293,33.239734034891065,58.88877965313066
9377.80980060395,33.23919066671974,58.893811038961616
9378.68844938461,33.23864401660143,58.89883930695704
9379.56709816527,33.23809433116377,58.90386456642137
9380.445746945928,33.23754185703441,58.908886926659
9381.324395726588,33.23698684084096,58.91390649697439
9382.203044507245,33.23642952921106,58.918923386671956
9383.081693287906,33.23587016877235,58.923937705056154
9383.960342068563,33.23530900615244,58.92894956143138
9384.838990849223,33.23474628797898,58.933959065102094
9385.717639629882,33.2341822608796,58.938966325372725
9386.596288410541,33.233617171481924,58.94397145154769
9387.4749371912,33.23305126641359,58.94897455293143
9388.353585971858,33.23248479230222,58.95397573882837
9389.232234752517,33.23191799577546,58.95897511854295
9390.110883533176,33.23135112346094,58.9639728013796
9390.989532313835,33.23078442198628,58.96896889664274
9391.868181094495,33.23021813797912,58.97396351363684
9392.746829875154,33.2296525180671,58.97895676166628
9393.625478655813,33.229087808877836,58.98394875003552
9394.50412743647,33.228524257038956,58.98893958804897
9395.38277621713,33.22796210917811,58.9939293850111
9396.261424997789,33.22740161192292,58.99891825022631
9397.140073778448,33.22684301190102,59.003906292999034
9398.018722559107,33.22628655574004,59.00889362263373
9398.897371339766,33.22573249006762,59.013880348434796
9399.776020120426,33.22518106151138,59.01886657970668
9400.654668901083,33.22463251669895,59.0238524257538
9401.533317681742,33.22408710225797,59.028837995880615
9402.411966462401,33.22354506481607,59.03382339939154
9403.29061524306,33.22300665100089,59.038808745591
9404.16926402372,33.22247210744004,59.04379414378344
9405.047912804379,33.22194168076118,59.048779703273276
9405.926561585038,33.22141561759191,59.05376553336496
9406.805210365696,33.22089416455988,59.05875174336289
9407.683859146355,33.22037756829273,59.06373844257154
9408.562507927014,33.219866075418075,59.068725740295314
9409.441156707673,33.219359932563556,59.07371374583866
9410.319805488332,33.218859386356804,59.078702568505996
9411.198454268992,33.21836468342544,59.08369231760175
9412.07710304965,33.217876070397125,59.08868310243038
9412.955751830308,33.21739379389945,59.093675032296275
9413.834400610967,33.21691810056008,59.0986682165039
9414.713049391627,33.21644923700662,59.103662764357686
9415.591698172286,33.215987449866724,59.108658785162056
9416.470346952945,33.21553298576802,59.113656388221436
9417.348995733602,33.21508609133814,59.118655682840256
9418.227644514263,33.21464701320468,59.123656778322975
9419.10629329492,33.21421599799533,59.12865978397398
9419.98494207558,33.21379329233769,59.13366480909774
9420.86359085624,33.2133791428594,59.13867196299867
9421.742239636898,33.21297379618808,59.14368135498122
9422.620888417558,33.212577498951376,59.148693094349795
9423.499537198215,33.21219049777691,59.15370729040883
9424.378185978876,33.21181303929231,59.15872405246279
9425.256834759533,33.211445370125226,59.16374348981605
9426.135483540193,33.21108773690327,59.168765711773084
9427.014132320852,33.210740386254095,59.173790827638314
9427.892781101511,33.2104035648053,59.178818946716184
9428.77142988217,33.21007751918455,59.1838501783111
9429.650078662828,33.20976249601947,59.18888463172749
9430.528727443489,33.20945874193767,59.193922416269835
9431.407376224146,33.2091665035668,59.1989636412425
9432.286025004805,33.2088860275345,59.204008415949964
9433.164673785464,33.20861756046838,59.209056849696644
9434.043322566124,33.20836134899608,59.21410905178698
9434.921971346783,33.20811763974525,59.21916513152538
9435.80062012744,33.20788667934349,59.224225188752555
9436.6792689081,33.207668714418446,59.22928923512342
9437.557917688759,33.207463991597756,59.2343572342972
9438.436566469418,33.20727275750905,59.23942914945237
9439.315215250077,33.20709525877996,59.24450494376739
9440.193864030736,33.20693174203811,59.2495845804207
9441.072512811395,33.20678245391113,59.25466802259077
9441.951161592053,33.20664764102666,59.25975523345605
9442.829810372712,33.206527538904155,59.264846176195
9443.708459153371,33.20642217035106,59.26994081398608
9444.58710793403,33.20633136681975,59.27503911000774
9445.46575671469,33.20625495294074,59.28014102743844
9446.344405495349,33.206192753344595,59.28524652945664
9447.223054276008,33.206144592661836,59.29035557924078
9448.101703056665,33.206110295523,59.29546813996933
9448.980351837325,33.206089686558634,59.30058417482075
9449.859000617984,33.206082590399284,59.305703646973484
9450.737649398643,33.206088831675466,59.310826519606
9451.616298179302,33.206108235017744,59.31595275589675
9452.494946959961,33.20614062505665,59.32108231902421
9453.37359574062,33.206185826422704,59.3262151721668
9454.252244521278,33.20624366374647,59.331351278502986
9455.130893301937,33.20631396165847,59.33649060121123
9456.009542082596,33.20639654478925,59.34163310347001
9456.888190863256,33.20649123776935,59.346778748457744
9457.766839643915,33.20659786522931,59.351927499352925
9458.645488424574,33.20671625179966,59.357079319333984
9459.524137205233,33.20684622211096,59.36223417157939
9460.40278598589,33.206987600793724,59.367392019267584
9461.28143476655,33.2071402124785,59.372552825577046
9462.160083547209,33.20730388179583,59.37771655368621
9463.038732327868,33.20747843337626,59.38288316677355
9463.917381108527,33.2076636918503,59.38805262801751
9464.796029889187,33.20785948184852,59.39322490059656
9465.674678669846,33.20806562800144,59.39839994768914
9466.553327450503,33.20828195493962,59.403577732473714
9467.431976231162,33.20850828729358,59.408758218128746
9468.310625011822,33.20874444969385,59.413941367832685
9469.18927379248,33.20899026677101,59.41912714476398
9470.06792257314,33.209245563155555,59.42431551210111
9470.946571353797,33.20951016347805,59.429506433022496
9471.825220134459,33.20978389236902,59.434699870706645
9472.703868915116,33.210066574459006,59.43989578833195
9473.582517695775,33.21035803437855,59.44509414907692
9474.461166476434,33.210658096758195,59.45029491612
9475.339815257094,33.21096658622848,59.45549805263963
9476.218464037753,33.211283327419935,59.46070352181428
9477.09711281841,33.2116081449631,59.46591128682239
9477.975761599071,33.21194086348853,59.47112131084245
9478.854410379729,33.21228130762673,59.47633355705288
9479.733059160388,33.212629302008274,59.481547988632165
9480.611707941047,33.21298467126369,59.48676456875873
9481.490356721706,33.21334724002351,59.49198326061107
9482.369005502365,33.21371683291828,59.49720402736761
9483.247654283023,33.21409327457853,59.50242683220682
9484.126303063684,33.21447638963481,59.50765163830717
9485.004951844341,33.214866002717656,59.51287840884707
9485.883600625,33.2152619384576,59.51810710700503
9486.76224940566,33.21566402148519,59.52333769595948
9487.640898186319,33.216072076430954,59.52857013888888
9488.519546966978,33.21648592792543,59.53380439897168
9489.398195747635,33.21690540059918,59.53904043938635
9490.276844528295,33.21733031908273,59.54427822331134
9491.155493308954,33.217760508006606,59.549517713925106
9492.034142089613,33.21819579200137,59.55475887440611
9492.912790870272,33.21863599569754,59.560001667932795
9493.791439650931,33.21908094372565,59.56524605768364
9494.67008843159,33.21953046071628,59.57049200683707
9495.548737212248,33.21998437129992,59.575739478571556
9496.427385992907,33.22044250010713,59.58098843606558
9497.306034773566,33.220904671768466,59.58623884249756
9498.184683554226,33.221370710914435,59.591490661045974
9499.063332334885,33.22184044217559,59.59674385488928
9499.941981115544,33.22231369018248,59.601998387205924
9500.820629896203,33.22279027956563,59.60725422117436
9501.69927867686,33.223270034955576,59.612511319973045
9502.57792745752,33.22375278098287,59.617769646780445
9503.456576238179,33.224238342278056,59.623029164775026
9504.335225018838,33.22472654347165,59.62828983713521
9505.213873799497,33.2252172091942,59.633551627039495
9506.092522580157,33.22571016407625,59.63881449766632
9506.971171360816,33.22620523274834,59.64407841219412
9507.849820141473,33.22670223984101,59.64934333380136
9508.728468922132,33.22720100998479,59.65460922566653
9509.607117702792,33.22770136781023,59.65987605096805
9510.48576648345,33.22820313794786,59.665143772884406
9511.36441526411,33.22870614502822,59.67041235459402
9512.24306404477,33.229210213681846,59.675681759275385
9513.121712825428,33.229715168539286,59.68095195010694
9514.000361606086,33.23022083423107,59.68622289026712
9514.879010386745,33.230727035387744,59.69149454293441
9515.757659167404,33.23123359663985,59.69676687128726
9516.636307948063,33.23174034261791,59.70203983850411
9517.514956728723,33.23224709795249,59.707313407763465
9518.39360550938,33.232753687274105,59.71258754224372
9519.272254290041,33.2332599352133,59.717862205123375
9520.150903070698,33.233765666400615,59.72313735958085
9521.029551851358,33.23427070546659,59.72841296879465
9521.908200632017,33.234774877041765,59.73368899594319
9522.786849412676,33.235278005756676,59.73896540420494
9523.665498193335,33.23577991624187,59.74424215675836
9524.544146973993,33.23628043312787,59.74951921678189
9525.422795754654,33.23677938104523,59.75479654745403
9526.301444535311,33.23727658462448,59.76007411195317
9527.18009331597,33.23777186849616,59.76535187345783
9528.05874209663,33.23826505729082,59.770629795146434
9528.937390877289,33.23875597563898,59.77590784019744
9529.816039657948,33.23924444817119,59.78118597178931
9530.694688438605,33.239730299518,59.786464153100496
9531.573337219266,33.24021335430992,59.79174234730947
9532.451985999924,33.24069343717752,59.79702051759466
9533.330634780583,33.24117037275132,59.80229862713455
9534.209283561242,33.24164398566185,59.80757663910758
9535.087932341901,33.24211410053969,59.81285451669221
9535.96658112256,33.24258054201534,59.818132223066904
9536.845229903218,33.243043134719336,59.823409721410094
9537.723878683877,33.24350170328224,59.82868697490027
9538.602527464536,33.24395607233459,59.83396394671587
9539.481176245195,33.244406066506905,59.83924060003537
9540.359825025855,33.24485151042974,59.84451689803719
9541.238473806514,33.24529222873364,59.84979280389982
9542.117122587173,33.24572804604912,59.855068280801696
9542.99577136783,33.24615878700674,59.860343291921275
9543.87442014849,33.24658427623704,59.86561780043703
9544.753068929149,33.24700433837053,59.87089176952741
9545.631717709808,33.247418798037785,59.87616516237086
9546.510366490467,33.247827479869315,59.88143794214586
9547.389015271126,33.248230208495684,59.886710072030844
9548.267664051786,33.24862680854742,59.89198151520428
9549.146312832443,33.24901710465505,59.89725223484461
9550.024961613102,33.24940092144914,59.90252219413031
9550.903610393761,33.2497780835602,59.90779135623983
9551.78225917442,33.25014841561879,59.91305968435163
9552.66090795508,33.25051174225544,59.91832714164415
9553.53955673574,33.250867888100686,59.92359369129587
9554.418205516398,33.25121667778507,59.92885929648522
9555.296854297056,33.25155793593913,59.93412392039067
9556.175503077715,33.25189148719341,59.93938752619069
9557.054151858374,33.252217156178446,59.94465007706373
9557.932800639033,33.25253476752478,59.949911536188225
9558.811449419693,33.252844145862944,59.95517186674266
9559.690098200352,33.25314511582348,59.96043103190547
9560.568746981011,33.253437502036924,59.96568899485513
9561.447395761668,33.25372112913382,59.97094571877006
9562.326044542328,33.2539958217447,59.97620116682876
9563.204693322987,33.25426140450013,59.981455302209675
9564.083342103646,33.25451770203061,59.98670808809124
9564.961990884305,33.25476453896669,59.99195948765195
9565.840639664964,33.255001739938926,59.997209464070224
9566.719288445624,33.255229129577835,60.00245798052454
9567.597937226281,33.25544653251397,60.007705000193326
9568.47658600694,33.25565377337788,60.012950486255086
9569.3552347876,33.25585067680007,60.018194401888245
9570.233883568259,33.256037067411114,60.02343671027126
9571.112532348918,33.25621276984153,60.0286773745826
9571.991181129575,33.25637760872186,60.03391635800071
9572.869829910236,33.256531408682655,60.03915362370406
9573.748478690894,33.25667399435444,60.04438913487108
9574.627127471553,33.256805190367764,60.04962285468025
9575.505776252212,33.25692482135315,60.05485474631003
9576.384425032871,33.25703271194116,60.06008477293886
9577.26307381353,33.257128686762314,60.06531289774521
9578.141722594188,33.25721257044715,60.07053908390751
9579.020371374849,33.25728418762623,60.075763294604265
9579.899020155506,33.25734340788239,60.080985511875895
9580.777668936165,33.25739031232129,60.086205806518024
9581.656317716825,33.257425044208055,60.09142427540837
9582.534966497484,33.25744774681625,60.096641015428204
9583.413615278143,33.257458563419384,60.101856123458774
9584.2922640588,33.257457637290976,60.10706969638133
9585.170912839461,33.25744511170459,60.11228183107717
9586.049561620119,33.257421129933725,60.117492624427506
9586.928210400778,33.25738583525191,60.12270217331363
9587.806859181437,33.2573393709327,60.127910574616784
9588.685507962096,33.25728188024961,60.13311792521824
9589.564156742756,33.25721350647616,60.138324321999235
9590.442805523413,33.257134392885895,60.14352986184104
9591.321454304072,33.257044682752344,60.14873464162493
9592.200103084731,33.25694451934902,60.153938758232144
9593.07875186539,33.25683404594948,60.15914230854394
9593.95740064605,33.256713405827234,60.1643453894416
9594.836049426709,33.25658274225582,60.169548097806356
9595.714698207368,33.25644219850875,60.17475053051948
9596.593346988026,33.256291917859585,60.179952784462216
9597.471995768685,33.256132043581836,60.185154956515845
9598.350644549344,33.255962718949036,60.19035714356163
9599.229293330003,33.25578408723471,60.19555944248079
9600.107942110662,33.25559629171239,60.20076195015463
9600.986590891322,33.255399475655615,60.20596476346438
9601.86523967198,33.2551937823379,60.21116797929132
9602.743888452638,33.25497935503279,60.21637169451668
9603.622537233297,33.254756337013795,60.22157600602175
9604.501186013957,33.25452487155447,60.226781010687766
9605.379834794616,33.25428510192833,60.231986805396005
9606.258483575275,33.2540371714089,60.23719348702771
9607.137132355934,33.253781223269726,60.242401152464154
9608.015781136593,33.253517400784325,60.247609898586575
9608.89442991725,33.253245847226225,60.25281982227625
9609.77307869791,33.252966705868964,60.25803102041444
9610.65172747857,33.252680119986074,60.2632435898824
9611.530376259228,33.25238623285108,60.26845762756138
9612.409025039888,33.2520851877375,60.27367323033265
9613.287673820547,33.251777127918885,60.27889049507746
9614.166322601206,33.25146219666876,60.284109518677084
9615.044971381863,33.25114053726063,60.28933039801275
9615.923620162523,33.25081229296807,60.29455322996576
9616.802268943182,33.250477607064575,60.29977811141734
9617.680917723841,33.250136622823675,60.305005139248756
9618.5595665045,33.249789483518924,60.31023441034127
9619.438215285158,33.24943633242383,60.31546602157614
9620.316864065819,33.24907731281192,60.32070006983464
9621.195512846476,33.24871256795675,60.325936651998006
9622.074161627135,33.24834224113183,60.331175864947504
9622.952810407794,33.24796647561069,60.3364178055644
9623.831459188454,33.247585414666865,60.34166257072995
9624.710107969113,33.247199201573885,60.346910257325405
9625.58875674977,33.24680797960527,60.35216096223203
9626.467405530431,33.246411892034565,60.35741478233109
9627.346054311089,33.2460110821353,60.36267181450383
9628.224703091748,33.24560569318099,60.36793215563152
9629.103351872407,33.245195868445165,60.37319590259541
9629.982000653066,33.24478175120137,60.37846315227678
9630.860649433725,33.24436348472313,60.38373400155686
9631.739298214383,33.243941212283964,60.38900854731692
9632.617946995044,33.24351507715741,60.394286886438245
9633.496595775701,33.243085222617005,60.39956911580204
9634.37524455636,33.24265179193626,60.404855332289614
9635.25389333702,33.24221492838873,60.41014563278221
9636.132542117679,33.24177477524792,60.41544011416107
9637.011190898338,33.241331475787376,60.42073887330748
9637.889839678995,33.240885173280624,60.426042007102666
9638.768488459655,33.240436011001194,60.431349612427915
9639.647137240314,33.2399841322226,60.43666178616448
9640.525786020973,33.239529680218396,60.44197862519361
9641.404434801632,33.239072798262114,60.44730022639658
9642.283083582292,33.23861362962725,60.45262668665464
9643.16173236295,33.23815231758737,60.45795810284905
9644.040381143608,33.23768900541598,60.463294571861056
9644.919029924267,33.237223836386626,60.468636190571935
9645.797678704927,33.236756953772826,60.473983055862945
9646.676327485586,33.23628850084812,60.479335264615344
9647.554976266245,33.235818620886036,60.484692913710376
9648.433625046904,33.235347457160096,60.490056100029314
9649.312273827563,33.23487515294383,60.49542492045341
9650.19092260822,33.23440185151078,60.50079947186393
9651.06957138888,33.23392769613446,60.50617985114213
9651.94822016954,33.23345283008842,60.51156615516926
9652.826868950198,33.23297739664617,60.51695848082661
9653.705517730858,33.23250153908124,60.52235692499539
9654.584166511517,33.232025400667176,60.527761584556906
9655.462815292176,33.23154912467749,60.53317255639239
9656.341464072833,33.23107285438573,60.538589937383094
9657.220112853493,33.23059673306541,60.54401382441031
9658.098761634152,33.23012090399008,60.54944431435527
9658.977410414811,33.229645510433244,60.554881504099235
9659.85605919547,33.22917069566845,60.560325490523475
9660.73470797613,33.22869660296922,60.56577637050925
9661.613356756789,33.22822337560909,60.571234240937805
9662.492005537446,33.22775115686158,60.57669919869039
9663.370654318105,33.22728009000023,60.582171340648294
9664.249303098764,33.22681031829857,60.587650763692764
9665.127951879424,33.22634198503011,60.59313756470506
9666.006600660083,33.2258752334684,60.59863184056643
9666.88524944074,33.225410206886984,60.60413368815814
9667.763898221401,33.22494704855934,60.60964320436146
9668.642547002059,33.22448590175906,60.61516048605763
9669.521195782718,33.22402690975963,60.62068563012792
9670.399844563377,33.22357021583459,60.626218733453584
9671.278493344036,33.223115963257484,60.631759892915895
9672.157142124695,33.22266429530183,60.63730920539609
9673.035790905353,33.222215355241154,60.64286676777543
9673.914439686014,33.221769286349,60.64843267693521
9674.793088466671,33.221326231898885,60.65400702975662
9675.67173724733,33.220886335164344,60.659589923121
9676.55038602799,33.2204497394189,60.66518145390955
9677.429034808649,33.2200165879361,60.67078171900355
9678.307683589308,33.21958702398946,60.676390815284265
9679.186332369965,33.2191611908525,60.68200883963292
9680.064981150626,33.218739231798786,60.68763588893084
9680.943629931284,33.218321290101805,60.693272060059215
9681.822278711943,33.21790750903511,60.69891744989934
9682.700927492602,33.217498031872225,60.70457215533247
9683.579576273261,33.21709300188669,60.710236273239865
9684.45822505392,33.216692562352016,60.71590990050278
9685.336873834578,33.216296856541746,60.721593134002454
9686.215522615237,33.21590602772942,60.72728607062018
9687.094171395896,33.215520219188534,60.732988807237206
9687.972820176556,33.215139574192655,60.738701440734786
9688.851468957215,33.21476423601529,60.74442406799418
9689.730117737874,33.21439434792997,60.75015678589664
9690.608766518533,33.21403005321024,60.75589969132345
9691.48741529919,33.21367149512962,60.761652881155825
9692.36606407985,33.213318816961625,60.76741645227508
9693.244712860509,33.21297216197982,60.773190501562425
9694.123361641168,33.2126316734577,60.778975125899144
9695.002010421827,33.21229749466882,60.784770422166496
9695.880659202487,33.21196976888669,60.79057648724573
9696.759307983146,33.211648639384855,60.796393418018106
9697.637956763803,33.21133424943684,60.802221311364875
9698.516605544462,33.211026742316164,60.808060264167324
9699.395254325122,33.21072626129638,60.81391037330669
9700.27390310578,33.21043294965099,60.81977173566424
9701.15255188644,33.210146950653545,60.82564444812123
9702.0312006671,33.20986840757757,60.83152860755892
9702.909849447758,33.20959746369659,60.837424310858566
9703.788498228416,33.20933426228414,60.84333165490142
9704.667147009075,33.20907894661375,60.84925073656875
9705.545795789734,33.208831659958946,60.855181652741834
9706.424444570393,33.208592545593255,60.8611245003019
9707.303093351053,33.20836174679021,60.86707937613022
9708.181742131712,33.20813940682335,60.87304637710805
9709.060390912371,33.20792566896618,60.87902560011665
9709.939039693028,33.207720676492265,60.88501714203727
9710.817688473688,33.20752457267511,60.891021099751185
9711.696337254347,33.207337500788256,60.89703757013965
9712.574986035006,33.207159604105215,60.90306665008393
9713.453634815665,33.20699102589954,60.909108436465274
9714.332283596324,33.206831909444745,60.91516302616494
9715.210932376984,33.206682398014365,60.92123051606418
9716.089581157641,33.20654263330609,60.92731100304425
9716.9682299383,33.206412673661895,60.933404583986444
9717.84687871896,33.20629245427878,60.93951135577199
9718.725527499619,33.206181900438196,60.945631415282165
9719.604176280278,33.206080937421575,60.95176485939821
9720.482825060935,33.20598949051035,60.957911785001386
9721.361473841596,33.20590748498594,60.96407228897297
9722.240122622254,33.2058348461298,60.9702464681942
9723.118771402913,33.20577149922336,60.976434419546344
9723.997420183572,33.20571736954804,60.98263623991067
9724.876068964231,33.20567238238529,60.98885202616842
9725.75471774489,33.20563646301654,60.99508187520087
9726.633366525548,33.20560953672321,61.00132588388925
9727.512015306209,33.20559152878676,61.00758414911486
9728.390664086866,33.20558236448859,61.013856767758924
9729.269312867526,33.20558196911018,61.02014383670271
9730.147961648185,33.20559026793292,61.026445452827495
9731.026610428844,33.20560718623827,61.03276165952763
9731.905259209503,33.20563264930765,61.03909226817221
9732.78390799016,33.2056665824225,61.045437027229106
9733.662556770822,33.20570891086426,61.051795685165075
9734.541205551479,33.20575955991435,61.05816799044681
9735.419854332138,33.20581845485422,61.064553691541086
9736.298503112797,33.20588552096529,61.07095253691462
9737.177151893457,33.20596068352899,61.07736427503416
9738.055800674116,33.206043867826786,61.083788654366415
9738.934449454773,33.206134999140076,61.090225423378136
9739.813098235434,33.20623400275031,61.09667433053607
9740.691747016092,33.20634080393893,61.10313512430692
9741.57039579675,33.20645532798734,61.10960755315744
9742.44904457741,33.20657750017701,61.11609136555437
9743.32769335807,33.206707245789346,61.12258630996444
9744.206342138728,33.20684449010581,61.12909213485438
9745.084990919386,33.20698915840781,61.135608588690914
9745.963639700047,33.20714117597679,61.14213541994082
9746.842288480704,33.20730046809418,61.14867237707076
9747.720937261363,33.207466960041415,61.155219208547535
9748.599586042023,33.207640577099944,61.161775662837854
9749.47823482268,33.20782124455118,61.16834148840844
9750.356883603341,33.20800888767657,61.174916433726075
9751.235532383998,33.20820343175754,61.18150024725742
9752.11418116466,33.208404802075535,61.18809267746927
9752.992829945317,33.20861292391198,61.19469347282833
9753.871478725976,33.20882772254831,61.20130238180134
9754.750127506635,33.209049123265956,61.20791915285505
9755.628776287293,33.20927705134636,61.214543534456155
9756.507425067954,33.209511432070954,61.221175275071445
9757.386073848611,33.20975219072117,61.227814123167605
9758.26472262927,33.20999925257843,61.2344598272114
9759.14337140993,33.210252542924195,61.24111213566957
9760.022020190589,33.21051198703988,61.24777079700881
9760.900668971248,33.21077751020692,61.25443555969589
9761.779317751905,33.21104903770675,61.261106172197536
9762.657966532566,33.21132649482081,61.26778238298049
9763.536615313224,33.21160980683053,61.27446394051146
9764.415264093883,33.21189889901734,61.281150593257195
9765.293912874542,33.21219369666269,61.28784208968444
9766.172561655201,33.21249412504799,61.294538178259934
9767.05121043586,33.21280010945469,61.30123860745038
9767.929859216518,33.21311157516422,61.30794312572253
9768.808507997179,33.213428447458014,61.31465148154315
9769.687156777836,33.21375065161751,61.32136342337891
9770.565805558495,33.214078112924135,61.328078699696604
9771.444454339155,33.21441075665932,61.33479705896293
9772.323103119814,33.21474850810451,61.34151824964464
9773.201751900473,33.21509129254114,61.34824202020847
9774.08040068113,33.21543903525063,61.35496811912112
9774.959049461791,33.21579166151443,61.361696294849395
9775.837698242449,33.21614909661396,61.36842629585995
9776.716347023108,33.21651126583067,61.37515787061958
9777.594995803767,33.21687809444597,61.38189076759499
9778.473644584426,33.217249507741315,61.38862473525292
9779.352293365086,33.217625430998126,61.39535952206011
9780.230942145743,33.21800578949785,61.402094876483275
9781.109590926404,33.21839050852192,61.408830546989186
9781.988239707061,33.21877951335175,61.415566282044544
9782.86688848772,33.2191727292688,61.4223018301161
9783.74553726838,33.21957008155449,61.42903693967059
9784.624186049039,33.219971495490256,61.43577135917474
9785.502834829698,33.22037689635753,61.442504837095285
9786.381483610356,33.22078620943774,61.44923712189895
9787.260132391017,33.22119936001234,61.455967962052505
9788.138781171674,33.22161627336275,61.462697106022645
9789.017429952333,33.22203687477041,61.46942430227613
9789.896078732992,33.22246108951675,61.47614929927969
9790.774727513652,33.222888842883194,61.48287184550005
9791.65337629431,33.223320060151195,61.489591689403944
9792.532025074968,33.223754666602176,61.496308579458116
9793.41067385563,33.22419258751758,61.503022264129314
9794.289322636287,33.224633748178825,61.50973249188423
9795.167971416946,33.22507807386735,61.51643901118963
9796.046620197605,33.22552548986461,61.52314157051225
9796.925268978262,33.225975921452005,61.529839918318814
9797.803917758923,33.226429293911,61.536533803076075
9798.68256653958,33.226885532523006,61.54322297325073
9799.561215320242,33.22734456256947,61.549907177309564
9800.4398641009,33.227806309331825,61.55658616371925
9801.318512881558,33.2282706980915,61.56325968094658
9802.197161662218,33.22873765412994,61.569927477458265
9803.075810442875,33.22920710272855,61.57658930172102
9803.954459223536,33.2296789691688,61.58324490220163
9804.833108004193,33.23015317873212,61.58989402736677
9805.711756784855,33.230629656699904,61.596536425683226
9806.590405565512,33.231108328353635,61.60317184561769
9807.469054346171,33.23158911897472,61.60980003563692
9808.34770312683,33.232071953844596,61.616420744207666
9809.226351907488,33.23255675824471,61.62303371979661
9810.105000688149,33.233043457456475,61.629638710870566
9810.983649468806,33.23353197676134,61.636235465896185
9811.862298249465,33.23402224144074,61.64282373334026
9812.740947030125,33.2345141767761,61.6494032616695
9813.619595810784,33.23500770804886,61.65597379935065
9814.498244591443,33.235502760540456,61.66253509485043
9815.3768933721,33.23599925953232,61.669086896635584
9816.255542152761,33.23649713030588,61.67562895317286
9817.134190933419,33.23699629814258,61.68216101292896
9818.012839714078,33.23749668832384,61.68868282437065
9818.891488494737,33.23799822613111,61.695194135964655
9819.770137275396,33.238500836845816,61.701694696177704
9820.648786056056,33.23900444574938,61.70818425347653
9821.527434836713,33.23950897812326,61.714662556327866
9822.406083617374,33.24001435924888,61.72112935319848
9823.284732398031,33.24052051440767,61.72758439255505
9824.16338117869,33.24102736888107,61.73402742286435
9825.04202995935,33.241534847950504,61.7404581925931
9825.920678740009,33.242042876897415,61.74687645020806
9826.799327520668,33.24255138100323,61.753281944175924
9827.677976301326,33.2430602855494,61.75967442296345
9828.556625081987,33.243569515817335,61.76605363503738
9829.435273862644,33.244078997088494,61.772419328864416
9830.313922643303,33.24458865464429,61.778771252911326
9831.192571423962,33.24509841376616,61.78510915564484
9832.071220204622,33.24560819973555,61.79143278553168
9832.94986898528,33.24611793783388,61.797741891038584
9833.828517765938,33.2466275533426,61.80403622063228
9834.7071665466,33.247136971543135,61.81031552277954
9835.585815327257,33.247646117716904,61.81657954594703
9836.464464107916,33.248154917145364,61.82282803860155
9837.343112888575,33.24866329510994,61.8290607492098
9838.221761669234,33.24917117689208,61.835277426238534
9839.100410449893,33.249678487773195,61.84147781815447
9839.97905923055,33.25018515303472,61.847661673424334
9840.857708011212,33.250691097958104,61.8538287405149
9841.73635679187,33.25119624782478,61.859978767892855
9842.615005572528,33.25170052791617,61.86611150402497
9843.493654353188,33.25220386351372,61.872226697377975
9844.372303133845,33.25270617989886,61.87832409641857
9845.250951914506,33.25320740235302,61.884403449613544
9846.129600695163,33.253707456157635,61.89046450542958
9847.008249475824,33.25420626659414,61.89650701233346
9847.886898256482,33.254703758943975,61.902530718791866
9848.765547037141,33.25519985848857,61.908535373271576
9849.6441958178,33.25569449050935,61.91452072423931
9850.522844598458,33.25618758028776,61.92048652016179
9851.401493379119,33.25667905310524,61.92643250950578
9852.280142159776,33.2571688342432,61.93235844073798
9853.158790940437,33.25765686252081,61.93826406232516
9854.037439721094,33.25814319196656,61.94414912273402
9854.916088501754,33.258627934837406,61.950013370431314
9855.794737282413,33.25911120383987,61.95585655388377
9856.67338606307,33.259593111680466,61.961678421558126
9857.552034843731,33.26007377106574,61.96747872192114
9858.430683624389,33.2605532947022,61.9732572034395
9859.309332405048,33.26103179529638,61.97901361457996
9860.187981185707,33.2615093855548,61.98474770380927
9861.066629966366,33.261986178183996,61.99045921959416
9861.945278747025,33.26246228589048,61.99614791040135
9862.823927527683,33.262937821380774,62.00181352469757
9863.702576308344,33.26341289736142,62.00745581094959
9864.581225089001,33.263887626538924,62.01307451762409
9865.45987386966,33.264362121619826,62.01866939318786
9866.33852265032,33.264836495310654,62.024240186107605
9867.217171430979,33.26531086031792,62.02978664485006
9868.095820211638,33.26578532934815,62.03530851788198
9868.974468992295,33.266260015107875,62.04080555367006
9869.853117772956,33.26673503030362,62.04627750068109
9870.731766553614,33.267210487641904,62.051724107381744
9871.610415334273,33.26768649982926,62.0571451222388
9872.489064114932,33.26816317957221,62.062540293718975
9873.367712895591,33.26864063957727,62.06790937028901
9874.24636167625,33.269118992550986,62.073252101856845
9875.125010456908,33.26959835119987,62.078568590489155
9876.003659237569,33.27007882823044,62.0838597481984
9876.882308018226,33.27056053634923,62.0891266004448
9877.760956798886,33.27104358826276,62.094370172688606
9878.639605579545,33.271528096677564,62.099591490390054
9879.518254360204,33.27201417430017,62.10479157900937
9880.396903140863,33.272501933837084,62.10997146400681
9881.27555192152,33.272991487994844,62.11513217084259
9882.154200702182,33.27348294947998,62.12027472497697
9883.032849482839,33.273976430999,62.125400151870146
9883.911498263498,33.27447204525844,62.13050947698241
9884.790147044157,33.27496990496483,62.13560372577396
9885.668795824817,33.27547012282468,62.14068392370504
9886.547444605476,33.275972811544534,62.1457510962359
9887.426093386133,33.2764780838309,62.15080626882674
9888.304742166794,33.27698605239031,62.155850466937856
9889.183390947452,33.277496829929305,62.16088471602943
9890.06203972811,33.27801052915438,62.16591004156173
9890.94068850877,33.27852726277208,62.17092746899498
9891.81933728943,33.27904714348893,62.175938023789435
9892.697986070089,33.279570284011434,62.1809427314053
9893.576634850746,33.28009679704615,62.185942617302835
9894.455283631407,33.280626795299575,62.190938706942276
9895.333932412064,33.28116039147825,62.195932025783854
9896.212581192724,33.281697698288696,62.2009235992878
9897.091229973383,33.282238828437436,62.205914452914364
9897.96987875404,33.28278389463099,62.21090561212376
9898.848527534701,33.2833330095759,62.215898102376265
9899.727176315359,33.283886285978674,62.22089294913208
9900.60582509602,33.28444383654584,62.225891177851466
9901.484473876677,33.285005773983926,62.23089381399462
9902.363122657336,33.28557221099947,62.23590188302183
9903.241771437995,33.28614326029897,62.240916410393304
9904.120420218653,33.28671903458897,62.245938421569264
9904.999068999314,33.287299646575995,62.25096894201
9905.877717779971,33.28788520896656,62.25600899717569
9906.75636656063,33.2884758344672,62.2610596125266
9907.63501534129,33.28907163578444,62.26612181352297
9908.513664121949,33.28967272562479,62.27119662562504
9909.392312902608,33.29027921669479,62.276285074293014
9910.270961683265,33.29089122170097,62.28138818498716
9911.149610463926,33.29150885334983,62.28650698316771
9912.028259244584,33.292132224347924,62.29164249429489
9912.906908025243,33.292761447401766,62.296795743828945
9913.785556805902,33.293396635217874,62.30196775723012
9914.664205586561,33.29403790050278,62.307159559958635
9915.54285436722,33.29468535596301,62.312372177474735
9916.421503147878,33.29533911430508,62.31760663523865
9917.300151928539,33.29599928823553,62.322863958710634
9918.178800709196,33.29666599046086,62.3281451733509
9919.057449489856,33.297339333687624,62.33345130461971
9919.936098270515,33.29801943062233,62.33878337797728
9920.814747051174,33.29870639397152,62.344142418883855
9921.693395831833,33.29940033644169,62.34952945279968
9922.57204461249,33.3001013707394,62.35494550518496
9923.450693393152,33.30080960957115,62.360391601499984
9924.329342173809,33.30152516564346,62.36586876720493
9925.207990954468,33.30224815166288,62.37137802776009
9926.086639735127,33.30297868033592,62.376920408625665
9926.965288515787,33.3037168643691,62.38249693526191
9927.843937296446,33.304462816468956,62.38810863312904
9928.722586077103,33.305216649342015,62.39375652768731
9929.601234857764,33.30597847569479,62.39944164439697
9930.479883638422,33.30674840823382,62.405165008718214
9931.35853241908,33.30752655966562,62.41092764611132
9932.23718119974,33.30831304269672,62.41673058203651
9933.1158299804,33.30910797003364,62.42257484195401
9933.994478761058,33.309911454382906,62.428461451324075
9934.873127541716,33.31072360845104,62.43439143560691
9935.751776322377,33.31154454494458,62.44036582026281
9936.630425103034,33.31237437657004,62.446385630751955
9937.509073883693,33.31321321603395,62.45245189253462
9938.387722664353,33.314061176042834,62.45856563107101
9939.266371445012,33.31491836930322,62.46472787182138
9940.145020225671,33.31578490852162,62.470939640245966
9941.023669006328,33.31666090640457,62.477201961805
9941.90231778699,33.3175464756586,62.48351586195874
9942.780966567647,33.31844172899022,62.48988236616738
9943.659615348306,33.31934677910597,62.49630249989119
9944.538264128965,33.32026173871237,62.50277728859041
9945.416912909623,33.32118672051593,62.50930775772523
9946.295561690284,33.3221218372232,62.51589493275597
9947.174210470941,33.32306720154069,62.52253983914279
9948.052859251602,33.324022926174926,62.52924350234596
9948.93150803226,33.324989123832445,62.536006947825705
9949.810156812919,33.32596590721976,62.542831201042276
9950.688805593578,33.326953389043396,62.5497172874559
9951.567454374235,33.32795168200988,62.55666623252681
9952.446103154896,33.32896089882574,62.56367906171527
9953.324751935554,33.3299811521975,62.57075680048146
9954.203400716215,33.33101255483169,62.5779004742857
9955.082049496872,33.33205521943482,62.585111108588144
9955.960698277531,33.33310925871343,62.59238972884907
9956.83934705819,33.33417478537404,62.59973736052872
9957.717995838848,33.33525191212317,62.60715502908731
9958.596644619509,33.33634075166735,62.61464375998509
9959.475293400166,33.33744141671311,62.62220457868229
9960.353942180825,33.33855401996696,62.62983851063915
9961.232590961485,33.33967867413545,62.63754658131592
9962.111239742144,33.34081549192508,62.64532981617281
9962.989888522803,33.34196458604238,62.65318924067009
9963.86853730346,33.34312606919388,62.66112588026794
9964.747186084121,33.34430005408612,62.66914076042667
9965.625834864779,33.345486653425596,62.67723490660646
9966.504483645438,33.34668597991885,62.685409344267576
9967.383132426097,33.34789814627241,62.69366509887025
9968.261781206756,33.34912326519279,62.70200319587471
9969.140429987416,33.35036144938652,62.7104246607412
9970.019078768073,33.35161281156012,62.71893051892994
9970.897727548734,33.35287746442014,62.727521795901225
9971.776376329391,33.35415552067307,62.736199517115196
9972.65502511005,33.355447093025454,62.744964708032164
9973.53367389071,33.35675229418381,62.75381839411234
9974.41232267137,33.35807123685468,62.762761600815985
9975.290971452028,33.35940402644496,62.7717953536033
9976.169620232686,33.3607506285807,62.78092067793452
9977.048269013347,33.36211088314138,62.79013859926994
9977.926917794004,33.363484625523654,62.79945014306972
9978.805566574663,33.36487169112415,62.80885633479415
9979.684215355323,33.36627191533951,62.81835819990344
9980.562864135982,33.36768513356636,62.82795676385784
9981.441512916641,33.36911118120135,62.837653052117595
9982.320161697298,33.37054989364109,62.847448090142905
9983.19881047796,33.372001106282255,62.85734290339407
9984.077459258617,33.37346465452146,62.86733851733124
9984.956108039276,33.37494037375533,62.87743595741473
9985.834756819935,33.376428099380526,62.887636249104744
9986.713405600594,33.37792766679367,62.89794041786153
9987.592054381254,33.3794389113914,62.9083494891453
9988.470703161911,33.38096166857035,62.9188644884163
9989.349351942572,33.382495773727165,62.92948643890758
9990.22800072323,33.38404106225847,62.94021555294539
9991.106649503889,33.38559736956091,62.951050029401266
9991.985298284548,33.387164531031125,62.96198775996459
9992.863947065207,33.38874238206574,62.97302663632477
9993.742595845866,33.3903307580614,62.98416455017119
9994.621244626524,33.39192949441473,62.99539939319321
9995.499893407185,33.39353842652239,63.006729057080314
9996.378542187842,33.39515738978099,63.0181514335218
9997.257190968501,33.396786219587185,63.02966441420713
9998.13583974916,33.3984247513376,63.0412658908257
9999.014488529818,33.400072820428875,63.052953755066845
9999.893137310479,33.40173026225765,63.06472589862006
10000.771786091136,33.40339691222056,63.07658021317464
10001.650434871797,33.40507260571424,63.08851459042007
10002.529083652455,33.406757178135315,63.10052692204565
10003.407732433114,33.408450464880445,63.112615099740864
10004.286381213773,33.41015230134625,63.12477701519507
10005.16502999443,33.41186252292936,63.13701056009765
10006.043678775091,33.41358096502644,63.14931362613805
10006.922327555749,33.4153074630341,63.161684105005605
10007.800976336408,33.41704185234898,63.17411988838975
10008.679625117067,33.41878396836773,63.186618867979874
10009.558273897726,33.42053364648697,63.19917893546537
10010.436922678386,33.42229072210335,63.211797982535636
10011.315571459043,33.424055030613495,63.22447390088004
10012.194220239704,33.42582640741405,63.237204582188056
10013.072869020361,33.42760468790165,63.24998791814898
10013.95151780102,33.42938970747292,63.262821800452286
10014.83016658168,33.43118130152452,63.27570412078735
10015.708815362339,33.432979305453074,63.28863277084355
10016.587464142998,33.434783554655205,63.30160564231029
10017.466112923656,33.43659388452756,63.314620626876945
10018.344761704317,33.438410130466785,63.327675616232995
10019.223410484974,33.4402321278695,63.34076850206771
10020.102059265633,33.44205971213236,63.35389717607059
10020.980708046292,33.44389271865199,63.367059529930984
10021.859356826952,33.44573098282502,63.380253455338305
10022.73800560761,33.4475743400481,63.393476843981944
10023.616654388268,33.44942262571785,63.40672758755126
10024.49530316893,33.451275675230924,63.42000357773574
10025.373951949587,33.453133323983955,63.43330270622467
10026.252600730246,33.45499540737356,63.44662286470754
10027.131249510905,33.45686176079641,63.4599619448737
10028.009898291564,33.458732219649114,63.473317838412555
10028.888547072223,33.46060661932832,63.48668843701349
10029.76719585288,33.46248479523065,63.500071632365895
10030.645844633542,33.46436658275277,63.513465316159234
10031.5244934142,33.46625181729128,63.5268673800828
10032.403142194858,33.46814033424285,63.540275715826056
10033.281790975518,33.47003196900409,63.55368821507839
10034.160439756177,33.471926556971646,63.56710276952919
10035.039088536836,33.473823933542164,63.58051727086786
10035.917737317493,33.47572393411226,63.593929610783746
10036.796386098154,33.47762639407859,63.60733768096636
10037.675034878812,33.47953114883779,63.62073937310496
10038.553683659471,33.481438033786475,63.634132578889044
10039.43233244013,33.48334688432131,63.647515190007965
10040.31098122079,33.48525753583891,63.66088509815113
10041.189630001449,33.48716982373592,63.674240195007926
10042.068278782106,33.48908358340897,63.68757837226774
10042.946927562767,33.49099865025471,63.70089752162002
10043.825576343424,33.49291485966975,63.71419553475408
10044.704225124084,33.494832047050764,63.7274703033594
10045.582873904743,33.496750047794364,63.740719719125316
10046.4615226854,33.498668697297184,63.753941673741245
10047.340171466061,33.50058783095588,63.767134058896616
10048.218820246719,33.50250728416706,63.780294766280754
10049.09746902738,33.504426892327395,63.79342168758314
10049.976117808037,33.50634649083349,63.80651271449308
10050.854766588696,33.508265915081985,63.819565738700035
10051.733415369355,33.51018500046954,63.832578651893385
10052.612064150013,33.512103582392776,63.84554934576249
10053.490712930674,33.51402149624834,63.85847571199684
10054.369361711331,33.515938577432834,63.87135564228571
10055.248010491992,33.51785466134294,63.884187028318614
10056.12665927265,33.51976958337526,63.896967761784836
10057.005308053309,33.52168317892645,63.90969573437385
10057.883956833968,33.52359528339314,63.92236883777503
10058.762605614625,33.52550573217196,63.93498496367775
10059.641254395287,33.52741436065956,63.94754200377148
10060.519903175944,33.52932100425257,63.960037849745504
10061.398551956603,33.53122549834763,63.97247039328932
10062.277200737262,33.53312767834137,63.98483752609227
10063.155849517922,33.53502737963042,63.997137139843765
10064.03449829858,33.53692443761144,64.00936712623319
10064.913147079238,33.53881868768104,64.02152537694994
10065.7917958599,33.54070996523588,64.03360978368346
10066.670444640557,33.542598105672575,64.04561823812307
10067.549093421216,33.544482944387774,64.05754863195823
10068.427742201875,33.54636431677811,64.0693988571317
10069.306390982534,33.54824205824022,64.08116740528486
10070.185039763193,33.55011600417074,64.09285465180788
10071.06368854385,33.5519859899663,64.10446134100339
10071.942337324512,33.55385185102355,64.11598821717403
10072.82098610517,33.55571342273912,64.12743602462236
10073.699634885828,33.557570540509644,64.13880550765101
10074.578283666488,33.55942303973176,64.1500974105626
10075.456932447147,33.561270755802106,64.16131247765969
10076.335581227806,33.563113544748816,64.17245145324496
10077.214230008463,33.564951376990955,64.18351508162094
10078.092878789124,33.56678426236833,64.19450410709032
10078.971527569782,33.56861221075741,64.20541927395563
10079.850176350441,33.57043523203475,64.21626132651951
10080.7288251311,33.57225333607685,64.2270310090846
10081.60747391176,33.57406653276024,64.23772906595346
10082.486122692419,33.575874831961436,64.24835624142872
10083.364771473076,33.57767824355695,64.25891327981296
10084.243420253737,33.57947677742332,64.26940092540885
10085.122069034394,33.581270443437035,64.27981992251891
10086.000717815054,33.58305925147464,64.29017101544582
10086.879366595713,33.584843211412625,64.30045494849216
10087.758015376372,33.58662233312754,64.31067246596054
10088.636664157031,33.588396626495886,64.32082431215358
10089.515312937689,33.59016610139418,64.33091123137385
10090.39396171835,33.591930767698955,64.34093396792402
10091.272610499007,33.59369063528671,64.35089326610664
10092.151259279666,33.59544571403398,64.36078987022434
10093.029908060325,33.59719601381727,64.37062452457972
10093.908556840983,33.5989415445131,64.38039797347538
10094.787205621644,33.60068231599801,64.39011096121399
10095.665854402301,33.60241833814849,64.39976423209805
10096.544503182962,33.604149620841085,64.4093585304303
10097.42315196362,33.605876173952275,64.41889460051323
10098.301800744279,33.60759800735862,64.4283731866495
10099.180449524938,33.60931513093661,64.4377950331417
10100.059098305595,33.61102755456278,64.44716088429244
10100.937747086256,33.61273528811365,64.45647148440436
10101.816395866914,33.614438341465714,64.46572757778003
10102.695044647575,33.616136724495526,64.47492990872212
10103.573693428232,33.61783044707958,64.48407922153312
10104.452342208891,33.619519519094396,64.49317626051574
10105.33099098955,33.6212039504165,64.50222176997255
10106.209639770208,33.622883750922405,64.51121649420614
10107.088288550869,33.62455893048863,64.52016117751917
10107.966937331526,33.626229498991705,64.52905656421422
10108.845586112186,33.62789546630813,64.53790339859387
10109.724234892845,33.629556842314436,64.54670242496077
10110.602883673504,33.63121363688714,64.55545438761752
10111.481532454163,33.63286585990276,64.5641600308667
10112.36018123482,33.63451352123781,64.57282009901091
10113.238830015482,33.63615663076881,64.58143533635284
10114.117478796139,33.63779519837228,64.59000648719501
10114.996127576798,33.63942923392474,64.59853429584007
10115.874776357457,33.64105874730271,64.60701950659059
10116.753425138117,33.6426837483827,64.61546286374924
10117.632073918776,33.64430424704125,64.62386511161858
10118.510722699433,33.64592025315484,64.63222699450121
10119.389371480094,33.64753177660003,64.6405492566998
10120.268020260752,33.6491388272533,64.64883264251687
10121.14666904141,33.6507414149912,64.65707789625509
10122.02531782207,33.65233954969023,64.66528576221705
10122.90396660273,33.65393324122692,64.67345698470538
10123.782615383388,33.65552249947779,64.68159230802264
10124.661264164046,33.65710733431934,64.68969247647145
10125.539912944707,33.658687755628115,64.69775823435447
10126.418561725364,33.660263773280604,64.70579032597423
10127.297210506023,33.66183539715335,64.71378949563342
10128.175859286683,33.66340263712285,64.72175648763456
10129.054508067342,33.664965503065645,64.72969204628033
10129.933156848001,33.66652400485824,64.73759691587331
10130.811805628658,33.66807815237715,64.74547184071608
10131.69045440932,33.6696279554989,64.75331756511132
10132.569103189977,33.671173424100026,64.76113483336155
10133.447751970636,33.67271456805701,64.76892438976944
10134.326400751295,33.674251397246394,64.77668697863757
10135.205049531955,33.6757839215447,64.78442334426856
10136.083698312614,33.67731215082843,64.79213423096502
10136.962347093271,33.6788360949741,64.79982038302953
10137.840995873932,33.680355763858266,64.80748254476475
10138.71964465459,33.68187116735739,64.81512146047324
10139.598293435249,33.68338231534804,64.82273787445762
10140.476942215908,33.684889217706704,64.83033253042943
10141.355590996567,33.68639188430992,64.83790602766963
10142.234239777226,33.687890325034196,64.84545863327696
10143.112888557884,33.68938454975604,64.85299056782182
10143.991537338545,33.69087456835201,64.8605020518747
10144.870186119202,33.692360390698575,64.86799330600603
10145.748834899861,33.69384202667228,64.87546455078625
10146.62748368052,33.695319486149636,64.88291600678585
10147.506132461178,33.69679277900716,64.89034789457524
10148.384781241839,33.69826191512139,64.89776043472493
10149.263430022496,33.69972690436882,64.9051538478053
10150.142078803157,33.70118775662598,64.91252835438686
10151.020727583815,33.70264448176939,64.91988417504002
10151.899376364474,33.704097089675564,64.92722153033526
10152.778025145133,33.705545590221014,64.93454064084304
10153.65667392579,33.706989993282264,64.94184172713376
10154.535322706452,33.70843030873584,64.94912500977794
10155.413971487109,33.70986654645826,64.95639070934598
10156.292620267768,33.711298716326034,64.96363904640836
10157.171269048427,33.71272682821568,64.97087024153552
10158.049917829087,33.71415089200372,64.97808451529791
10158.928566609746,33.71557091756668,64.985282088266
10159.807215390403,33.71698691478107,64.9924631810102
10160.685864171064,33.7183988935234,64.99962801410105
10161.564512951722,33.7198068636702,65.00677680810888
10162.44316173238,33.72121083509799,65.01390978360423
10163.32181051304,33.7226108176833,65.02102716115753
10164.2004592937,33.724006821302616,65.02812916133922
10165.079108074358,33.72539885583248,65.03521600471977
10165.957756855016,33.72678693114939,65.04228791186961
10166.836405635677,33.7281710571299,65.04934510335924
10167.715054416334,33.7295512436505,65.05638779975902
10168.593703196993,33.73092750058772,65.0634162216395
10169.472351977653,33.73229983781807,65.07043058957109
10170.351000758312,33.73366826521807,65.07743112412422
10171.229649538971,33.73503279266424,65.08441804586938
10172.108298319628,33.736393430033104,65.091391575377
10172.98694710029,33.737750187201186,65.09835193321756
10173.865595880947,33.73910307404498,65.10529933996146
10174.744244661606,33.740452100441026,65.11223401617919
10175.622893442265,33.741797276265835,65.1191561824412
10176.501542222924,33.743138611395935,65.12606605931794
10177.380191003584,33.74447611570782,65.13296386737986
10178.258839784241,33.74580979907804,65.13984982719738
10179.137488564902,33.74713967138309,65.14672415934103
10180.01613734556,33.74846574249949,65.15358708438117
10180.894786126219,33.74978802230377,65.16043882288834
10181.773434906878,33.75110652067245,65.16727959543292
10182.652083687537,33.75242124748204,65.17410962258539
10183.530732468196,33.75373221260905,65.18092912491622
10184.409381248854,33.755039425930015,65.18773832299581
10185.288030029515,33.75634289732145,65.1945374373947
10186.166678810172,33.757642636659874,65.20132668868324
10187.045327590831,33.7589386538218,65.20810629743195
10187.92397637149,33.76023095868374,65.21487648421126
10188.80262515215,33.76151956112223,65.22163746959161
10189.681273932809,33.76280447101378,65.2283894741435
10190.559922713466,33.7640856982349,65.23513271843731
10191.438571494127,33.765363256209405,65.24186742304357
10192.317220274785,33.766637179734474,65.24859380853266
10193.195869055444,33.76790751157356,65.25531209547508
10194.074517836103,33.76917429450361,65.26202250444125
10194.95316661676,33.770437571301564,65.26872525600162
10195.831815397421,33.7716973847444,65.27542057072671
10196.710464178079,33.772953777609054,65.28210866918688
10197.58911295874,33.77420679267251,65.28878977195268
10198.467761739397,33.77545647271168,65.29546409959444
10199.346410520056,33.77670286050357,65.30213187268271
10200.225059300716,33.7779459988251,65.30879331178791
10201.103708081373,33.779185930453245,65.31544863748047
10201.982356862034,33.78042269816496,65.3220980703309
10202.861005642691,33.78165634473718,65.32874183090958
10203.739654423352,33.78288691294689,65.33538013978703
10204.61830320401,33.784114445571035,65.34201321753363
10205.496951984669,33.78533898538657,65.34864128471992
10206.375600765328,33.78656057517045,65.35526456191627
10207.254249545986,33.78777925769962,65.36188326969317
10208.132898326647,33.78899507575106,65.36849762862109
10209.011547107304,33.79020807210171,65.37510785927041
10209.890195887963,33.791418289528536,65.38171418221168
10210.768844668622,33.792625770808485,65.38831681801528
10211.647493449282,33.79383055871851,65.3949159872517
10212.52614222994,33.795032696035584,65.40151191049135
10213.404791010598,33.79623222553664,65.40810480830473
10214.28343979126,33.79742918999867,65.4146949012623
10215.162088571917,33.79862363219859,65.42128240993442
10216.040737352576,33.79981559491337,65.42786755489165
10216.919386133235,33.801005120919974,65.43445055670438
10217.798034913894,33.802192252995354,65.44103163594309
10218.676683694554,33.803377033916476,65.4476110131782
10219.55533247521,33.80455950646027,65.45418890898019
10220.433981255872,33.805739713403725,65.46076554391952
10221.31263003653,33.80691769752376,65.46734113856662
10222.191278817189,33.80809350159736,65.47391591349196
10223.069927597848,33.809267168401476,65.48049008926596
10223.948576378507,33.81043874071306,65.48706388645911
10224.827225159166,33.811608261309075,65.49363752564183
10225.705873939824,33.812775772966454,65.50021122738458
10226.584522720485,33.813941318462184,65.50678521225785
10227.463171501142,33.81510494057319,65.51335970083204
10228.341820281801,33.81626668207647,65.51993491367763
10229.22046906246,33.81742658574894,65.52651107136506
10230.09911784312,33.81858469436758,65.5330883944648
10230.977766623779,33.81974105070932,65.53966710354726
10231.856415404436,33.82089569755115,65.54624741918293
10232.735064185097,33.822048677670004,65.55282956194227
10233.613712965755,33.823200033842845,65.5594137523957
10234.492361746414,33.824349808846634,65.56600021111369
10235.371010527073,33.8254980454583,65.5725891586667
10236.249659307732,33.82664478645485,65.57918081562516
10237.128308088391,33.82779007461319,65.58577540255953
10238.006956869049,33.82893395271031,65.59237314004025
10238.88560564971,33.83007646352314,65.59897424863783
10239.764254430367,33.83121764982865,65.60557894892264
10240.642903211026,33.832357554403806,65.61218746146518
10241.521551991686,33.83349622002555,65.6188000068359
10242.400200772345,33.83463368947084,65.62541680560525
10243.278849553004,33.83577000551663,65.63203807834365
10244.157498333661,33.836905210939875,65.6386640456216
10245.036147114322,33.838039348517555,65.64529492800953
10245.91479589498,33.839172461026585,65.65193094607787
10246.793444675639,33.84030459124396,65.65857232039711
10247.672093456298,33.84143578194661,65.6652192715377
10248.550742236956,33.8425660759115,65.67187202007005
10249.429391017617,33.84369551591559,65.67853078656468
10250.308039798274,33.844824144735824,65.68519579159195
10251.186688578935,33.84595200514918,65.6918672557224
10252.065337359592,33.847079139932596,65.69854539952644
10252.943986140252,33.84820559186303,65.70523044357454
10253.82263492091,33.84933140371745,65.7119226084371
10254.701283701568,33.85045661827278,65.71862211468465
10255.57993248223,33.85158127830602,65.7253291828876
10256.458581262887,33.852705426594106,65.73204403361638
10257.337230043546,33.85382910591398,65.73876688744149
10258.215878824205,33.85495235904263,65.74549796493335
10259.094527604864,33.856075228756985,65.75223748666242
10259.973176385523,33.857197757834,65.75898567319916
10260.85182516618,33.85831998905065,65.76574274511403
10261.730473946842,33.85944196518388,65.77250892297745
10262.6091227275,33.86056372901065,65.77928442735988
10263.487771508158,33.86168532330792,65.78606943764433
10264.366420288818,33.86280679085264,65.79286395454322
10265.245069069477,33.86392817442176,65.79966793033198
10266.123717850136,33.86504951679224,65.80648131728525
10267.002366630793,33.86617086074105,65.81330406767756
10267.881015411454,33.867292249045136,65.82013613378358
10268.759664192112,33.86841372448144,65.82697746787784
10269.638312972771,33.86953532982694,65.83382802223497
10270.51696175343,33.870657107858584,65.84068774912953
10271.39561053409,33.87177910135332,65.84755660083613
10272.274259314749,33.872901353088125,65.85443452962936
10273.152908095406,33.874023905839934,65.86132148778383
10274.031556876067,33.875146802385714,65.8682174275741
10274.910205656724,33.87627008550241,65.87512230127477
10275.788854437384,33.877393797966995,65.88203606116043
10276.667503218043,33.87851798255642,65.88895865950572
10277.546151998702,33.87964268204763,65.89589004858516
10278.424800779361,33.88076793921759,65.90283018067339
10279.303449560019,33.88189379684326,65.90977900804496
10280.18209834068,33.883020297701584,65.91673648297453
10281.060747121337,33.88414748456953,65.9237025577366
10281.939395901996,33.885275400224046,65.93067718460584
10282.818044682655,33.886404087442095,65.93766031585682
10283.696693463315,33.887533589000626,65.94465190376411
10284.575342243974,33.888663947676605,65.95165190060231
10285.453991024631,33.88979520624697,65.95866025864603
10286.332639805292,33.8909274074887,65.96567693016988
10287.21128858595,33.892060594178744,65.97270186744836
10288.089937366609,33.89319480909404,65.97973502275616
10288.968586147268,33.89433009501156,65.98677634836785
10289.847234927927,33.89546649470827,65.99382579655799
10290.725883708586,33.89660405096111,66.00088331960121
10291.604532489244,33.89774280654704,66.00794886977205
10292.483181269905,33.898882804243016,66.01502239934517
10293.361830050562,33.900024086825994,66.0221038605951
10294.240478831221,33.90116669707293,66.02919320579646
10295.11912761188,33.902310677760795,66.03629038722384
10295.997776392538,33.90345607166651,66.04339535715184
10296.8764251732,33.90460292156707,66.05050806785506
10297.755073953856,33.9057512702394,66.05762847160804
10298.633722734518,33.906901160460485,66.06475652068545
10299.512371515175,33.90805263500725,66.07189216736178
10300.391020295834,33.90920573665668,66.07903536391174
10301.269669076493,33.91036050818571,66.08618606260983
10302.14831785715,33.91151699237131,66.0933442157307
10303.026966637812,33.912675231990434,66.10050977554889
10303.90561541847,33.91383526982003,66.10768269433905
10304.78426419913,33.914997148637056,66.11486292437571
10305.662912979788,33.916160911218476,66.12205041793351
10306.541561760447,33.91732659585321,66.12924512728702
10307.420210541106,33.918494211412984,66.13644700471086
10308.298859321763,33.919663754921906,66.14365600247956
10309.177508102424,33.92083522337156,66.15087207286778
10310.056156883082,33.92200861375351,66.15809516815007
10310.934805663741,33.92318392305934,66.16532524060104
10311.8134544444,33.92436114828064,66.17256224249527
10312.69210322506,33.92554028640896,66.17980612610737
10313.570752005719,33.92672133443588,66.1870568437119
10314.449400786376,33.92790428935299,66.19431434758349
10315.328049567037,33.92908914815185,66.20157858999671
10316.206698347694,33.93027590782405,66.20884952322615
10317.085347128354,33.93146456536115,66.21612709954641
10317.963995909013,33.93265511775474,66.2234112712321
10318.842644689672,33.93384756199639,66.23070199055778
10319.721293470331,33.93504189507768,66.23799920979805
10320.599942250989,33.93623811399017,66.24530288122749
10321.47859103165,33.93743621572545,66.25261295712075
10322.357239812307,33.93863619727509,66.25992938975233
10323.235888592966,33.93983805563065,66.2672521313969
10324.114537373625,33.941041787783746,66.27458113432901
10324.993186154285,33.942247390725925,66.2819163508233
10325.871834934944,33.943454861448764,66.28925773315429
10326.750483715601,33.94466419694383,66.29660523359661
10327.629132496262,33.94587539420274,66.30395880442488
10328.50778127692,33.94708845021702,66.31131839791362
10329.386430057579,33.94830336197827,66.3186839663375
10330.265078838238,33.94952012647806,66.32605546197107
10331.143727618897,33.95073874070796,66.33343283708892
10332.022376399556,33.95195920165956,66.34081604396567
10332.901025180214,33.953181506324434,66.34820503487586
10333.779673960875,33.954405651694145,66.35559976209416
10334.658322741532,33.955631634760266,66.36300017789506
10335.536971522191,33.9568594525144,66.37040623455326
10336.41562030285,33.95808910194809,66.37781788434326
10337.29426908351,33.95932058005293,66.38523507953973
10338.172917864169,33.960553883820495,66.3926577724172
10339.051566644826,33.96178901024235,66.40008591525029
10339.930215425487,33.963025956310084,66.4075194603136
10340.808864206145,33.96426471901526,66.4149583598817
10341.687512986804,33.965505295349466,66.42240256622917
10342.566161767463,33.96674768230426,66.42985203163066
10343.44481054812,33.96799187687123,66.43730670836068
10344.323459328782,33.96923787604196,66.44476654869392
10345.202108109439,33.97048567680801,66.45223150490489
10346.0807568901,33.97173527616096,66.45970152926824
10346.959405670757,33.97298667109239,66.4671765740585
10347.838054451417,33.974239858593876,66.4746565915503
10348.716703232076,33.97549483565698,66.48214153401823
10349.595352012733,33.97675159927329,66.48963135373688
10350.474000793394,33.97801014643439,66.49712600298086
10351.352649574052,33.97927047413183,66.50462543402472
10352.231298354713,33.9805325793572,66.5121295991431
10353.10994713537,33.981796459102085,66.51963845061053
10353.98859591603,33.98306211035805,66.52715194070166
10354.867244696688,33.98432953011666,66.53467002169107
10355.745893477346,33.98559871536951,66.5421926458533
10356.624542258007,33.98686966310817,66.54971976546305
10357.503191038664,33.98814237032421,66.55725133279479
10358.381839819323,33.98941683400921,66.5647873001232
10359.260488599983,33.99069305115475,66.57232761972283
10360.139137380642,33.99197101875239,66.57987224386828
10361.017786161301,33.993250733793715,66.58742112483414
10361.896434941958,33.99453219327031,66.59497421489502
10362.77508372262,33.99581539417374,66.60253146632549
10363.653732503277,33.997100333495574,66.61009283140014
10364.532381283936,33.998387008227404,66.61765826239358
10365.411030064595,33.99967541536079,66.62522771158041
10366.289678845254,34.00096555188732,66.6328011312352
10367.168327625914,34.00225741479857,66.64037847363252
10368.046976406571,34.003551001086095,66.64795969104699
10368.925625187232,34.0048463077415,66.65554473575325
10369.80427396789,34.006143331756334,66.66313356002578
10370.682922748549,34.00744207012219,66.67072611613929
10371.561571529208,34.00874251983064,66.6783223563683
10372.440220309867,34.01004467787325,66.68592223298742
10373.318869090526,34.01134854124162,66.69352569827123
10374.197517871184,34.012654106927286,66.70113270449433
10375.076166651845,34.01396137192186,66.70874320393132
10375.954815432502,34.015270333216904,66.71635714885679
10376.833464213161,34.016580987803984,66.72397449154532
10377.71211299382,34.017893332674696,66.73159518427154
10378.59076177448,34.019207364820595,66.73921917930997
10379.469410555139,34.02052308123328,66.74684642893527
10380.348059335796,34.021840478904295,66.754476885422
10381.226708116457,34.02315955482525,66.76211050104476
10382.105356897115,34.02448030598768,66.76974722807813
10382.984005677774,34.02580272938321,66.77738701879673
10383.862654458433,34.027126822003375,66.78502982547512
10384.741303239092,34.02845258083976,66.79267560038791
10385.619952019752,34.02978000288397,66.80032429580969
10386.498600800409,34.03110908512754,66.80797586401503
10387.37724958107,34.03243982456206,66.81563025727858
10388.255898361727,34.03377221817911,66.82328742787486
10389.134547142387,34.03510626297027,66.83094732807851
10390.013195923046,34.036441955927096,66.83860991016411
10390.891844703705,34.03777929404119,66.84627512640625
10391.770493484364,34.0391182743041,66.85394292907951
10392.649142265022,34.04045889370742,66.86161327045849
10393.527791045683,34.04180114924272,66.86928610281781
10394.40643982634,34.043145037901574,66.87696137843201
10395.285088607,34.04449055667557,66.88463904957572
10396.163737387658,34.04583770255627,66.89231906852353
10397.042386168316,34.047186472535245,66.90000138754999
10397.921034948977,34.048536863604085,66.90768595892978
10398.799683729634,34.049888872754366,66.91537273493736
10399.678332510295,34.051242496977636,66.9230616680102
10400.556981290953,34.05259773326551,66.93075271780151
10401.435630071612,34.053954578609535,66.93844585388834
10402.314278852271,34.055313030001294,66.94614104656925
10403.192927632928,34.056673084432376,66.95383826614277
10404.07157641359,34.05803473889434,66.96153748290752
10404.950225194247,34.05939799037877,66.969238667162
10405.828873974906,34.06076283587723,66.97694178920486
10406.707522755565,34.06212927238131,66.98464681933464
10407.586171536224,34.06349729688258,66.9923537278499
10408.464820316884,34.064866906372615,67.0000624850492
10409.343469097541,34.066238097842984,67.00777306123112
10410.222117878202,34.06761086828527,67.01548542669424
10411.10076665886,34.068985214691054,67.02319955173708
10411.979415439519,34.07036113405191,67.03091540665827
10412.858064220178,34.0717386233594,67.03863296175635
10413.736713000837,34.073117679605105,67.04635218732989
10414.615361781496,34.074498299780615,67.05407305367747
10415.494010562154,34.07588048087749,67.06179553109762
10416.372659342815,34.07726421988731,67.06951958988897
10417.251308123472,34.07864951380164,67.07724520035003
10418.129956904131,34.08003635961208,67.0849723327794
10419.00860568479,34.08142475431019,67.09270095747563
10419.88725446545,34.082814694887546,67.10043104473732
10420.765903246109,34.08420617833571,67.10816256486302
10421.644552026766,34.085599201646296,67.11589548815127
10422.523200807427,34.086993761810845,67.12362978490071
10423.401849588085,34.08838985582094,67.13136542540983
10424.280498368744,34.089787480668164,67.13910237997725
10425.159147149403,34.091186633344094,67.1468406189015
10426.037795930062,34.09258731084029,67.15458011248118
10426.916444710721,34.09398951014835,67.16232083101485
10427.795093491379,34.09539322825982,67.17006274480107
10428.67374227204,34.096798462166305,67.17780582413845
10429.552391052697,34.09820520885936,67.18555003932548
10430.431039833356,34.09961346533058,67.1932953606608
10431.309688614016,34.10102322857152,67.20104175844294
10432.188337394675,34.102434495573775,67.20878920297048
10433.066986175334,34.1038472633289,67.21653766454199
10433.945634955991,34.10526152882848,67.224287113456
10434.824283736652,34.1066772890641,67.23203752001118
10435.70293251731,34.10809454102732,67.23978885450597
10436.581581297969,34.109513281709724,67.24754108723906
10437.460230078628,34.11093350810288,67.25529418850893
10438.338878859287,34.112355217198385,67.26304812861419
10439.217527639947,34.11377840598779,67.27080287785338
10440.096176420604,34.11520307146268,67.27855840652508
10440.974825201265,34.11662921061464,67.28631468492789
10441.853473981922,34.11805682043523,67.29407168336034
10442.732122762582,34.11948589778048,67.30182937212102
10443.61077154324,34.12091642195084,67.30958772150848
10444.489420323898,34.122348337511674,67.31734670182128
10445.36806910456,34.123781584946805,67.32510628335805
10446.246717885217,34.12521610474004,67.33286643641729
10447.125366665878,34.12665183737523,67.34062713129761
10448.004015446535,34.12808872333616,67.34838833829753
10448.882664227194,34.12952670310668,67.35615002771567
10449.761313007853,34.130965717170575,67.36391216985058
10450.63996178851,34.13240570601169,67.37167473500081
10451.518610569172,34.13384661011385,67.37943769346498
10452.39725934983,34.13528836996083,67.38720101554159
10453.27590813049,34.13673092603652,67.3949646715293
10454.154556911148,34.13817421882467,67.40272863172656
10455.033205691807,34.13961818880915,67.41049286643201
10455.911854472466,34.14106277647376,67.41825734594424
10456.790503253123,34.1425079223023,67.42602204056175
10457.669152033784,34.143953566778634,67.43378692058317
10458.547800814442,34.145399650386544,67.44155195630704
10459.426449595101,34.14684611360986,67.44931711803193
10460.30509837576,34.1482928969324,67.45708237605642
10461.18374715642,34.149739940838,67.46484770067906
10462.062395937079,34.15118718581046,67.47261306219842
10462.941044717736,34.152634572333604,67.48037843091308
10463.819693498397,34.15408204089127,67.4881437771216
10464.698342279054,34.15552953196723,67.49590907112258
10465.576991059714,34.15697698604535,67.50367428321455
10466.455639840373,34.15842434360943,67.51143938369609
10467.334288621032,34.159871545143304,67.51920434286576
10468.212937401691,34.16131853113078,67.52696913102216
10469.091586182349,34.16276524205566,67.53473371846378
10469.97023496301,34.1642116184018,67.54249807548932
10470.848883743667,34.165657600653,67.55026217239721
10471.727532524326,34.167103129293075,67.55802597948612
10472.606181304986,34.168548144805854,67.56578946705457
10473.484830085645,34.169992587675154,67.57355260540115
10474.363478866304,34.171436398384785,67.5813153648244
10475.242127646961,34.17287951741857,67.5890777156229
10476.120776427622,34.174321885260355,67.59683962809527
10476.99942520828,34.17576344239392,67.60460107253996
10477.878073988939,34.17720412930311,67.61236201925566
10478.756722769598,34.17864388647174,67.62012243854088
10479.635371550257,34.18008265438362,67.6278823006942
10480.514020330917,34.181520373522574,67.63564157601418
10481.392669111574,34.18295698437242,67.64340023479939
10482.271317892235,34.184392427416995,67.65115824734843
10483.149966672892,34.185826643140096,67.6589155839598
10484.028615453552,34.187259572025546,67.66667221493213
10484.90726423421,34.188691154557176,67.67442811056398
10485.78591301487,34.19012133121879,67.68218324115391
10486.66456179553,34.19155004249423,67.68993757700048
10487.543210576187,34.192977228867285,67.69769108840225
10488.421859356848,34.19440283082181,67.70544374565783
10489.300508137505,34.195826788841586,67.71319551906572
10490.179156918164,34.19724904341047,67.72094637892455
10491.057805698823,34.19866953501224,67.72869629553288
10491.936454479483,34.200088204130765,67.73644523918927
10492.815103260142,34.20150499124983,67.74419318019228
10493.6937520408,34.202919836853255,67.75194008884047
10494.57240082146,34.20433268142487,67.75968593543246
10495.451049602118,34.2057434654485,67.76743069026674
10496.329698382777,34.20715212940795,67.77517432364193
10497.208347163436,34.20855861378705,67.7829168058566
10498.086995944093,34.20996285906961,67.79065810720928
10498.965644724754,34.21136480573946,67.7983981979986
10499.844293505412,34.21276439428041,67.80613704852306
10500.722942286073,34.21416156517629,67.8138746290813
10501.60159106673,34.21555625891091,67.82161090997181
10502.48023984739,34.21694841596808,67.82934586149322
10503.358888628049,34.218337976831656,67.83707945394409
10504.237537408706,34.21972488198542,67.84481165762294
10505.116186189367,34.22110907191321,67.85254244282841
10505.994834970024,34.222490487098845,67.86027177985899
10506.873483750684,34.223869068026126,67.86799963901335
10507.752132531343,34.2252447551789,67.87572599058996
10508.630781312002,34.22661748904096,67.88345080488745
10509.509430092661,34.22798721009615,67.89117405220436
10510.388078873319,34.22935385882828,67.89889570283924
10511.26672765398,34.23071737572116,67.90661572709072
10512.145376434637,34.232077701258625,67.9143340952573
10513.024025215296,34.23343477592448,67.9220507776376
10513.902673995955,34.23478854020255,67.92976574453017
10514.781322776615,34.23613893457666,67.93747896623358
10515.659971557274,34.237485899530625,67.94519041304639
10516.538620337931,34.238829375548264,67.95290005526716
10517.417269118592,34.240169303113404,67.96060786319453
10518.29591789925,34.241505622709845,67.96831380712695
10519.174566679909,34.24283827482142,67.97601785736306
10520.053215460568,34.24416719993196,67.98371998420144
10520.931864241227,34.24549233852526,67.99142015794064
10521.810513021886,34.24681363108516,67.99911834887922
10522.689161802544,34.24813101809547,68.00681452731573
10523.567810583205,34.24944444004001,68.01450866354881
10524.446459363862,34.2507538374026,68.02220072787694
10525.325108144521,34.25205915066705,68.02989069059875
10526.20375692518,34.253360320317206,68.03757852201277
10527.08240570584,34.25465728683686,68.0452641924176
10527.961054486499,34.255949990709844,68.0529476721118
10528.839703267156,34.25723837241997,68.06062893139391
10529.718352047817,34.258522372451075,68.0683079385085
10530.597000828475,34.25980193128696,68.0759846527896
10531.475649609134,34.26107698941145,68.08365903115569
10532.354298389793,34.26234748730837,68.09133103052524
10533.232947170452,34.26361336546153,68.09900060781662
10534.111595951112,34.26487456435476,68.10666771994835
10534.990244731769,34.26613102447186,68.11433232383877
10535.86889351243,34.267382686296685,68.12199437640643
10536.747542293087,34.26862949031301,68.12965383456964
10537.626191073747,34.26987137700469,68.13731065524694
10538.504839854406,34.27110828685553,68.14496479535671
10539.383488635065,34.27234016034936,68.1526162118174
10540.262137415724,34.27356693796998,68.16026486154746
10541.140786196382,34.27478856020122,68.16791070146529
10542.019434977043,34.276004967526916,68.17555368848939
10542.8980837577,34.27721610043085,68.18319377953809
10543.77673253836,34.278421899396875,68.19083093152993
10544.655381319018,34.27962230490879,68.19846510138328
10545.534030099676,34.28081725745043,68.2060962460166
10546.412678880337,34.28200669750561,68.21372432234837
10547.291327660994,34.28319056555814,68.22134928729692
10548.169976441655,34.284368802091855,68.22897109778081
10549.048625222313,34.28554134759055,68.23658971071836
10549.927274002972,34.28670814253807,68.24420508302809
10550.805922783631,34.287869127418226,68.25181717162839
10551.684571564288,34.28902424271483,68.2594259334377
10552.56322034495,34.290173428911714,68.26703132537452
10553.441869125607,34.29131662649269,68.27463330435715
10554.320517906268,34.292453775941574,68.28223182730417
10555.199166686925,34.29358481774219,68.28982685113392
10556.077815467585,34.294709692378376,68.29741833276489
10556.956464248244,34.29582834033392,68.30500622911548
10557.835113028901,34.29694070209264,68.31259049710414
10558.713761809562,34.298046718138394,68.32017109364932
10559.59241059022,34.29914632895496,68.32774797566941
10560.471059370879,34.30023947502619,68.33532110008291
10561.349708151538,34.30132609683588,68.3428904238082
10562.228356932197,34.30240613486786,68.35045590376376
10563.107005712856,34.30347952960595,68.35801749686799
10563.985654493514,34.304546221533954,68.36557516003934
10564.864303274175,34.30560615113572,68.37312885019625
10565.742952054832,34.30665925889505,68.38067852425715
10566.621600835491,34.30770548529576,68.38822413914046
10567.50024961615,34.308744770821676,68.39576565176466
10568.37889839681,34.30977705595662,68.40330301904814
10569.257547177469,34.31080228118441,68.41083619790936
10570.136195958126,34.311820386988856,68.41836514526675
10571.014844738787,34.312831313853785,68.42588981803875
10571.893493519445,34.31383500226302,68.43341017314378
10572.772142300104,34.314831392700384,68.4409261675003
10573.650791080763,34.31582042564968,68.44843775802673
10574.529439861422,34.31680204159475,68.45594490164149
10575.408088642082,34.317776181019376,68.46344755526306
10576.286737422739,34.31874278440742,68.47094567580982
10577.1653862034,34.31970179224268,68.47843922020027
10578.044034984057,34.320653145008976,68.48592814535277
10578.922683764717,34.32159678319013,68.49341240818582
10579.801332545376,34.32253264974371,68.50089196561784
10580.679981326035,34.32346071834954,68.50836677456724
10581.558630106694,34.324380983483074,68.5158367919525
10582.437278887352,34.32529344001289,68.52330197469198
10583.315927668013,34.32619808280762,68.53076227970422
10584.19457644867,34.327094906735816,68.53821766390756
10585.07322522933,34.32798390666609,68.54566808422048
10585.951874009988,34.32886507746705,68.55311349756145
10586.830522790648,34.32973841400726,68.56055386084884
10587.709171571307,34.33060391115534,68.56798913100113
10588.587820351964,34.33146156377987,68.5754192649367
10589.466469132625,34.33231136674945,68.58284421957407
10590.345117913283,34.333153314932666,68.59026395183159
10591.223766693942,34.33398740319812,68.59767841862778
10592.102415474601,34.33481362641441,68.605087576881
10592.981064255258,34.33563197945012,68.6124913835097
10593.85971303592,34.33644245717385,68.61988979543239
10594.738361816577,34.33724505445419,68.62728276956739
10595.617010597238,34.338039766159746,68.63467026283327
10596.495659377895,34.33882658715909,68.64205223214832
10597.374308158554,34.33960551232083,68.64942863443108
10598.252956939214,34.34037653651356,68.65679942659993
10599.131605719871,34.34113965460587,68.66416456557333
10600.010254500532,34.341894861466365,68.67152400826974
10600.88890328119,34.342642151963624,68.67887771160753
10601.76755206185,34.34338152096625,68.68622563250521
10602.646200842508,34.34411296334282,68.69356772788116
10603.524849623167,34.34483647396196,68.70090395465385
10604.403498403826,34.34555204769224,68.70823426974168
10605.282147184484,34.346259679402266,68.71555863006313
10606.160795965145,34.34695936396062,68.72287699253661
10607.039444745802,34.3476510962359,68.73018931408056
10607.918093526461,34.34833487109671,68.7374955516134
10608.79674230712,34.349010683411635,68.74479566205358
10609.67539108778,34.34967852804926,68.75208960231956
10610.554039868439,34.3503383998782,68.75937732932972
10611.432688649096,34.35099029376704,68.76665880000256
10612.311337429757,34.35163420458437,68.77393397125647
10613.189986210415,34.352270127198786,68.78120280000988
10614.068634991074,34.35289805647888,68.78846524318126
10614.947283771733,34.353517987293245,68.79572125768902
10615.825932552392,34.35412991451049,68.80297080045163
10616.704581333051,34.354733832999194,68.81021382838748
10617.583230113709,34.35532973762795,68.81745029841503
10618.46187889437,34.355917623265356,68.82468016745271
10619.340527675027,34.356497484780014,68.83190339241898
10620.219176455686,34.3570693170405,68.83911993023221
10621.097825236346,34.35763311491543,68.84632973781093
10621.976474017005,34.358188873273384,68.85353277207349
10622.855122797664,34.35873658698296,68.8607289899384
10623.733771578321,34.35927625091274,68.86791834832401
10624.612420358982,34.35980785993134,68.87510080414886
10625.49106913964,34.360331408907335,68.88227631433128
10626.369717920299,34.360846892709326,68.88944483578975
10627.248366700958,34.36135430620592,68.89660632544273
10628.127015481617,34.361853644265686,68.90376074020863
10629.005664262277,34.36234490175724,68.91090803700591
10629.884313042934,34.36282807354916,68.91804817275296
10630.762961823595,34.36330315451005,68.92518110436826
10631.641610604252,34.3637701395085,68.9323067887702
10632.520259384912,34.36422902341311,68.93942518287727
10633.39890816557,34.36467980109246,68.94653624360788
10634.27755694623,34.36512246741516,68.95363992788046
10635.15620572689,34.3655570172498,68.96073619261347
10636.034854507547,34.36598344546496,68.96782499472528
10636.913503288208,34.36640174692925,68.97490629113443
10637.792152068865,34.36681191651126,68.98198003875925
10638.670800849524,34.367213949079584,68.98904619451825
10639.549449630184,34.36760783950282,68.99610471532982
10640.428098410843,34.36799358264955,69.00315555811244
10641.306747191502,34.368371173388375,69.01019867978451
10642.18539597216,34.36874060658789,69.01723403726446
10643.06404475282,34.3691018771167,69.02426158747076
10643.942693533478,34.36945497984336,69.03128128732182
10644.821342314137,34.36979990963651,69.0382930937361
10645.699991094796,34.37013666136473,69.045296963632
10646.578639875454,34.370465229896595,69.05229285392797
10647.457288656115,34.37078561010072,69.05928072154249
10648.335937436772,34.371097796845696,69.06626052339391
10649.214586217433,34.3714017850001,69.07323221640075
10650.09323499809,34.37169756943255,69.08019575748138
10650.97188377875,34.371985145011635,69.08715110355428
10651.850532559409,34.37226450660594,69.09409821153785
10652.729181340066,34.37253564908405,69.10103703835057
10653.607830120727,34.37279856731458,69.10796754091083
10654.486478901385,34.373053256166116,69.1148896761371
10655.365127682044,34.373299710507254,69.1218034009478
10656.243776462703,34.37353792520658,69.12870867226135
10657.122425243362,34.373767895132694,69.13560544699622
10658.001074024021,34.373989615154194,69.14249368207082
10658.879722804679,34.374203080139665,69.1493733344036
10659.75837158534,34.3744082849577,69.156244360913
10660.637020365997,34.37460522447691,69.16310671851744
10661.515669146656,34.37479389356588,69.16996036413535
10662.394317927316,34.374974287093195,69.1768052546852
10663.272966707975,34.37514639992745,69.18364134708538
10664.151615488634,34.37531022693725,69.1904685982544
10665.030264269291,34.37546576299118,69.19728696511058
10665.908913049952,34.37561300295785,69.20409640485002
10666.78756183061,34.37575194170583,69.21089688697674
10667.666210611269,34.37588257410373,69.2176883979213
10668.544859391928,34.376004895020145,69.22447092534503
10669.423508172587,34.37611889932364,69.23124445690924
10670.302156953247,34.37622458188286,69.2380089802752
10671.180805733904,34.37632193756637,69.24476448310422
10672.059454514565,34.37641096124275,69.25151095305768
10672.938103295222,34.37649164778062,69.25824837779682
10673.816752075882,34.37656399204855,69.264976744983
10674.69540085654,34.37662798891517,69.27169604227748
10675.5740496372,34.37668363324904,69.27840625734162
10676.45269841786,34.376730919918764,69.28510737783667
10677.331347198517,34.37676984379294,69.291799391424
10678.209995979178,34.37680039974016,69.29848228576488
10679.088644759835,34.37682258262902,69.30515604852064
10679.967293540494,34.376836387328105,69.31182066735259
10680.845942321153,34.376841808706025,69.31847612992203
10681.724591101813,34.37683884163136,69.32512242389028
10682.603239882472,34.376827480972715,69.33175953691864
10683.48188866313,34.37680772159866,69.33838745666843
10684.36053744379,34.37677955837783,69.34500617080096
10685.239186224448,34.37674298617878,69.35161566697751
10686.117835005107,34.37669799987012,69.35821593285942
10686.996483785766,34.37664459432045,69.36480695610801
10687.875132566425,34.376582764398364,69.37138872438457
10688.753781347084,34.376512504972446,69.37796122535042
10689.632430127742,34.37643381091129,69.38452444666686
10690.511078908403,34.3763466770835,69.3910783759952
10691.38972768906,34.376251098357656,69.39762300099675
10692.26837646972,34.37614706960237,69.40415830933283
10693.147025250379,34.37603458568621,69.41068428866474
10694.025674031036,34.3759136414778,69.41720092665379
10694.904322811697,34.37578423184572,69.42370821096132
10695.782971592354,34.37564635165856,69.43020612924859
10696.661620373015,34.37549999578492,69.43669466917694
10697.540269153673,34.37534515909339,69.44317381840767
10698.418917934332,34.375181836452576,69.44964356460213
10699.297566714991,34.375010022731054,69.45610389542155
10700.176215495649,34.37482971279742,69.4625547985273
10701.05486427631,34.37464090152028,69.46899626158068
10701.933513056967,34.374443583768226,69.47542827224297
10702.812161837628,34.37423775440985,69.48185081817554
10703.690810618285,34.37402340831374,69.48826388703964
10704.569459398945,34.37380054034849,69.49466746649661
10705.448108179604,34.37356914538272,69.50106154420774
10706.326756960261,34.37332921828498,69.50744610783437
10707.205405740922,34.37308075392389,69.5138211450378
10708.08405452158,34.37282374716804,69.52018664347932
10708.962703302239,34.372558192919485,69.52654259082027
10709.841352082898,34.3722840904145,69.53288897472194
10710.720000863557,34.3720014474649,69.53922578284563
10711.598649644216,34.37171027289016,69.54555300285269
10712.477298424874,34.37141057550978,69.55187062240437
10713.355947205535,34.37110236414323,69.55817862916204
10714.234595986192,34.37078564761003,69.56447701078696
10715.113244766851,34.37046043472966,69.5707657549405
10715.99189354751,34.37012673432158,69.5770448492839
10716.87054232817,34.36978455520532,69.58331428147852
10717.74919110883,34.36943390620034,69.58957403918566
10718.627839889486,34.36907479612615,69.5958241100666
10719.506488670148,34.36870723380222,69.6020644817827
10720.385137450805,34.36833122804805,69.60829514199521
10721.263786231464,34.36794678768313,69.6145160783655
10722.142435012123,34.36755392152694,69.62072727855487
10723.021083792783,34.36715263839898,69.62692873022459
10723.899732573442,34.36674294711872,69.633120421036
10724.7783813541,34.36632485650568,69.63930233865038
10725.65703013476,34.365898375379324,69.6454744707291
10726.535678915418,34.36546351255915,69.65163680493339
10727.414327696077,34.365020276864655,69.65778932892465
10728.292976476736,34.36456867711531,69.66393203036412
10729.171625257395,34.36410872213061,69.67006489691315
10730.050274038054,34.36364042073005,69.67618791623302
10730.928922818712,34.36316378173312,69.68230107598505
10731.807571599373,34.3626788139593,69.68840436383057
10732.68622038003,34.362185526228075,69.69449776743086
10733.56486916069,34.36168392735895,69.70058127444725
10734.443517941349,34.36117402617141,69.70665487254104
10735.322166722008,34.36065583148494,69.71271854937353
10736.200815502667,34.36012935211903,69.71877229260606
10737.079464283324,34.359594596893174,69.72481608989993
10737.958113063985,34.35905157462685,69.73084992891644
10738.836761844643,34.358500294139546,69.73687379731689
10739.715410625302,34.35794076425076,69.7428876827626
10740.594059405961,34.35737299377999,69.7488915729149
10741.47270818662,34.356796991546716,69.75488545543509
10742.35135696728,34.35621276637041,69.76086931798446
10743.230005747937,34.35562032707058,69.76684314822432
10744.108654528598,34.35501968246672,69.77280693381601
10744.987303309255,34.354410841378304,69.77876066242082
10745.865952089915,34.35379381262482,69.78470432170005
10746.744600870574,34.35316860502578,69.79063789931506
10747.623249651231,34.352535227400644,69.79656138292708
10748.501898431892,34.35189368856892,69.8024747601975
10749.38054721255,34.35124399735008,69.80837801878756
10750.25919599321,34.35058616256364,69.81427114635864
10751.137844773868,34.349920193029064,69.82015413057198
10752.016493554527,34.34924609756585,69.82602695908894
10752.895142335186,34.348563884993496,69.8318896195708
10753.773791115844,34.347873564131476,69.83774209967889
10754.652439896505,34.34717514379928,69.84358438707453
10755.531088677162,34.3464686328164,69.849416469419
10756.409737457821,34.34575404000234,69.85523833437362
10757.28838623848,34.34503137417658,69.8610499695997
10758.16703501914,34.344300644158594,69.86685136275855
10759.045683799799,34.34356185876788,69.87264250151149
10759.924332580456,34.342815026823935,69.87842337351982
10760.802981361117,34.342060157146236,69.88419396644488
10761.681630141775,34.34129725855428,69.88995426794791
10762.560278922434,34.340526339867566,69.89570426569028
10763.438927703093,34.33974740990556,69.90144394733329
10764.317576483752,34.33896047748777,69.90717330053825
10765.196225264412,34.33816555143366,69.91289231296645
10766.074874045069,34.337362640562745,69.9186009722792
10766.95352282573,34.33655175369451,69.92429926613785
10767.832171606387,34.33573289964845,69.92998718220366
10768.710820387047,34.33490608724403,69.93566470813796
10769.589469167706,34.33407132530075,69.94133183160208
10770.468117948365,34.333228622638096,69.94698854025731
10771.346766729024,34.33237798807557,69.95263482176496
10772.225415509682,34.33151943043266,69.95827066378635
10773.104064290343,34.330652958528844,69.96389605398278
10773.982713071,34.32977858118361,69.96951098001553
10774.86136185166,34.32889630721646,69.975115429546
10775.740010632318,34.32800614544687,69.9807093902354
10776.618659412978,34.32710810469434,69.9862928497451
10777.497308193637,34.32620219377835,69.99186579573639
10778.375956974294,34.325288421518394,69.99742821587057
10779.254605754955,34.32436679673396,70.00298009780897
10780.133254535613,34.32343732824454,70.0085214292129
10781.011903316272,34.322500024869605,70.01405219774367
10781.890552096931,34.32155489542867,70.01957239106257
10782.76920087759,34.320601948741206,70.0250819968309
10783.64784965825,34.31964119362672,70.03058100271004
10784.526498438907,34.31867263890469,70.03606939636123
10785.405147219568,34.31769629339459,70.04154716544579
10786.283796000225,34.31671216591593,70.04701429762505
10787.162444780884,34.31572026528819,70.05247078056031
10788.041093561544,34.314720600330865,70.05791660186257
10788.919742342203,34.31371317986345,70.06335173082122
10789.798391122862,34.31269801270541,70.06877609123377
10790.67703990352,34.31167510767625,70.07418959995728
10791.55568868418,34.31064447359546,70.07959217384881
10792.434337464838,34.309606119282535,70.08498372976536
10793.312986245497,34.308560053556945,70.09036418456405
10794.191635026156,34.3075062852382,70.0957334551019
10795.070283806814,34.306444823145775,70.10109145823596
10795.948932587475,34.30537567609916,70.10643811082329
10796.827581368132,34.304298852917846,70.11177332972095
10797.706230148793,34.30321436242132,70.11709703178597
10798.58487892945,34.30212221342908,70.12240913387541
10799.46352771011,34.30102241476061,70.12770955284634
10800.342176490769,34.299914975235396,70.13299820555578
10801.220825271426,34.29879990367293,70.1382750088608
10802.099474052087,34.297677208892694,70.14353987961847
10802.978122832745,34.29654689971418,70.14879273468583
10803.856771613406,34.295408984956886,70.15403349091991
10804.735420394063,34.2942634734403,70.15926206517777
10805.614069174722,34.2931103739839,70.16447837431647
10806.492717955382,34.29194969540718,70.16968233519309
10807.371366736039,34.290781446529635,70.17487386466462
10808.2500155167,34.28960563617075,70.18005287958819
10809.128664297357,34.28842227315,70.18521929682076
10810.007313078017,34.2872313662869,70.19037303321946
10810.885961858676,34.28603292440093,70.1955140056413
10811.764610639335,34.284826956311555,70.20064213094336
10812.643259419994,34.2836134708383,70.20575732598267
10813.521908200652,34.28239247680064,70.21085950761628
10814.400556981313,34.28116398301805,70.21594859270128
10815.27920576197,34.27992799831004,70.22102449809466
10816.15785454263,34.27868453149609,70.22608714065352
10817.036503323288,34.27743359139568,70.23113643723491
10817.915152103948,34.27617518682831,70.23617230469583
10818.793800884607,34.27490932661347,70.24119465989342
10819.672449665264,34.27363601957065,70.24620341968465
10820.551098445925,34.27235527451934,70.25119850092662
10821.429747226583,34.27106710027901,70.25617982047636
10822.308396007242,34.269771505669176,70.26114729519092
10823.187044787901,34.26846849950931,70.2661008419274
10824.06569356856,34.2671580906189,70.27104037754277
10824.94434234922,34.26584028781744,70.27596581889416
10825.822991129877,34.26451509992443,70.28087708283856
10826.701639910538,34.263182535759334,70.28577408623308
10827.580288691195,34.26184260414166,70.29065674593473
10828.458937471854,34.2604953138909,70.29552497880057
10829.337586252514,34.25914067382653,70.30037870168766
10830.216235033173,34.25777869276804,70.30521783145306
10831.094883813832,34.25640937953493,70.3100422849538
10831.97353259449,34.25503274294669,70.31485197904694
10832.85218137515,34.25364879182278,70.31964683058953
10833.730830155808,34.252257534982725,70.32442675643863
10834.609478936467,34.25085898124599,70.32919167345129
10835.488127717126,34.24945313943208,70.33394149848458
10836.366776497785,34.248040018360484,70.33867614839552
10837.245425278445,34.24661962685067,70.34339554004117
10838.124074059102,34.24519197372216,70.34809959027858
10839.002722839763,34.2437570677944,70.35278821596485
10839.88137162042,34.242314917886915,70.35746133395693
10840.76002040108,34.240865532819186,70.362118861112
10841.638669181739,34.2394089214107,70.36676071428698
10842.517317962396,34.23794509248094,70.37138681033903
10843.395966743057,34.2364740548494,70.37599706612517
10844.274615523715,34.23499581733557,70.3805913985024
10845.153264304376,34.23351038875893,70.38516972432785
10846.031913085033,34.232017777938985,70.38973196045853
10846.910561865692,34.230517993695216,70.3942780237515
10847.789210646351,34.229011044847105,70.39880783106379
10848.667859427009,34.22749694021415,70.4033212992525
10849.54650820767,34.22597568861584,70.40781834517463
10850.425156988327,34.22444729887166,70.41229888568726
10851.303805768988,34.222911779801095,70.41676283764747
10852.182454549646,34.22136914022366,70.42121011791224
10853.061103330305,34.21981939463063,70.42564064333868
10853.939752110964,34.218262716610724,70.43005433078383
10854.818400891621,34.21669945660668,70.43445109710471
10855.697049672282,34.215129974296836,70.43883085915846
10856.57569845294,34.21355462935954,70.443193533802
10857.454347233599,34.21197378147313,70.44753903789251
10858.332996014258,34.210387790315956,70.45186728828696
10859.211644794917,34.20879701556637,70.45617820184243
10860.090293575577,34.20720181690271,70.46047169541596
10860.968942356234,34.20560255400333,70.46474768586462
10861.847591136895,34.20399958654656,70.46900609004547
10862.726239917552,34.20239327421076,70.47324682481552
10863.604888698212,34.20078397667427,70.47746980703185
10864.48353747887,34.19917205361544,70.48167495355153
10865.36218625953,34.19755786471262,70.4858621812316
10866.24083504019,34.19594176964414,70.49003140692908
10867.119483820847,34.19432412808836,70.49418254750104
10867.998132601508,34.19270529972361,70.49831551980456
10868.876781382165,34.19108564422825,70.50243024069665
10869.755430162824,34.18946552128063,70.5065266270344
10870.634078943483,34.18784529055909,70.51060459567485
10871.512727724143,34.18622531174196,70.51466406347504
10872.391376504802,34.18460594450761,70.51870494729202
10873.27002528546,34.18298754853437,70.52272716398285
10874.14867406612,34.18137048350059,70.5267306304046
10875.027322846778,34.179755109084624,70.5307152634143
10875.905971627437,34.1781417849648,70.53468097986901
10876.784620408096,34.176530870819484,70.53862769662577
10877.663269188755,34.174922726327004,70.54255533054165
10878.541917969414,34.17331771116572,70.54646379847368
10879.420566750072,34.17171618501397,70.55035301727892
10880.299215530733,34.17011850755009,70.55422290381445
10881.17786431139,34.16852503845245,70.55807337493728
10882.05651309205,34.16693613739938,70.5619043475045
10882.935161872709,34.16535216406923,70.56571573837313
10883.813810653368,34.163773478140335,70.56950746440025
10884.692459434027,34.16220043929106,70.57327944244288
10885.571108214685,34.16063340719974,70.5770315893581
10886.449756995346,34.15907274154472,70.58076382200296
10887.328405776003,34.15751880200435,70.5844760572345
10888.207054556662,34.15597194825696,70.58816821190977
10889.085703337321,34.15443253998092,70.59184020288582
10889.96435211798,34.152900936854564,70.59549194701974
10890.84300089864,34.151377498556236,70.59912336116854
10891.721649679297,34.149862584764286,70.60273436218927
10892.600298459958,34.14835655515705,70.60632486693902
10893.478947240616,34.1468597694129,70.6098947922748
10894.357596021275,34.14537258721015,70.61344405505368
10895.236244801934,34.143895368227156,70.61697257213272
10896.114893582591,34.14242847214228,70.62048026036898
10896.993542363252,34.14097225863384,70.62396703661948
10897.87219114391,34.1395270873802,70.6274328177413
10898.75083992457,34.13809331805971,70.63087752059148
10899.629488705228,34.13667131035071,70.63430106202706
10900.508137485887,34.135261423931524,70.63770335890511
10901.386786266547,34.13386401848053,70.6410843280827
10902.265435047204,34.13247945367606,70.64444388641682
10903.144083827865,34.13110808919647,70.64778195076458
10904.022732608522,34.12975028472009,70.65109843798302
10904.901381389182,34.128406399925275,70.6543932649292
10905.78003016984,34.127076794490364,70.65766634846013
10906.6586789505,34.1257618280937,70.66091760543291
10907.53732773116,34.124461860413646,70.66414695270457
10908.415976511817,34.12317725112854,70.66735430713214
10909.294625292478,34.12190835991671,70.67053958557273
10910.173274073135,34.12065554645653,70.67370270488335
10911.051922853794,34.11941917042633,70.67684358192105
10911.930571634453,34.11819959150447,70.6799621335429
10912.809220415113,34.11699716936927,70.68305827660593
10913.687869195772,34.11581226369909,70.68613192796722
10914.56651797643,34.114645234172286,70.68918300448381
10915.44516675709,34.11349644046719,70.69221142301278
10916.323815537748,34.11236624226214,70.6952171004111
10917.202464318407,34.111254999235506,70.6981999535359
10918.081113099066,34.110163071065614,70.7011598992442
10918.959761879725,34.10909081743082,70.70409685439309
10919.838410660384,34.108038598009465,70.70701073583955
10920.717059441042,34.107006772479906,70.7099014604407
10921.595708221703,34.10599570052046,70.71276894505355
10922.47435700236,34.1050057418095,70.71561310653519
10923.35300578302,34.10403725602537,70.71843386174264
10924.231654563679,34.10309060284641,70.72123112753295
10925.110303344338,34.10216614195096,70.72400482543577
10925.988952124997,34.10126423301737,70.72675495673306
10926.867600905654,34.100385235723984,70.72948158955533
10927.746249686315,34.09952950974915,70.73218479409977
10928.624898466973,34.09869741477122,70.73486464056349
10929.503547247632,34.09788931046854,70.73752119914366
10930.382196028291,34.09710555651943,70.74015454003744
10931.26084480895,34.09634651260227,70.74276473344196
10932.13949358961,34.09561253839539,70.74535184955437
10933.018142370267,34.094903993577134,70.74791595857184
10933.896791150928,34.09422123782585,70.75045713069153
10934.775439931585,34.093564630819884,70.75297543611056
10935.654088712245,34.092934532237585,70.75547094502612
10936.532737492904,34.09233130175729,70.75794372763532
10937.411386273563,34.09175529905736,70.76039385413536
10938.290035054222,34.09120688381613,70.76282139472332
10939.16868383488,34.09068641571194,70.7652264195964
10940.04733261554,34.09019425442315,70.76760899895177
10940.925981396198,34.0897307596281,70.76996920298653
10941.804630176857,34.089296291005134,70.77230710189787
10942.683278957516,34.08889120823258,70.77462276588294
10943.561927738174,34.08851587098883,70.77691626513885
10944.440576518835,34.088170638952185,70.7791876698628
10945.319225299492,34.08785587180101,70.78143705025191
10946.197874080153,34.08757192921365,70.78366447650336
10947.07652286081,34.08731917086845,70.78587001881428
10947.95517164147,34.087097956443756,70.78805374738181
10948.833820422129,34.08690864561791,70.79021573240311
10949.712469202786,34.08675159806926,70.79235604407538
10950.591117983447,34.08662717347615,70.7944747525957
10951.469766764105,34.08653573151693,70.79657192816126
10952.348415544766,34.08647763186995,70.79864764096921
10953.227064325423,34.086453234213536,70.80070196121666
10954.105713106082,34.08646289822606,70.80273495910083
10954.984361886742,34.08650698358584,70.80474670481883
10955.863010667399,34.086585849971264,70.80673726856782
10956.74165944806,34.08669985706062,70.80870672054493
10957.620308228717,34.0868493645323,70.81065513094735
10958.498957009377,34.08703473206464,70.8125825699722
10959.377605790036,34.087256319335964,70.81448910781666
10960.256254570695,34.087514486024645,70.81637481467783
10961.134903351354,34.08780959180901,70.81823976075293
10962.013552132012,34.08814199636741,70.82008401623905
10962.892200912673,34.088512059378196,70.8219076513334
10963.77084969333,34.088920140519726,70.82371073623308
10964.64949847399,34.08936659947031,70.82549334113524
10965.528147254649,34.089851795908324,70.82725553623708
10966.406796035308,34.090376089512105,70.82899739173573
10967.285444815967,34.09093983995999,70.8307189778283
10968.164093596624,34.091543406930334,70.832420364712
10969.042742377285,34.09218715010149,70.83410162258396
10969.921391157943,34.09287142915178,70.83576282164132
10970.800039938602,34.09359660375958,70.83740403208125
10971.678688719261,34.09436303360321,70.83902532410087
10972.55733749992,34.09517107836103,70.84062676789736
10973.43598628058,34.09602109771138,70.84220843366788
10974.314635061237,34.096913451332604,70.84377039160955
10975.193283841898,34.09784849890306,70.84531271191955
10976.071932622555,34.098826600101084,70.846835464795
10976.950581403215,34.09984811460502,70.84833872043306
10977.829230183874,34.10091340209321,70.84982254903093
10978.707878964533,34.102022822244024,70.85128702078569
10979.586527745192,34.10317673473578,70.85273220589454
10980.46517652585,34.104375499246835,70.8541581745546
10981.34382530651,34.10561947545553,70.85556499696304
10982.222474087168,34.10690902304022,70.85695274331701
10983.101122867827,34.108244501679245,70.85832148381365
10983.979771648486,34.10962627105095,70.85967128865012
10984.858420429146,34.111054690833676,70.86100222802358
10985.737069209805,34.112530120705784,70.86231437213117
10986.615717990462,34.1140529203456,70.86360779117004
10987.494366771123,34.11562344943149,70.86488255533735
10988.37301555178,34.11724206764179,70.86613873483023
10989.25166433244,34.11890913465484,70.86737639984585
10990.130313113099,34.12062472845837,70.86859562058139
10991.008961893758,34.12238722976987,70.86979646723394
10991.887610674417,34.124194386706456,70.87097901000068
10992.766259455075,34.12604394631063,70.87214331907877
10993.644908235736,34.12793365562498,70.87328946466536
10994.523557016393,34.12986126169201,70.87441751695758
10995.402205797052,34.13182451155427,70.87552754615261
10996.280854577712,34.133821152254306,70.87661962244759
10997.159503358369,34.13584893083464,70.87769381603965
10998.03815213903,34.137905594337845,70.87875019712597
10998.916800919687,34.139988889806425,70.8797888359037
10999.795449700348,34.14209656428294,70.88080980256997
11000.674098481006,34.14422636480991,70.88181316732194
11001.552747261665,34.1463760384299,70.88279900035678
11002.431396042324,34.14854333218543,70.88376737187161
11003.310044822982,34.15072599311905,70.8847183520636
11004.188693603643,34.1529217682733,70.88565201112993
11005.0673423843,34.15512840469071,70.8865684192677
11005.94599116496,34.15734364941383,70.88746764667407
11006.824639945618,34.1595652494852,70.88834976354622
11007.703288726278,34.16179095194734,70.88921484008128
11008.581937506937,34.16401850384282,70.8900629464764
11009.460586287594,34.166245652214144,70.89089415292874
11010.339235068255,34.168470144103885,70.89170852963545
11011.217883848913,34.17068972655457,70.89250614679368
11012.096532629572,34.17290214660873,70.89328707460058
11012.975181410231,34.17510515130891,70.8940513832533
11013.85383019089,34.17729648769766,70.894799142949
11014.73247897155,34.1794739028175,70.89553042388481
11015.611127752207,34.181635143710984,70.89624529625789
11016.489776532868,34.18377795742065,70.89694383026543
11017.368425313525,34.18590009098904,70.89762609610453
11018.247074094184,34.187999291458674,70.89829216397237
11019.125722874844,34.19007330587212,70.89894210406608
11020.004371655503,34.19211988127189,70.89957598658285
11020.883020436162,34.19413676470055,70.90019388171976
11021.76166921682,34.19612170320061,70.90079585967402
11022.64031799748,34.198072443814645,70.90138199064278
11023.518966778138,34.19998673358517,70.90195234482317
11024.397615558797,34.20186231955473,70.90250699241234
11025.276264339456,34.20369694876586,70.90304600360747
11026.154913120115,34.20548836826111,70.90356944860568
11027.033561900775,34.207234325083014,70.90407739760414
11027.912210681432,34.2089325662741,70.90456992079999
11028.790859462093,34.210580838876936,70.90504708839039
11029.66950824275,34.21217688993403,70.90550897057247
11030.54815702341,34.21371846648794,70.9059556375434
11031.426805804069,34.215203315581206,70.90638715950035
11032.305454584728,34.216629184256355,70.90680360664044
11033.184103365387,34.217993819555936,70.90720504916084
11034.062752146045,34.21929496852248,70.90759155725868
11034.941400926706,34.22053037819856,70.90796320113112
11035.820049707363,34.22169779562667,70.90832005097533
11036.698698488022,34.22279496784936,70.90866217698846
11037.577347268681,34.22381964190919,70.90898964936763
11038.45599604934,34.224769564848685,70.90930253831002
11039.33464483,34.22564248371039,70.90960091401276
11040.213293610657,34.22643614553684,70.90988484667302
11041.091942391318,34.22714829737057,70.91015440648795
11041.970591171976,34.227776686254124,70.91040966365466
11042.849239952635,34.22831905923005,70.91065068837037
11043.727888733294,34.22877316334089,70.9108775508322
11044.606537513951,34.229136745629155,70.91109032123728
11045.485186294613,34.229407553137406,70.9112890697828
11046.36383507527,34.22958333290819,70.91147386666589
11047.242483855931,34.22966183198404,70.91164478208368
11048.121132636588,34.229640797407484,70.91180188623335
11048.999781417248,34.229517976221075,70.91194524931207
11049.878430197907,34.229291115467326,70.91207494151695
11050.757078978564,34.22895796218882,70.91219103304516
11051.635727759225,34.22851626342807,70.91229359409385
11052.514376539883,34.22796376622761,70.91238269486017
11053.393025320544,34.22729821763,70.91245840554127
11054.271674101201,34.22651736467777,70.9125207963343
11055.15032288186,34.225618954413456,70.91256993743643
11056.02897166252,34.22460073387959,70.91260589904478
11056.907620443177,34.223460450118736,70.91262875135654
11057.786269223838,34.22219585017341,70.91263856456882
11058.664918004495,34.22080468108616,70.91263540887878
11059.543566785154,34.219284689899524,70.9126193544836
11060.422215565814,34.21763362365605,70.91259047158042
11061.300864346473,34.215849229398266,70.91254883036636
11062.179513127132,34.21392925416871,70.91249449807668
11063.05816190779,34.21187144500995,70.9124275290978
11063.93681068845,34.20967354896448,70.91234797433287
11064.815459469108,34.20733331307488,70.91225588468501
11065.694108249767,34.20484848438366,70.91215131105731
11066.572757030426,34.202216809933375,70.91203430435289
11067.451405811085,34.19943603676656,70.91190491547482
11068.330054591745,34.19650391192576,70.91176319532623
11069.208703372402,34.19341818245351,70.91160919481024
11070.087352153063,34.190176595392344,70.91144296482992
11070.96600093372,34.18677689778482,70.91126455628837
11071.84464971438,34.18321683667345,70.9110740200887
11072.723298495039,34.1794941591008,70.91087140713404
11073.601947275698,34.1756066121094,70.91065676832744
11074.480596056357,34.17155194274177,70.91043015457205
11075.359244837015,34.16732789804049,70.91019161677096
11076.237893617676,34.16293222504806,70.90994120582725
11077.116542398333,34.158362670807044,70.90967897264406
11077.995191178992,34.15361698235998,70.90940496812446
11078.873839959651,34.148692906749375,70.90911924317157
11079.75248874031,34.14358819101781,70.90882184868849
11080.63113752097,34.13830058220782,70.90851283557829
11081.509786301627,34.13282782736193,70.90819225474414
11082.388435082288,34.12716767352266,70.90786015708908
11083.267083862946,34.12131786773261,70.90751659351626
11084.145732643605,34.11527615703426,70.90716161492874
11085.024381424264,34.10904028847017,70.90679527222966
11085.903030204923,34.102608009082886,70.90641761632209
11086.781678985582,34.09597706591494,70.90602869810917
11087.66032776624,34.089145206008894,70.90562856849395
11088.5389765469,34.08211017640723,70.90521727837958
11089.417625327558,34.074869724152556,70.90479487866915
11090.296274108217,34.06742159628737,70.90436142026576
11091.174922888877,34.059763539854224,70.9039169540725
11092.053571669534,34.05189330189567,70.90346153099247
11092.932220450195,34.04380862945419,70.90299520192883
11093.810869230852,34.03550726957241,70.90251801778459
11094.689518011513,34.02698696929279,70.90203002946292
11095.56816679217,34.01824547565795,70.90153128786692
11096.44681557283,34.00928053571036,70.90102184389964
11097.32546435349,34.00008989649258,70.90050174846425
11098.204113134147,33.99067130504719,70.89997105246381
11099.082761914808,33.981022508416636,70.89942980680144
11099.961410695465,33.971141253643566,70.89887806238023
11100.840059476126,33.961025287770426,70.89831587010329
11101.718708256783,33.950672357839835,70.89774328087373
11102.597357037443,33.94008021089428,70.89716034559463
11103.476005818102,33.92924659397632,70.89656711516912
11104.35465459876,33.918169254128514,70.89596364050028
11105.23330337942,33.90684774499579,70.89534997249123
11106.111952160078,33.89529346177437,70.89472616204506
11106.990600940737,33.88352256877309,70.89409226006488
11107.869249721396,33.8715512433996,70.89344831745377
11108.747898502055,33.8593956630616,70.89279438511487
11109.626547282714,33.8470720051667,70.89213051395126
11110.505196063372,33.834596447122635,70.89145675486606
11111.383844844033,33.82198516633699,70.89077315876234
11112.26249362469,33.80925434021751,70.89007977654325
11113.14114240535,33.79642014617179,70.88937665911183
11114.019791186009,33.783498761607525,70.88866385737124
11114.898439966668,33.77050636393238,70.88794142222456
11115.777088747327,33.757459130554004,70.8872094045749
11116.655737527984,33.7443732388801,70.88646785532534
11117.534386308645,33.73126486631825,70.885716825379
11118.413035089303,33.718150190276226,70.88495636563898
11119.291683869962,33.70504538816161,70.88418652700838
11120.170332650621,33.691966637382095,70.88340736039031
11121.04898143128,33.67893011534533,70.88261891668786
11121.92763021194,33.665951999459004,70.88182124680415
11122.806278992597,33.653048467130795,70.88101440164228
11123.684927773258,33.64023569576828,70.88019843210535
11124.563576553915,33.62752986277924,70.87937338909644
11125.442225334575,33.61494714557125,70.87853932351868
11126.320874115234,33.602503721552004,70.87769628627515
11127.199522895893,33.590215768129184,70.876844328269
11128.078171676552,33.578099462710426,70.87598350040327
11128.95682045721,33.56617098270342,70.8751138535811
11129.83546923787,33.55444650551578,70.87423543870558
11130.714118018528,33.542942208555246,70.87334830667982
11131.592766799187,33.53167426922942,70.87245250840692
11132.471415579847,33.520658864945986,70.87154809478997
11133.350064360506,33.50991217128806,70.8706351167321
11134.228713141165,33.4994460462852,70.86971362513638
11135.107361921822,33.489258785840114,70.86878367090594
11135.986010702483,33.47934602985584,70.86784530494387
11136.86465948314,33.46970341823556,70.86689857815328
11137.7433082638,33.46032659088231,70.86594354143726
11138.62195704446,33.451211187699215,70.86498024569893
11139.500605825118,33.44235284858938,70.86400874184137
11140.379254605778,33.433747213455895,70.8630290807677
11141.257903386435,33.42538992220189,70.86204131338101
11142.136552167096,33.417276614730405,70.86104549058443
11143.015200947753,33.409402930944616,70.86004166328102
11143.893849728413,33.40176451074757,70.85902988237392
11144.772498509072,33.39435699404239,70.85801019876621
11145.65114728973,33.387176020732184,70.85698266336101
11146.52979607039,33.38021723072002,70.8559473270614
11147.408444851048,33.37347626390905,70.85490424077051
11148.287093631709,33.36694876020232,70.8538534553914
11149.165742412366,33.360630359502984,70.85279502182722
11150.044391193025,33.354516701714104,70.85172899098106
11150.923039973684,33.3486034267388,70.85065541375599
11151.801688754342,33.34288617448018,70.84957434105516
11152.680337535003,33.337360584841306,70.84848582378166
11153.55898631566,33.33202229772534,70.84738991283857
11154.43763509632,33.32686695303533,70.84628665912899
11155.316283876979,33.3218901906744,70.84517611355606
11156.194932657638,33.31708765054565,70.84405832702285
11157.073581438297,33.31245497255218,70.84293335043249
11157.952230218954,33.307987796597104,70.84180123468805
11158.830878999615,33.30368176258349,70.84066203069266
11159.709527780273,33.29953251041448,70.8395157893494
11160.588176560932,33.295535679993144,70.83836256156138
11161.466825341591,33.29168691122259,70.83720239823171
11162.34547412225,33.287981844005934,70.83603535026349
11163.22412290291,33.284416118246256,70.83486146855984
11164.102771683567,33.28098537384668,70.83368080402381
11164.981420464228,33.277685250710284,70.83249340755857
11165.860069244885,33.274511388740194,70.83129933006717
11166.738718025545,33.27145942783949,70.83009862245274
11167.617366806204,33.26852500791128,70.82889133561838
11168.496015586863,33.26570376885867,70.82767752046718
11169.374664367522,33.262991350584755,70.82645722790225
11170.25331314818,33.260383392992644,70.82523050882668
11171.13196192884,33.25787553598543,70.8239974141436
11172.010610709498,33.25546341946622,70.8227579947561
11172.889259490157,33.2531426833381,70.82151230156727
11173.767908270816,33.250908967504195,70.82026038548022
11174.646557051476,33.24875791186759,70.81900229739804
11175.525205832135,33.246685156331395,70.81773808822388
11176.403854612792,33.244686340798715,70.81646780886079
11177.282503393453,33.24275710517263,70.8151915102119
11178.16115217411,33.24089308935626,70.81390924318032
11179.03980095477,33.23908993325271,70.81262105866911
11179.918449735429,33.23734327676506,70.81132700758141
11180.797098516088,33.23564875979643,70.81002714082032
11181.675747296747,33.23400202224992,70.80872150928894
11182.554396077405,33.23239870402862,70.80741016389037
11183.433044858066,33.23083444503563,70.80609315552769
11184.311693638723,33.22930488517407,70.80477053510404
11185.190342419382,33.22780566434703,70.80344235352251
11186.068991200042,33.22633242245761,70.80210866168618
11186.9476399807,33.22488079940891,70.80076951049818
11187.82628876136,33.22344643510402,70.79942495086159
11188.704937542017,33.22202496944608,70.79807503367955
11189.583586322678,33.220612042338146,70.79671980985512
11190.462235103336,33.219203293683364,70.79535933029143
11191.340883883995,33.21779436338479,70.79399364589158
11192.219532664654,33.216380891345544,70.79262280755866
11193.098181445312,33.21495851746875,70.79124686619578
11193.976830225973,33.21352288165747,70.78986587270605
11194.85547900663,33.212069623814834,70.78847987799254
11195.734127787291,33.21059438384392,70.78708893295838
11196.612776567948,33.209092801647856,70.7856930885067
11197.491425348608,33.20756051712972,70.78429239554055
11198.370074129267,33.2059932130247,70.78288690496305
11199.248722909924,33.204388471335875,70.78147666767732
11200.127371690585,33.20274648601052,70.78006173458644
11201.006020471243,33.20106764091487,70.77864215659353
11201.884669251904,33.199352319915164,70.77721798460166
11202.763318032561,33.19760090687766,70.775789269514
11203.64196681322,33.195813785668584,70.77435606223357
11204.52061559388,33.193991340154184,70.77291841366353
11205.399264374537,33.192133954200706,70.77147637470698
11206.277913155198,33.190242011674385,70.77002999626698
11207.156561935855,33.18831589644148,70.76857932924668
11208.035210716514,33.18635599236822,70.76712442454915
11208.913859497174,33.18436268332085,70.76566533307752
11209.792508277833,33.18233635316561,70.76420210573487
11210.671157058492,33.180277385768754,70.76273479342431
11211.54980583915,33.17818616499651,70.76126344704893
11212.42845461981,33.17606307471513,70.75978811751186
11213.307103400468,33.17390849879086,70.7583088557162
11214.185752181127,33.171722821089936,70.75682571256502
11215.064400961786,33.1695064254786,70.75533873896143
11215.943049742446,33.167259695823105,70.75384798580856
11216.821698523105,33.16498301598968,70.75235350400952
11217.700347303762,33.16267676984458,70.75085534446737
11218.578996084423,33.16034134125403,70.74935355808525
11219.45764486508,33.1579771140843,70.74784819576622
11220.33629364574,33.1555844722016,70.74633930841343
11221.214942426399,33.1531637994722,70.74482694692996
11222.093591207058,33.15071547976234,70.74331116221889
11222.972239987717,33.14823989693825,70.74179200518337
11223.850888768375,33.145737434866184,70.74026952672648
11224.729537549036,33.143208477412365,70.73874377775131
11225.608186329693,33.14065340844306,70.73721480916099
11226.486835110352,33.138072611824505,70.73568267185858
11227.365483891012,33.13546647142293,70.73414741674723
11228.24413267167,33.1328353711046,70.73260909473001
11229.12278145233,33.13017969473574,70.73106775671003
11230.001430232987,33.1274998261826,70.72952345359042
11230.880079013648,33.124796149311415,70.72797623627424
11231.758727794306,33.12206904798844,70.72642615566464
11232.637376574965,33.11931890607991,70.72487326266466
11233.516025355624,33.116546107452066,70.72331760817747
11234.394674136283,33.113751035971156,70.721759242778
11235.273322916943,33.11093407550343,70.72019820642788
11236.1519716976,33.108095609915125,70.71863452642663
11237.030620478261,33.10523602307246,70.71706822933187
11237.909269258918,33.10235569884171,70.71549934170127
11238.787918039578,33.099455021089106,70.7139278900925
11239.666566820237,33.09653437368089,70.71235390106318
11240.545215600896,33.093594140483304,70.710777401171
11241.423864381555,33.090634705362596,70.70919841697359
11242.302513162213,33.087656452185016,70.7076169750286
11243.181161942874,33.08465976481678,70.7060331018937
11244.059810723531,33.081645027124154,70.70444682412653
11244.93845950419,33.078612622973374,70.70285816828476
11245.81710828485,33.075562936230675,70.70126716092602
11246.695757065507,33.07249635076232,70.699673828608
11247.574405846168,33.06941325043453,70.6980781978883
11248.453054626825,33.06631401911357,70.69648029532463
11249.331703407486,33.063199040665644,70.69488014747458
11250.210352188144,33.06006869895705,70.69327778089587
11251.089000968803,33.05692337785398,70.69167322214612
11251.967649749462,33.053763461222715,70.690066497783
11252.84629853012,33.050589332929476,70.68845763436411
11253.72494731078,33.047401376840504,70.68684665844717
11254.603596091438,33.04419997682206,70.6852335965898
11255.482244872097,33.04098551674036,70.68361847534968
11256.360893652756,33.037758380461675,70.68200132128442
11257.239542433415,33.03451895185223,70.68038216095172
11258.118191214075,33.03126761477827,70.67876102090919
11258.996839994732,33.02800475310605,70.67713792771451
11259.875488775393,33.024730750701785,70.67551290792534
11260.75413755605,33.02144599143176,70.67388598809933
11261.63278633671,33.01815085916218,70.6722571947941
11262.511435117369,33.01484573775931,70.67062655456735
11263.390083898028,33.011531011089374,70.6689940939767
11264.268732678687,33.00820706301864,70.66735983957982
11265.147381459345,33.00487427741333,70.66572381793435
11266.026030240006,33.001533038139684,70.66408605559796
11266.904679020663,32.99818372906397,70.66244657912831
11267.783327801322,32.99482673405241,70.66080541508303
11268.661976581981,32.99146243697125,70.65916259001978
11269.54062536264,32.98809122168672,70.65751813049623
11270.4192741433,32.98471347206509,70.65587206306999
11271.297922923957,32.981329571972594,70.65422441429878
11272.176571704618,32.97793990527546,70.6525752107402
11273.055220485276,32.97454485583995,70.65092447895194
11273.933869265935,32.971144807532305,70.6492722454916
11274.812518046594,32.96774014421875,70.6476185369169
11275.691166827253,32.964331249765536,70.64596337978544
11276.569815607912,32.960918508038915,70.64430680065492
11277.44846438857,32.95750230290513,70.64264882608296
11278.32711316923,32.95408301823039,70.6409894826272
11279.205761949888,32.95066103788099,70.63932879684535
11280.084410730547,32.947236745723146,70.637666795295
11280.963059511207,32.94381052562311,70.63600350453383
11281.841708291866,32.94038276144709,70.63433895111952
11282.720357072525,32.936953837061374,70.63267316160969
11283.599005853182,32.933524136332196,70.63100616256202
11284.477654633843,32.93009404312577,70.6293379805341
11285.3563034145,32.92666394130838,70.62766864208368
11286.23495219516,32.92323421474623,70.62599817376834
11287.11360097582,32.91980524730559,70.62432660214576
11287.992249756478,32.91637742285268,70.62265395377358
11288.870898537138,32.91295112525377,70.62098025520949
11289.749547317795,32.909526738375085,70.6193055330111
11290.628196098456,32.906104646082866,70.61762981373607
11291.506844879113,32.90268523224337,70.61595312394209
11292.385493659773,32.89926883648822,70.61427549018678
11293.264142440432,32.895855572577254,70.6125969390278
11294.14279122109,32.89244548236319,70.6109174970228
11295.02144000175,32.88903860766837,70.60923719072944
11295.900088782408,32.885634990315104,70.60755604670538
11296.778737563069,32.882234672125726,70.60587409150827
11297.657386343726,32.87883769492257,70.60419135169575
11298.536035124385,32.875444100527965,70.60250785382547
11299.414683905045,32.87205393076423,70.60082362445512
11300.293332685702,32.868667227453706,70.59913869014233
11301.171981466363,32.86528403241871,70.59745307744473
11302.05063024702,32.86190438748158,70.59576681292002
11302.929279027681,32.85852833446462,70.5940799231258
11303.807927808339,32.8551559151902,70.5923924346198
11304.686576588998,32.851787171480616,70.5907043739596
11305.565225369657,32.84842214515822,70.58901576770288
11306.443874150315,32.84506087804532,70.58732664240729
11307.322522930976,32.84170341196425,70.5856370246305
11308.201171711633,32.83834978873734,70.58394694093013
11309.079820492292,32.83500005018693,70.58225641786387
11309.958469272951,32.83165423813532,70.58056548198937
11310.83711805361,32.828312394404875,70.57887415986426
11311.71576683427,32.82497456081789,70.5771824780462
11312.594415614927,32.82164077919672,70.57549046309285
11313.473064395588,32.81831109136367,70.57379814156187
11314.351713176246,32.8149855391411,70.57210554001091
11315.230361956905,32.8116641643513,70.5704126849976
11316.109010737564,32.80834700881663,70.56871960307963
11316.987659518223,32.805034114359394,70.56702632081463
11317.866308298882,32.801725522801945,70.56533286476025
11318.74495707954,32.7984212759666,70.56363926147418
11319.6236058602,32.795121415675666,70.56194553751402
11320.502254640858,32.79182598375152,70.56025171943746
11321.380903421517,32.78853502201645,70.55855783380214
11322.259552202177,32.785248572292794,70.55686390716572
11323.138200982836,32.78196667640288,70.55516996608587
11324.016849763495,32.77868937616906,70.5534760371202
11324.895498544152,32.775416713413634,70.5517821468264
11325.774147324813,32.77214872995893,70.5500883217621
11326.65279610547,32.76888546762729,70.54839458848497
11327.53144488613,32.76562696824105,70.54670097355266
11328.41009366679,32.762373273622515,70.54500750352283
11329.288742447448,32.75912442559403,70.5433142049531
11330.167391228108,32.75588046597792,70.54162110440116
11331.046040008765,32.75264143659651,70.53992822842469
11331.924688789426,32.74940737927213,70.53823560358126
11332.803337570083,32.74617833582712,70.53654325642859
11333.681986350743,32.74295434808379,70.5348512135243
11334.560635131402,32.73973545786448,70.53315950142607
11335.439283912061,32.7365217069915,70.53146814669152
11336.31793269272,32.73331313728721,70.52977717587834
11337.196581473378,32.73010979057393,70.52808661554417
11338.075230254039,32.72691170867396,70.52639649224665
11338.953879034696,32.723718933409664,70.52470683254343
11339.832527815355,32.72053150660335,70.52301766299222
11340.711176596014,32.71734947007736,70.5213290101506
11341.589825376672,32.714172865654014,70.51964090057625
11342.468474157333,32.71100173515563,70.51795336082684
11343.34712293799,32.70783612040455,70.51626641746
11344.225771718651,32.70467606322311,70.51458009703342
11345.104420499309,32.701521605433626,70.5128944261047
11345.983069279968,32.69837278885843,70.51120943123152
11346.861718060627,32.69522965531984,70.50952513897155
11347.740366841284,32.692092246640215,70.50784157588244
11348.619015621945,32.68896060464184,70.50615876852181
11349.497664402603,32.68583477114709,70.50447674344736
11350.376313183264,32.68271478797825,70.50279552721669
11351.254961963921,32.679600696957685,70.5011151463875
11352.13361074458,32.6764925399077,70.49943562751741
11353.01225952524,32.673390358650636,70.49775699716412
11353.890908305897,32.670294195008815,70.49607928188524
11354.769557086558,32.66720409080455,70.49440250823842
11355.648205867215,32.66412008786021,70.49272670278137
11356.526854647875,32.66104222799809,70.49105189207168
11357.405503428534,32.65797055304053,70.48937810266703
11358.284152209193,32.65490510480985,70.48770536112507
11359.162800989852,32.65184592512839,70.48603369400344
11360.04144977051,32.64879305581849,70.48436312785982
11360.92009855117,32.64574653870244,70.48269368925185
11361.798747331828,32.6427064156026,70.48102540473718
11362.677396112487,32.63967272834129,70.47935830087349
11363.556044893146,32.63664551874085,70.47769240421839
11364.434693673806,32.633624828623574,70.47602774132955
11365.313342454465,32.63061069981183,70.47436433876464
11366.191991235122,32.62760317412793,70.47270222308131
11367.070640015783,32.62460229339418,70.4710414208372
11367.94928879644,32.621608099432954,70.46938195858996
11368.8279375771,32.61862063406655,70.46772386289727
11369.706586357759,32.61563993911731,70.46606716031675
11370.585235138418,32.61266605640755,70.46441187740608
11371.463883919077,32.60969902775961,70.4627580407229
11372.342532699735,32.606738894995814,70.46110567682487
11373.221181480396,32.60378569993848,70.45945481226964
11374.099830261053,32.60083948440995,70.45780547361485
11374.978479041712,32.59790029023256,70.45615768741818
11375.857127822372,32.594968159228614,70.45451148023727
11376.73577660303,32.592043133220464,70.45286687862979
11377.61442538369,32.58912525403043,70.45122390915334
11378.493074164347,32.58621456348084,70.44958259836564
11379.371722945009,32.583311103394,70.44794297282432
11380.250371725666,32.58041491559229,70.44630505908702
11381.129020506325,32.57752604189799,70.44466888371139
11382.007669286984,32.57464452413346,70.44303447325511
11382.886318067644,32.571770404121004,70.44140185427581
11383.764966848303,32.568903723682965,70.43977105333116
11384.64361562896,32.566044524641676,70.43814209697881
11385.522264409621,32.563192848819455,70.43651499934784
11386.400913190279,32.560348738038634,70.43488942594041
11387.279561970938,32.557512234121546,70.43326465472194
11388.158210751597,32.5546833788905,70.43163994342
11389.036859532256,32.551862214167855,70.43001454976222
11389.915508312915,32.549048781775916,70.42838773147618
11390.794157093573,32.546243123537025,70.42675874628948
11391.672805874234,32.5434452812735,70.4251268519297
11392.551454654891,32.54065529680768,70.42349130612448
11393.43010343555,32.53787321196189,70.42185136660135
11394.30875221621,32.535099068558445,70.42020629108795
11395.187400996867,32.532332908419704,70.41855533731186
11396.066049777528,32.529574773367955,70.41689776300068
11396.944698558185,32.52682470522557,70.415232825882
11397.823347338846,32.52408274581484,70.41355978368343
11398.701996119504,32.52134893695812,70.41187789413254
11399.580644900163,32.51862332047772,70.41018641495697
11400.459293680822,32.51590593819598,70.40848460388426
11401.33794246148,32.513196831935225,70.40677171864203
11402.21659124214,32.51049604351778,70.4050470169579
11403.095240022798,32.50780361476598,70.40330975655942
11403.973888803457,32.50511958750216,70.40155919517422
11404.852537584116,32.502444003548625,70.39979459052988
11405.731186364776,32.499776904727725,70.398015200354
11406.609835145435,32.497118332861774,70.39622028237417
11407.488483926092,32.49446822781858,70.394409094318
11408.367132706753,32.491825964180855,70.39258089391305
11409.24578148741,32.48919072172635,70.39073493888695
11410.12443026807,32.48656168005119,70.38887048696729
11411.003079048729,32.48393801875152,70.38698679588165
11411.881727829388,32.481318917423465,70.38508312335766
11412.760376610047,32.478703555663195,70.38315872712288
11413.639025390705,32.47609111306683,70.38121286490491
11414.517674171366,32.4734807692305,70.37924479443136
11415.396322952023,32.47087170375037,70.37725377342981
11416.274971732682,32.46826309622255,70.37523905962786
11417.153620513342,32.46565412624321,70.37319991075312
11418.032269294,32.463043973408475,70.37113558453315
11418.91091807466,32.46043181731448,70.36904533869559
11419.789566855317,32.45781683755739,70.36692843096802
11420.668215635978,32.4551982137333,70.36478411907802
11421.546864416636,32.4525751254384,70.3626116607532
11422.425513197295,32.4499467522688,70.36041031372115
11423.304161977954,32.44731227382064,70.35817933570945
11424.182810758613,32.44467086969008,70.35591798444572
11425.061459539273,32.442021719473246,70.35362551765755
11425.94010831993,32.439364002766276,70.35130119307254
11426.818757100591,32.436696899165305,70.34894426841828
11427.697405881248,32.434019588266494,70.34655400142235
11428.576054661908,32.43133124966597,70.34412964981234
11429.454703442567,32.42863106295986,70.3416704713159
11430.333352223226,32.425918207744324,70.33917572366056
11431.212001003885,32.4231918636155,70.33664466457395
11432.090649784543,32.420451210169524,70.33407655178368
11432.969298565204,32.41769542700253,70.33147064301731
11433.847947345861,32.414923693710676,70.32882619600244
11434.72659612652,32.41213518989007,70.32614246846668
11435.60524490718,32.40932909513689,70.32341871813763
11436.483893687839,32.40650458904725,70.32065420274287
11437.362542468498,32.403660851217296,70.31784818001
11438.241191249155,32.400797061243175,70.31499990766665
11439.119840029816,32.39791239872101,70.31210864344035
11439.998488810474,32.39500604324696,70.30917364505873
11440.877137591133,32.39207717441716,70.30619417024938
11441.755786371792,32.38912497182775,70.30316947673991
11442.63443515245,32.386148615074866,70.3000988222579
11443.51308393311,32.38314728375464,70.29698146453094
11444.391732713768,32.38012015746324,70.29381666128666
11445.270381494429,32.37706641579677,70.2906036702526
11446.149030275086,32.3739852383514,70.28734174915641
11447.027679055745,32.370875804723255,70.28403015572565
11447.906327836405,32.36773729450848,70.28066814768792
11448.784976617062,32.364568887303214,70.27725498277083
11449.663625397723,32.361369762703575,70.27378991870197
11450.54227417838,32.358139100305756,70.27027221320894
11451.420922959041,32.35487607970584,70.26670112401929
11452.299571739699,32.35157988050001,70.26307590886069
11453.178220520358,32.34824968228438,70.25939582546069
11454.056869301017,32.344884664655105,70.25566013154689
11454.935518081675,32.34148400720831,70.25186808484689
11455.814166862336,32.33804688954014,70.24801894308827
11456.692815642993,32.33457249124675,70.24411196399866
11457.571464423652,32.331059991924256,70.24014640530564
11458.450113204311,32.32750857116882,70.2361215247368
11459.32876198497,32.32391740857657,70.23203658001971
11460.20741076563,32.32028568374365,70.22789082888201
11461.086059546287,32.3166125762662,70.22368352905129
11461.964708326948,32.31289726574034,70.2194139382551
11462.843357107606,32.30913893176225,70.21508131422108
11463.722005888265,32.30533675392804,70.21068491467682
11464.600654668924,32.30148991183387,70.20622399734992
11465.479303449583,32.297597585075856,70.20169781996796
11466.357952230243,32.293658953250144,70.19710564025853
11467.2366010109,32.28967319595291,70.19244671594923
11468.115249791561,32.28563949278023,70.18772030476765
11468.993898572218,32.2815570233283,70.18292566444143
11469.872547352878,32.27742496719323,70.1780620526981
11470.751196133537,32.27324250397117,70.17312872726531
11471.629844914196,32.26900881325826,70.16812494587062
11472.508493694855,32.26472307465063,70.16304996624163
11473.387142475513,32.26038446774445,70.15790304610596
11474.265791256174,32.25599217213582,70.15268344319115
11475.144440036831,32.25154536742091,70.14739041522488
11476.02308881749,32.24704323319584,70.14202321993466
11476.90173759815,32.24248494905677,70.13658111504814
11477.780386378809,32.237869694599816,70.13106335829292
11478.659035159468,32.23319664942113,70.12546920739653
11479.537683940125,32.22846499311688,70.11979792008665
11480.416332720786,32.223673905283135,70.11404875409082
11481.294981501444,32.21882256551611,70.10822096713665
11482.173630282103,32.213910153411916,70.10231381695174
11483.052279062762,32.20893584856668,70.09632656126365
11483.930927843421,32.203898830576556,70.09025845780003
11484.80957662408,32.19879827903768,70.08410876428847
11485.688225404738,32.1936333735462,70.07787673845655
11486.566874185399,32.188403510516395,70.07156163803182
11487.445522966056,32.183109634307804,70.06516272074195
11488.324171746715,32.17775336231557,70.0586792443145
11489.202820527375,32.1723363146893,70.05211046647707
11490.081469308034,32.16686011157859,70.04545564495724
11490.960118088693,32.16132637313302,70.03871403748263
11491.83876686935,32.15573671950219,70.03188490178086
11492.717415650011,32.15009277083566,70.02496749557943
11493.596064430669,32.14439614728306,70.01796107660603
11494.474713211328,32.13864846899394,70.0108649025882
11495.353361991987,32.1328513561179,70.00367823125357
11496.232010772645,32.12700642880455,69.99640032032976
11497.110659553306,32.12111530720343,69.98903042754425
11497.989308333963,32.11517961146418,69.98156781062477
11498.867957114624,32.10920096173635,69.97401172729882
11499.746605895281,32.10318097816956,69.96636143529406
11500.62525467594,32.09712128091337,69.95861625633361
11501.5039034566,32.0910234901174,69.95077758219989
11502.382552237257,32.08488922593121,69.94284927431619
11503.261201017918,32.07872010850437,69.93483533879888
11504.139849798576,32.072517757986525,69.92673978176435
11505.018498579235,32.06628379452723,69.91856660932896
11505.897147359894,32.06001983827607,69.91031982760906
11506.775796140553,32.05372750938263,69.90200344272102
11507.654444921212,32.04740842799652,69.89362146078122
11508.53309370187,32.04106421426733,69.88517788790602
11509.41174248253,32.0346964883446,69.87667673021178
11510.290391263188,32.02830687037798,69.8681219938149
11511.169040043847,32.02189698051702,69.8595176848317
11512.047688824507,32.01546843891132,69.85086780937857
11512.926337605166,32.009022865710456,69.84217637357189
11513.804986385825,32.00256188106404,69.833447383528
11514.683635166482,31.996087105121653,69.82468484536331
11515.562283947143,31.989600158032854,69.81589276519414
11516.4409327278,31.98310265994728,69.80707514913689
11517.31958150846,31.97659623101448,69.7982360033079
11518.19823028912,31.97008249138405,69.78937933382358
11519.076879069778,31.96356306120559,69.78050914680026
11519.955527850438,31.957039560628683,69.7716294483543
11520.834176631095,31.95051360980293,69.76274424460215
11521.712825411756,31.943986828877872,69.75385754166001
11522.591474192413,31.93746083800316,69.74497334564444
11523.470122973073,31.93093725732835,69.7360956626717
11524.348771753732,31.92441770700302,69.72722849885815
11525.227420534391,31.917903807176774,69.7183758603202
11526.10606931505,31.9113971779992,69.7095417531742
11526.984718095708,31.9048994396199,69.70073018353654
11527.863366876369,31.89841221218841,69.6919451575235
11528.742015657026,31.891937115854386,69.68319068125159
11529.620664437685,31.88547577076737,69.67447076083707
11530.499313218344,31.879029797076967,69.66578940239633
11531.377961999004,31.87260081493276,69.65715061204575
11532.256610779663,31.86619044448434,69.64855839590169
11533.13525956032,31.859800305881304,69.64001676008056
11534.013908340981,31.853432019273207,69.63152971069863
11534.892557121639,31.84708720480969,69.62310125387236
11535.771205902298,31.8407674826403,69.61473539571809
11536.649854682957,31.834474472914636,69.60643614235217
11537.528503463616,31.828209795782286,69.59820749989096
11538.407152244275,31.821975071392842,69.59005347445085
11539.285801024933,31.8157719198959,69.58197807214826
11540.164449805594,31.809601961441015,69.57398529909943
11541.043098586251,31.803466816177828,69.56607916142084
11541.92174736691,31.797368104255877,69.55826366522882
11542.80039614757,31.79130744582477,69.5505428166397
11543.679044928227,31.785286452457605,69.54292062176991
11544.557693708888,31.779306057416274,69.53540108673576
11545.436342489545,31.773366035760088,69.52798821765369
11546.314991270207,31.767466049294512,69.52068602063997
11547.193640050864,31.7616057598251,69.51349850181106
11548.072288831523,31.75578482915731,69.50642966728327
11548.950937612182,31.750002919096676,69.49948352317301
11549.82958639284,31.744259691448708,69.49266407559661
11550.7082351735,31.738554808018876,69.48597532942556
11551.586883954158,31.732887930612737,69.47941995392017
11552.46553273482,31.727258721035753,69.47299674266577
11553.344181515477,31.721666841093466,69.46670379023293
11554.222830296136,31.71611195259136,69.46053919119207
11555.101479076795,31.710593717334937,69.45450104011368
11555.980127857452,31.70511179712973,69.44858743156824
11556.858776638113,31.69966585378121,69.4427964601262
11557.73742541877,31.69425554909492,69.4371262203581
11558.61607419943,31.688880544876337,69.43157480683433
11559.49472298009,31.683540502930978,69.42614031412545
11560.373371760748,31.678235085064347,69.42082083680188
11561.252020541408,31.672963953081954,69.41561446943409
11562.130669322065,31.667726768789315,69.4105193065926
11563.009318102726,31.662523193991902,69.40553344284785
11563.887966883383,31.657352890495265,69.40065497277035
11564.766615664043,31.65221552010488,69.39588199093056
11565.645264444702,31.647110744626264,69.39121259189893
11566.523913225361,31.64203822586492,69.38664487024596
11567.40256200602,31.63699762562635,69.38217692054214
11568.281210786678,31.63198860571608,69.37780683735791
11569.159859567339,31.627010827939586,69.37353271526376
11570.038508347996,31.62206395410241,69.3693526488302
11570.917157128655,31.617147646010025,69.36526473262768
11571.795805909314,31.612261565467954,69.36126706122664
11572.674454689974,31.6074053742817,69.3573577291976
11573.553103470633,31.602578734256763,69.35353483111103
11574.43175225129,31.59778130719867,69.34979646153742
11575.310401031951,31.5930127549129,69.34614071504721
11576.189049812609,31.58827273920498,69.34256568621092
11577.067698593268,31.5835609218804,69.33906946959895
11577.946347373927,31.57887696474468,69.33565015978186
11578.824996154586,31.574220529603316,69.33230585133009
11579.703644935245,31.56959127826182,69.3290346388141
11580.582293715903,31.56498887252571,69.32583461680441
11581.460942496564,31.560412974200457,69.32270387987145
11582.339591277221,31.555863245091608,69.31964052258571
11583.21824005788,31.551339347004646,69.31664263951768
11584.09688883854,31.546840941745074,69.31370832523783
11584.975537619199,31.54236769111841,69.31083567431664
11585.854186399858,31.537919256930156,69.30802278132458
11586.732835180515,31.53349530098583,69.30526774083212
11587.611483961176,31.529095485090906,69.30256864740973
11588.490132741834,31.52471947105093,69.29992359562792
11589.368781522493,31.52036692067138,69.29733068005712
11590.247430303152,31.51603749575777,69.29478799526784
11591.12607908381,31.511730858115616,69.29229363583056
11592.00472786447,31.5074466695504,69.28984569631571
11592.883376645128,31.50318459186766,69.28744227129383
11593.762025425789,31.49894428687287,69.28508145533533
11594.640674206446,31.494725416371573,69.28276134301075
11595.519322987106,31.49052764216924,69.28048002889052
11596.397971767765,31.486350626071395,69.27823560754513
11597.276620548422,31.48219402988355,69.27602617354508
11598.155269329083,31.47805751541118,69.27384982146079
11599.03391810974,31.47394074445984,69.27170464586278
11599.912566890402,31.469843378834987,69.26958874132151
11600.791215671059,31.46576508034217,69.26750020240748
11601.669864451718,31.46170551078686,69.26543712369114
11602.548513232377,31.45766433197458,69.26339759974297
11603.427162013035,31.453641205710845,69.26137972513347
11604.305810793696,31.44963579380114,69.25938159443307
11605.184459574353,31.445647758050992,69.25740130221226
11606.063108355012,31.441676760265885,69.25543694304154
11606.941757135672,31.437722462251347,69.25348661149141
11607.82040591633,31.433784525812868,69.25154840213227
11608.69905469699,31.42986261440797,69.24962040953463
11609.577703477647,31.425956416750115,69.24770072826898
11610.456352258308,31.422065641273186,69.2457874529058
11611.335001038966,31.418189996934736,69.24387867801553
11612.213649819625,31.41432919269227,69.2419724981687
11613.092298600284,31.410482937503325,69.24006700793574
11613.970947380943,31.406650940325424,69.23816030188713
11614.849596161603,31.402832910116086,69.23625047459336
11615.72824494226,31.39902855583286,69.23433562062492
11616.606893722921,31.395237586433232,69.23241383455226
11617.485542503578,31.39145971087477,69.23048321094586
11618.364191284238,31.387694638114972,69.22854184437621
11619.242840064897,31.383942077111374,69.22658782941377
11620.121488845556,31.380201736821505,69.22461926062903
11621.000137626215,31.376473326202884,69.22263423259244
11621.878786406873,31.37275655421305,69.22063083987453
11622.757435187534,31.369051129809495,69.2186071770457
11623.636083968191,31.36535676194979,69.2165613386765
11624.51473274885,31.361673159591433,69.21449141933735
11625.39338152951,31.358000031691954,69.21239551359876
11626.272030310169,31.354337087208883,69.21027171603119
11627.150679090828,31.350684035099743,69.20811812120513
11628.029327871485,31.347040584322066,69.20593282369104
11628.907976652146,31.34340644383336,69.2037139180594
11629.786625432804,31.33978132259118,69.20145949888746
11630.665274213463,31.33616492955303,69.19916803151894
11631.543922994122,31.33255697367644,69.19683934895343
11632.422571774781,31.328957163918933,69.19447359946514
11633.30122055544,31.325365209238047,69.19207093132816
11634.179869336098,31.3217808185913,69.18963149281662
11635.058518116759,31.318203700936213,69.18715543220468
11635.937166897416,31.314633565230324,69.18464289776647
11636.815815678076,31.311070120431147,69.18209403777612
11637.694464458735,31.307513075496214,69.17950900050776
11638.573113239394,31.30396213938305,69.17688793423555
11639.451762020053,31.300417021049178,69.17423098723363
11640.33041080071,31.296877429452135,69.1715383077761
11641.209059581372,31.29334307354943,69.16881004413712
11642.087708362029,31.289813662298606,69.16604634459081
11642.966357142688,31.286288904657177,69.16324735741135
11643.845005923347,31.282768509582667,69.1604132308728
11644.723654704005,31.279252186032622,69.15754411324939
11645.602303484666,31.27573964296453,69.15464015281519
11646.480952265323,31.272230589335965,69.15170149784436
11647.359601045984,31.268724734104403,69.14872829661101
11648.238249826642,31.265221786227418,69.14572069738931
11649.1168986073,31.2617214546625,69.1426788484534
11649.99554738796,31.258223448367186,69.13960289807736
11650.874196168617,31.254727476299017,69.1364929945354
11651.752844949278,31.251233247415485,69.13334928610162
11652.631493729936,31.24774047067416,69.13017192105016
11653.510142510595,31.24424885503253,69.12696104765514
11654.388791291254,31.240758109448137,69.12371681419073
11655.267440071913,31.237267942878507,69.12043936893105
11656.146088852573,31.23377806428116,69.1171288601502
11657.02473763323,31.230288182613634,69.11378543612238
11657.903386413891,31.226798006833434,69.11040924512172
11658.782035194548,31.223307245898113,69.10700043542231
11659.660683975208,31.219815608765177,69.1035591552983
11660.539332755867,31.216322804392153,69.10008555302386
11661.417981536526,31.212828541736574,69.09657977687309
11662.296630317185,31.209332529755965,69.09304197512013
11663.175279097843,31.205834477407855,69.08947229603915
11664.053927878504,31.202334093649753,69.08587088790426
11664.932576659161,31.19883108743921,69.08223789898959
11665.81122543982,31.19532516773373,69.07857347756928
11666.68987422048,31.19181604349085,69.07487777191749
11667.568523001139,31.188303423668096,69.07115093030833
11668.447171781798,31.18478701722299,69.06739310101594
11669.325820562455,31.181266533113067,69.06360443231446
11670.204469343116,31.17774168029583,69.05978507247804
11671.083118123774,31.174212167728836,69.0559351697808
11671.961766904433,31.170677704369588,69.05205487249687
11672.840415685092,31.16713799917562,69.0481443289004
11673.719064465751,31.163592761104457,69.04420368726555
11674.59771324641,31.160041699113624,69.04023309586638
11675.476362027068,31.156484522160657,69.03623270297713
11676.355010807729,31.152920939203053,69.03220265687186
11677.233659588386,31.14935065919838,69.02814310582473
11678.112308369045,31.14577339110413,69.02405419810987
11678.990957149705,31.142188843877836,69.01993608200141
11679.869605930364,31.138596726477036,69.01578890577352
11680.748254711023,31.134996747859244,69.0116128177003
11681.62690349168,31.131388616982004,69.00740796605591
11682.505552272341,31.127772042802807,69.00317449911448
11683.384201052999,31.12414673427922,68.99891256515015
11684.262849833658,31.120512400368735,68.99462231243703
11685.141498614317,31.1168687500289,68.99030388924929
11686.020147394976,31.113215492217225,68.98595744386105
11686.898796175636,31.109552335891248,68.98158312454645
11687.777444956293,31.105878990008495,68.97718107957964
11688.656093736954,31.102195163526478,68.97275145723472
11689.534742517611,31.098500565402745,68.96829440578587
11690.41339129827,31.0947949045948,68.96381007350718
11691.29204007893,31.09107789006018,68.95929860867282
11692.170688859587,31.087349230756413,68.95476015955693
11693.049337640248,31.083608635641014,68.95019487443362
11693.927986420906,31.07985581367152,68.94560290157706
11694.806635201567,31.076090474778656,68.94098438926135
11695.685283982224,31.072312391260173,68.93633948576066
11696.563932762883,31.068521434439983,68.93166833934909
11697.442581543542,31.064717484442014,68.92697109830081
11698.3212303242,31.0609004213902,68.92224791088995
11699.19987910486,31.05707012540844,68.9174989253906
11700.078527885518,31.05322647662069,68.912724290077
11700.95717666618,31.049369355150837,68.90792415322316
11701.835825446837,31.04549864112284,68.90309866310334
11702.714474227496,31.041614214660598,68.89824796799157
11703.593123008155,31.037715955888036,68.89337221616204
11704.471771788812,31.033803744929088,68.8884715558889
11705.350420569473,31.02987746190765,68.88354613544622
11706.22906935013,31.025936986947684,68.87859610310822
11707.10771813079,31.021982200173078,68.87362160714898
11707.98636691145,31.01801298170777,68.86862279584265
11708.865015692108,31.014029211675684,68.86359981746338
11709.743664472768,31.01003077020074,68.8585528202853
11710.622313253425,31.006017537406866,68.85348195258254
11711.500962034086,31.001989393417965,68.84838736262923
11712.379610814744,30.997946218357992,68.84326919869953
11713.258259595403,30.993887892350838,68.83812760906754
11714.136908376062,30.989814295520446,68.83296274200744
11715.015557156721,30.985725307990727,68.82777474579333
11715.89420593738,30.98162080988561,68.82256376869935
11716.772854718038,30.977500681329023,68.81732997139783
11717.651503498699,30.97336480244487,68.81207362007201
11718.530152279356,30.9692130533571,68.80679503423227
11719.408801060015,30.965045314189613,68.80149453380045
11720.287449840675,30.960861465066344,68.79617243869855
11721.166098621334,30.95666138611121,68.79082906884851
11722.044747401993,30.95244495744813,68.78546474417227
11722.92339618265,30.94821205920105,68.78007978459182
11723.802044963311,30.943962571493852,68.77467451002909
11724.680693743969,30.9396963744505,68.76924924040601
11725.559342524628,30.935413348194892,68.76380429564455
11726.437991305287,30.931113372850955,68.75833999566665
11727.316640085946,30.926796328542615,68.75285666039427
11728.195288866606,30.922462095393794,68.74735460974937
11729.073937647263,30.91811055352842,68.74183416365389
11729.952586427924,30.913741583070394,68.73629564202976
11730.831235208581,30.909355064143675,68.73073936479898
11731.70988398924,30.904950876872153,68.72516565188347
11732.5885327699,30.900528901379765,68.71957482320518
11733.467181550559,30.89608901779043,68.71396719868605
11734.345830331218,30.891631106228076,68.70834309824808
11735.224479111876,30.887155046816627,68.70270284181318
11736.103127892537,30.882660719679986,68.69704674930328
11736.981776673194,30.87814800494211,68.69137514064039
11737.860425453853,30.873616782726888,68.68568833574642
11738.739074234512,30.869066933158255,68.67998665454333
11739.617723015172,30.864498336360143,68.67427041695306
11740.49637179583,30.859910872456464,68.66853994289761
11741.375020576488,30.855304421571155,68.66279555229887
11742.25366935715,30.850678863828104,68.65703756507882
11743.132318137807,30.84603407935128,68.65126630115942
11744.010966918466,30.841369948264575,68.6454820804626
11744.889615699125,30.836686350691917,68.63968522291032
11745.768264479782,30.831983166757244,68.63387604842453
11746.646913260443,30.827260276584443,68.62805487692718
11747.5255620411,30.82251756029748,68.62222202834023
11748.404210821762,30.81775489802024,68.6163778225856
11749.28285960242,30.81297216987668,68.61052257958531
11750.161508383078,30.808169255990702,68.6046566192612
11751.040157163738,30.80334603648623,68.59878026153534
11751.918805944395,30.798502391487197,68.59289382632963
11752.797454725056,30.793638201117503,68.58699763356599
11753.676103505713,30.788753345501103,68.5810920031664
11754.554752286373,30.783847704761893,68.57517725505282
11755.433401067032,30.778921159023795,68.5692537091472
11756.312049847691,30.773973588410755,68.56332168537148
11757.19069862835,30.76900487304668,68.55738150364759
11758.069347409008,30.764014893055503,68.55143348389755
11758.947996189669,30.75900352856112,68.5454779460432
11759.826644970326,30.753970659687493,68.53951521000663
11760.705293750985,30.748916166558516,68.53354559570967
11761.583942531644,30.743839929298115,68.52756942307434
11762.462591312304,30.738741828030218,68.52158701202255
11763.341240092963,30.73362174287875,68.5155986824763
11764.21988887362,30.72847955396764,68.50960475435751
11765.098537654281,30.723315141420784,68.50360554758808
11765.977186434939,30.718128385362142,68.49760138209008
11766.855835215598,30.712919165915608,68.49159257778537
11767.734483996257,30.707687363205114,68.48557945459591
11768.613132776916,30.70243285735458,68.47956233244368
11769.491781557575,30.69715552848793,68.47354153125062
11770.370430338233,30.691855256729102,68.4675173709387
11771.249079118894,30.68653192220198,68.4614901714298
11772.127727899551,30.681185405030536,68.45546025264598
11773.00637668021,30.675815585338658,68.4494279345091
11773.88502546087,30.670422345010568,68.44339353694114
11774.763674241529,30.665005793923566,68.43735737986407
11775.642323022188,30.659566493056207,68.4313197831998
11776.520971802845,30.654105056393888,68.42528106687034
11777.399620583506,30.64862209792195,68.41924155079757
11778.278269364164,30.643118231625834,68.41320155490351
11779.156918144823,30.637594071490877,68.40716139911008
11780.035566925482,30.632050231502475,68.4011214033392
11780.914215706141,30.626487325646007,68.39508188751287
11781.7928644868,30.62090596790686,68.38904317155304
11782.671513267458,30.61530677227043,68.38300557538163
11783.55016204812,30.60969035272206,68.3769694189206
11784.428810828776,30.604057323247176,68.3709350220919
11785.307459609436,30.598408297831124,68.3649027048175
11786.186108390095,30.59274389045931,68.35887278701934
11787.064757170754,30.5870647151171,68.35284558861935
11787.943405951413,30.58137138578989,68.34682142953952
11788.82205473207,30.575664516463068,68.34080062281153
11789.700703512732,30.569944721121974,68.33478343995127
11790.57935229339,30.56421261375205,68.32877013700109
11791.458001074048,30.558468808338635,68.32276096997693
11792.336649854708,30.552713918867127,68.31675619489485
11793.215298635365,30.546948559322914,68.31075606777082
11794.093947416026,30.54117334369134,68.30476084462086
11794.972596196683,30.535388885957847,68.298770781461
11795.851244977344,30.529595800107764,68.29278613430719
11796.729893758002,30.523794700126516,68.2868071591755
11797.608542538661,30.517986199999456,68.2808341120819
11798.48719131932,30.51217091371197,68.27486724904243
11799.365840099978,30.50634945524946,68.26890682607306
11800.244488880639,30.500522438597265,68.2629530991898
11801.123137661296,30.494690477740825,68.2570063244087
11802.001786441957,30.488854186665463,68.2510667577457
11802.880435222614,30.483014179356616,68.24513465521689
11803.759084003274,30.477171069799628,68.23921027283818
11804.637732783933,30.471325471979892,68.23329386662566
11805.51638156459,30.465477999882804,68.22738569259532
11806.395030345251,30.45962926749371,68.2214860067631
11807.273679125909,30.45377988879804,68.21559506514511
11808.152327906568,30.447930477781135,68.20971312375728
11809.030976687227,30.4420816484284,68.20384043861566
11809.909625467886,30.43623401472521,68.19797726573623
11810.788274248545,30.430388190656938,68.192123861135
11811.666923029203,30.424544790208998,68.18628048082802
11812.545571809864,30.418704427366723,68.18044738083121
11813.424220590521,30.412867716115546,68.17462481716066
11814.30286937118,30.407035270440815,68.16881304583235
11815.18151815184,30.401207704327913,68.16301232286229
11816.060166932499,30.39538563176224,68.15722290426646
11816.938815713158,30.389569666729166,68.1514450460609
11817.817464493815,30.383760423214092,68.14567900426162
11818.696113274476,30.377958515202355,68.13992503488458
11819.574762055134,30.37216455667939,68.13418339394586
11820.453410835793,30.366379161630544,68.1284543374614
11821.332059616452,30.36060294404121,68.12273812144724
11822.210708397111,30.35483651789678,68.11703500191939
11823.08935717777,30.349080497182616,68.11134523489383
11823.968005958428,30.343335495884123,68.10566907638662
11824.846654739089,30.337602127986646,68.1000067824137
11825.725303519746,30.33188100747562,68.09435860899113
11826.603952300406,30.326172748336386,68.08872481213488
11827.482601081065,30.32047796455434,68.08310564786099
11828.361249861724,30.31479727011486,68.07750137218544
11829.239898642383,30.309131279003328,68.07191224112425
11830.11854742304,30.30348060520515,68.06633851069343
11830.997196203702,30.297845862705657,68.06078043690898
11831.875844984359,30.292227665490287,68.05523827578692
11832.754493765018,30.28662662754438,68.04971228334324
11833.633142545677,30.28104336285334,68.04420271559395
11834.511791326337,30.27547848540254,68.03870982855508
11835.390440106996,30.26993260917737,68.0332338782426
11836.269088887653,30.264406348163213,68.02777512067256
11837.147737668314,30.25890031634542,68.02233381186092
11838.026386448972,30.25341512770943,68.01691020782373
11838.90503522963,30.24795139624058,68.01150456457695
11839.78368401029,30.24250973592427,68.00611713813663
11840.662332790947,30.237090760745883,68.00074818451878
11841.540981571608,30.23169508469077,67.99539795973936
11842.419630352266,30.226323321744367,67.99006671981444
11843.298279132927,30.220976085892005,67.98475472075995
11844.176927913584,30.215653991119108,67.97946221859198
11845.055576694243,30.210357651411037,67.97418946932648
11845.934225474903,30.205087680753163,67.96893672897949
11846.81287425556,30.199844693130903,67.96370425356697
11847.691523036221,30.19462930252959,67.95849229910499
11848.570171816878,30.189442122934658,67.95330112160951
11849.44882059754,30.18428376833144,67.94813097709655
11850.327469378197,30.179154852705366,67.94298212158213
11851.206118158856,30.174055990041786,67.93785481108226
11852.084766939515,30.16898779432609,67.93274930161293
11852.963415720173,30.163950879042257,67.92766584919015
11853.842064500834,30.158945675115863,67.92260470982991
11854.720713281491,30.15397216018611,67.91756613954827
11855.59936206215,30.14903024273662,67.91255039436119
11856.47801084281,30.144119831251068,67.90755773028468
11857.356659623469,30.139240834213098,67.90258840333478
11858.235308404128,30.13439316010637,67.89764266952746
11859.113957184785,30.12957671741455,67.89272078487875
11859.992605965446,30.124791414621267,67.88782300540464
11860.871254746104,30.120037160210213,67.88294958712116
11861.749903526763,30.11531386266502,67.8781007860443
11862.628552307422,30.110621430469347,67.87327685819007
11863.507201088081,30.10595977210685,67.86847805957447
11864.38584986874,30.10132879606119,67.86370464621352
11865.264498649398,30.096728410816027,67.85895687412322
11866.143147430059,30.09215852485499,67.8542349993196
11867.021796210716,30.087619046661782,67.84953927781862
11867.900444991375,30.083109884720013,67.84486996563633
11868.779093772035,30.078630947513364,67.8402273187887
11869.657742552694,30.07418214352548,67.8356115932918
11870.536391333353,30.069763381240023,67.83102304516157
11871.41504011401,30.065374569140655,67.82646193041406
11872.293688894672,30.061015615711007,67.82192850506523
11873.172337675329,30.056686429434773,67.81742302513115
11874.050986455988,30.052386918795573,67.81294574662778
11874.929635236647,30.04811699227708,67.80849692557113
11875.808284017307,30.043876558362953,67.80407681797725
11876.686932797966,30.039665525536837,67.79968567986208
11877.565581578623,30.035483802282403,67.79532376724171
11878.444230359284,30.031331297083284,67.79099133613205
11879.322879139942,30.027207918423162,67.7866886425492
11880.2015279206,30.023113574785675,67.78241594250909
11881.08017670126,30.019048174654483,67.77817349202776
11881.95882548192,30.01501162651324,67.77396154128891
11882.837474262578,30.01100383884561,67.76978012082195
11883.716123043236,30.00702472013525,67.76562897984527
11884.594771823897,30.003074178865788,67.76150784917664
11885.473420604554,29.999152123520926,67.75741645963377
11886.352069385213,29.995258462584285,67.75335454203444
11887.230718165873,29.99139310453953,67.74932182719631
11888.109366946532,29.987555957870317,67.74531804593718
11888.988015727191,29.983746931060303,67.74134292907475
11889.866664507848,29.979965932593156,67.73739620742674
11890.74531328851,29.9762128709525,67.73347761181091
11891.623962069167,29.972487654622025,67.729586873045
11892.502610849826,29.96879019208537,67.72572372194671
11893.381259630485,29.96512039182619,67.72188788933379
11894.259908411143,29.961478162328152,67.71807910602396
11895.138557191804,29.957863412074893,67.71429710283496
11896.017205972461,29.954276049550092,67.71054161058454
11896.895854753122,29.95071598323738,67.7068123600904
11897.77450353378,29.94718312162044,67.7031090821703
11898.653152314439,29.943677373182908,67.69943150764196
11899.531801095098,29.940198646408444,67.69577936732311
11900.410449875755,29.93674684978071,67.69215239203149
11901.289098656416,29.933321891783347,67.68855031258482
11902.167747437074,29.92992368090004,67.68497285980087
11903.046396217733,29.92655212561441,67.68141976449732
11903.925044998392,29.923207134410134,67.67789075749194
11904.803693779051,29.919888615770866,67.67438556960245
11905.68234255971,29.916596478180256,67.67090393164655
11906.560991340368,29.91333063012197,67.66744557444206
11907.439640121029,29.910090980079644,67.66401022880662
11908.318288901686,29.90687743653696,67.660597625558
11909.196937682345,29.903689907977554,67.65720749551393
11910.075586463005,29.90052830288509,67.65383956949218
11910.954235243664,29.897392529743218,67.6504935783104
11911.832884024323,29.8942824970356,67.6471692527864
11912.71153280498,29.8911981132459,67.64386632373787
11913.590181585641,29.888139286857747,67.64058452198255
11914.468830366299,29.88510592635483,67.63732357833818
11915.347479146958,29.882097940220778,67.63408322362251
11916.226127927617,29.879115236939263,67.63086318865322
11917.104776708276,29.876157724993934,67.6276632042481
11917.983425488936,29.873225312868446,67.62448300122485
11918.862074269593,29.870317909046463,67.62132231040121
11919.740723050254,29.867435422011628,67.6181808625949
11920.619371830911,29.864577760247617,67.61505838862368
11921.49802061157,29.86174483223806,67.61195461930525
11922.37666939223,29.85893654646663,67.60886928545737
11923.255318172889,29.856152811416983,67.60580211789778
11924.133966953548,29.853393535572764,67.60275284744418
11925.012615734206,29.850658627417644,67.59972120491432
11925.891264514867,29.84794799543526,67.5967069211259
11926.769913295524,29.84526154810929,67.59370972689672
11927.648562076183,29.84259919392337,67.59072935304447
11928.527210856842,29.839960841361165,67.58776553038687
11929.405859637502,29.83734639890633,67.58481798974168
11930.28450841816,29.834755775042524,67.58188646192662
11931.163157198818,29.8321888782534,67.57897067775941
11932.04180597948,29.82964561702261,67.57607036805783
11932.920454760137,29.82712589983382,67.57318526363956
11933.799103540796,29.824629635170677,67.57031509532236
11934.677752321455,29.822156731516834,67.56745959392394
11935.556401102114,29.81970709735596,67.56461849026206
11936.435049882773,29.817280641171696,67.56179151515444
11937.31369866343,29.814877271447717,67.55897839941882
11938.192347444092,29.812496896667657,67.55617887387291
11939.07099622475,29.81013942531519,67.55339266933446
11939.949645005408,29.80780472401219,67.55061951662118
11940.828293786068,29.805492427278846,67.54785914655086
11941.706942566725,29.803202089649847,67.54511128994119
11942.585591347386,29.80093326558533,67.54237567760988
11943.464240128043,29.79868550954546,67.5396520403747
11944.342888908704,29.796458375990365,67.53694010905338
11945.221537689362,29.794251419380206,67.53423961446366
11946.100186470021,29.792064194175122,67.53155028742323
11946.97883525068,29.78989625483525,67.52887185874985
11947.857484031338,29.78774715582075,67.52620405926127
11948.736132811999,29.78561645159176,67.52354661977519
11949.614781592656,29.783503696608438,67.52089927110939
11950.493430373317,29.781408445330904,67.51826174408154
11951.372079153974,29.77933025221933,67.51563376950939
11952.250727934634,29.777268671733854,67.51301507821071
11953.129376715293,29.77522325833462,67.5104054010032
11954.00802549595,29.77319356648178,67.50780446870459
11954.886674276611,29.77117915063546,67.50521201213263
11955.765323057269,29.769179565255833,67.50262776210505
11956.643971837928,29.767194364803032,67.50005144943958
11957.522620618587,29.7652231037372,67.49748280495395
11958.401269399246,29.763265336518483,67.49492155946588
11959.279918179906,29.761320617607034,67.49236744379311
11960.158566960563,29.759388501463,67.4898201887534
11961.037215741224,29.757468542546516,67.48727952516444
11961.915864521881,29.75556029531774,67.484745183844
11962.79451330254,29.753663314236807,67.4822168956098
11963.6731620832,29.75177715376387,67.47969439127955
11964.551810863859,29.749901368359076,67.47717740167099
11965.430459644518,29.74803551248257,67.47466565760188
11966.309108425176,29.746179140594496,67.47215888988993
11967.187757205837,29.744331807154992,67.46965682935287
11968.066405986494,29.74249306662422,67.46715920680846
11968.945054767153,29.740662473462322,67.4646657530744
11969.823703547812,29.738839582129437,67.46217619896844
11970.702352328472,29.737023947085707,67.4596902753083
11971.58100110913,29.735215122791296,67.45720771291172
11972.459649889788,29.733412663706336,67.45472824259643
11973.33829867045,29.731616124290976,67.45225159518017
11974.216947451107,29.729825059005368,67.44977750148068
11975.095596231766,29.72803902230964,67.44730569231568
11975.974245012425,29.726257568663957,67.44483589850287
11976.852893793084,29.724480252528462,67.44236785086005
11977.731542573743,29.722706628363294,67.4399012802049
11978.6101913544,29.720936250628604,67.43743591735519
11979.488840135062,29.719168673784534,67.43497149312861
11980.36748891572,29.717403452291236,67.43250773834292
11981.246137696378,29.71564014060885,67.43004438381584
11982.124786477038,29.713878293197524,67.42758116036514
11983.003435257697,29.712117464517405,67.42511779880847
11983.882084038356,29.71035720902864,67.42265402996367
11984.760732819013,29.708597081191375,67.4201895846484
11985.639381599674,29.706836635465752,67.41772419368039
11986.518030380332,29.70507542631192,67.41525758787742
11987.396679160991,29.70331300819002,67.41278949805718
11988.27532794165,29.701548935560208,67.41031965503741
11989.15397672231,29.69978276288262,67.40784778963587
11990.032625502969,29.69801404461741,67.40537363267026
11990.911274283626,29.696242335224724,67.40289691495832
11991.789923064287,29.694467189164694,67.4004173673178
11992.668571844944,29.692688160897482,67.39793472056644
11993.547220625604,29.690904804883232,67.39544870552191
11994.425869406263,29.689116675582085,67.392959053002
11995.30451818692,29.687323327454187,67.39046549382445
11996.183166967581,29.68552431495968,67.38796775880695
11997.061815748239,29.683719192558723,67.38546557876727
11997.9404645289,29.681907514711444,67.38295868452309
11998.819113309557,29.680088835878013,67.38044680689221
11999.697762090216,29.678262710518553,67.37792967669232
12000.576410870875,29.676428693093225,67.37540702474115
12001.455059651533,29.67458633806217,67.37287858185645
12002.333708432194,29.672735199885526,67.37034407885596
12003.212357212851,29.670874833023454,67.3678032465574
12004.09100599351,29.669004791936086,67.3652558157785
12004.96965477417,29.667124631083578,67.36270151733699
12005.848303554829,29.665233904926072,67.36014008205062
12006.726952335488,29.66333216792371,67.3575712407371
12007.605601116145,29.66141897453665,67.35499472421418
12008.484249896806,29.659493879225025,67.35241026329957
12009.362898677464,29.65755643644899,67.34981758881104
12010.241547458123,29.655606200668682,67.34721643156627
12011.120196238782,29.653642726344255,67.34460652238305
12011.998845019441,29.65166556793585,67.34198759207906
12012.8774938001,29.649674279903618,67.33935937147209
12013.756142580758,29.647668416707706,67.33672159137983
12014.634791361419,29.645647532808248,67.33407398262
12015.513440142076,29.643611182665406,67.33141627601039
12016.392088922736,29.641558920739318,67.32874820236867
12017.270737703395,29.639490301490124,67.3260694925126
12018.149386484054,29.63740487937798,67.32337987725994
12019.028035264713,29.635302208863024,67.32067908742836
12019.90668404537,29.633181844405414,67.31796685383567
12020.785332826032,29.63104334046528,67.31524290729952
12021.663981606689,29.628886251502784,67.31250697863771
12022.542630387348,29.62671013197806,67.30975879866793
12023.421279168007,29.624514536351256,67.30699809820794
12024.299927948667,29.622299019082522,67.30422460807544
12025.178576729326,29.620063134632005,67.3014380590882
12026.057225509983,29.61780643745985,67.2986381990736
12026.935874290644,29.61552848202619,67.2958250097916
12027.814523071302,29.613228822791196,67.29299864310575
12028.69317185196,29.61090701421499,67.29015925471565
12029.57182063262,29.608562610757737,67.28730700032094
12030.45046941328,29.606195166879566,67.28444203562125
12031.329118193938,29.60380423704063,67.28156451631622
12032.207766974596,29.601389375701086,67.27867459810552
12033.086415755257,29.59895013732106,67.27577243668873
12033.965064535914,29.596486076360716,67.27285818776554
12034.843713316573,29.59399674728019,67.26993200703555
12035.722362097233,29.59148170453963,67.26699405019838
12036.601010877892,29.58894050259918,67.2640444729537
12037.479659658551,29.58637269591899,67.26108343100114
12038.358308439208,29.583777838959204,67.25811108004034
12039.23695721987,29.581155486179963,67.25512757577091
12040.115606000527,29.578505192041426,67.25213307389251
12040.994254781186,29.57582651100373,67.24912773010476
12041.872903561845,29.57311899752702,67.24611170010733
12042.751552342503,29.570382206071447,67.24308513959981
12043.630201123164,29.567615691097142,67.24004820428186
12044.508849903821,29.56481900706428,67.2370010498531
12045.387498684482,29.561991708432974,67.2339438320132
12046.26614746514,29.559133349663398,67.23087670646174
12047.144796245799,29.556243485235246,67.22779982889843
12048.023445026458,29.5533218145986,67.22471335502284
12048.902093807115,29.550368530523897,67.22161744053463
12049.780742587776,29.547383930620796,67.21851224113344
12050.659391368434,29.544368312499014,67.2153979125189
12051.538040149095,29.5413219737682,67.21227461039065
12052.416688929752,29.53824521203806,67.20914249044833
12053.295337710411,29.53513832491825,67.20600170839157
12054.17398649107,29.532001610018476,67.20285241992
12055.052635271728,29.52883536494841,67.19969478073327
12055.931284052389,29.525639887317723,67.19652894653099
12056.809932833046,29.522415474736118,67.19335507301282
12057.688581613706,29.519162424813253,67.19017331587838
12058.567230394365,29.515881035158827,67.18698383082734
12059.445879175024,29.512571603382515,67.18378677355929
12060.324527955683,29.509234427093997,67.18058229977389
12061.20317673634,29.50586980390296,67.17737056517078
12062.081825517002,29.50247803141907,67.17415172544956
12062.960474297659,29.499059407252034,67.17092593630993
12063.839123078318,29.49561422901152,67.16769335345148
12064.717771858977,29.4921427943072,67.16445413257382
12065.596420639637,29.488645400748766,67.16120842937667
12066.475069420296,29.485122345945896,67.15795639955958
12067.353718200953,29.481573927508286,67.15469819882226
12068.232366981614,29.478000443045588,67.15143398286426
12069.111015762272,29.47440219016752,67.14816390738531
12069.98966454293,29.47077946648373,67.14488812808496
12070.86831332359,29.467132569603915,67.14160680066291
12071.74696210425,29.463461797137757,67.13832008081877
12072.625610884908,29.459767446694933,67.13502812425217
12073.504259665566,29.456049815885134,67.13173108666277
12074.382908446227,29.452309202318023,67.12842912375017
12075.261557226884,29.448545903603303,67.12512239121403
12076.140206007543,29.444760217350645,67.12181104475397
12077.018854788203,29.44095244116972,67.11849524006966
12077.897503568862,29.437122872670226,67.11517513286068
12078.776152349521,29.433271809461843,67.11185087882671
12079.654801130178,29.42939954915425,67.10852263366739
12080.53344991084,29.42550638935711,67.10519055308232
12081.412098691497,29.42159262768014,67.10185479277116
12082.290747472156,29.417658561732992,67.09851550843356
12083.169396252815,29.413704489125365,67.09517285576912
12084.048045033474,29.409730707466924,67.09182699047749
12084.926693814134,29.405737514367363,67.08847806825831
12085.805342594791,29.40172520743637,67.08512624481122
12086.683991375452,29.3976940842836,67.08177167583584
12087.56264015611,29.39364444251877,67.07841451703183
12088.441288936769,29.38957657975153,67.0750549240988
12089.319937717428,29.385490793591575,67.07169305273639
12090.198586498085,29.381387381648594,67.06832905864427
12091.077235278746,29.37726664153225,67.06496309752202
12091.955884059404,29.373128870852245,67.06159532506933
12092.834532840065,29.368974367218232,67.05822589698579
12093.713181620722,29.36480342823993,67.05485496897107
12094.591830401381,29.360616351526993,67.05148269672478
12095.47047918204,29.35641343468911,67.04810923594657
12096.349127962698,29.352194975335973,67.04473474233606
12097.227776743359,29.347961271077235,67.04135937159292
12098.106425524016,29.343712619522616,67.03798327941678
12098.985074304677,29.339449318281755,67.03460662150722
12099.863723085335,29.335171664964378,67.03122955356395
12100.742371865994,29.33087995718013,67.02785223128657
12101.621020646653,29.32657449253871,67.0244748103747
12102.49966942731,29.322255568649805,67.02109744652802
12103.378318207971,29.31792348312307,67.01772029544611
12104.256966988629,29.313578533568222,67.01434351282865
12105.135615769288,29.309221017594915,67.01096725437526
12106.014264549947,29.30485123281284,67.00759167578559
12106.892913330606,29.30046947683168,67.00421693275923
12107.771562111266,29.296076047261117,67.0008431809959
12108.650210891923,29.291671241710837,66.99747057619516
12109.528859672584,29.287255357790492,66.99409927405667
12110.407508453241,29.282828693109813,66.99072943028006
12111.2861572339,29.278391545278442,66.98736120056496
12112.16480601456,29.273944211906077,66.98399474061102
12113.043454795219,29.269486990602392,66.98063020611791
12113.922103575878,29.26502017897707,66.9772677527852
12114.800752356536,29.26054407463981,66.97390753631257
12115.679401137197,29.256058975200258,66.97054971239962
12116.558049917854,29.251565178268134,66.96719443674603
12117.436698698513,29.24706298145309,66.9638418650514
12118.315347479172,29.24255268236482,66.96049215301538
12119.193996259832,29.238034578613007,66.95714545633761
12120.07264504049,29.233508967807325,66.9538019307177
12120.951293821148,29.228976147557468,66.95046173185534
12121.82994260181,29.224436415473093,66.94712501545011
12122.708591382467,29.21989006916392,66.94379193720168
12123.587240163126,29.2153374062396,66.94046265280966
12124.465888943785,29.21077872430982,66.93713731797371
12125.344537724444,29.206214320984262,66.93381608839344
12126.223186505104,29.20164449387261,66.93049911976851
12127.10183528576,29.19706952903523,66.92718656779854
12127.980484066422,29.19248966243165,66.92387858818319
12128.85913284708,29.187905116439318,66.92057533662206
12129.737781627739,29.183316113435374,66.91727696881482
12130.616430408398,29.17872287579699,66.91398364046107
12131.495079189057,29.174125625901336,66.91069550726048
12132.373727969716,29.169524586125572,66.90741272491266
12133.252376750374,29.164919978846882,66.90413544911728
12134.131025531035,29.160312026442394,66.90086383557393
12135.009674311692,29.155700951289315,66.89759803998227
12135.888323092351,29.15108697576479,66.89433821804194
12136.76697187301,29.146470322245982,66.89108452545257
12137.64562065367,29.14185121311007,66.88783711791379
12138.524269434329,29.137229870734206,66.88459615112527
12139.402918214986,29.132606517495574,66.88136178078659
12140.281566995647,29.127981375771306,66.87813416259742
12141.160215776305,29.12335466793861,66.87491345225739
12142.038864556964,29.11872661637463,66.87169980546614
12142.917513337623,29.114097443456526,66.86849337792329
12143.79616211828,29.109467371561486,66.86529432532848
12144.674810898941,29.104836623066642,66.86210280338138
12145.553459679599,29.100205420349194,66.85891896778158
12146.43210846026,29.095573985786277,66.85574297422873
12147.310757240917,29.090942541755094,66.85257497842248
12148.189406021576,29.086311310632777,66.84941513606245
12149.068054802236,29.081680514796513,66.84626360284828
12149.946703582893,29.07705037662346,66.84312053447961
12150.825352363554,29.072421118490766,66.83998608665608
12151.704001144211,29.067792962775638,66.83686041507731
12152.58264992487,29.06316613185521,66.83374367544295
12153.46129870553,29.05854084810665,66.83063602345263
12154.339947486189,29.05391733390713,66.82753761480598
12155.218596266848,29.04929581163382,66.82444860520265
12156.097245047506,29.044676503663887,66.82136915034226
12156.975893828167,29.040059632374476,66.81829940592445
12157.854542608824,29.035445420142786,66.81523952764888
12158.733191389483,29.030834089345955,66.81218967121515
12159.611840170142,29.026225862361162,66.80914999232292
12160.490488950802,29.021620961565564,66.8061206466718
12161.36913773146,29.01701960933634,66.80310178996146
12162.247786512118,29.012422028050654,66.8000935778915
12163.12643529278,29.00782844008565,66.79709616616158
12164.005084073437,29.003239067818523,66.79410971047135
12164.883732854096,28.998654133626424,66.79113436652041
12165.762381634755,28.994073859886516,66.78817029000841
12166.641030415414,28.989498468975974,66.785217636635
12167.519679196073,28.984928183271958,66.78227656209978
12168.39832797673,28.980363225151645,66.77934722210243
12169.276976757392,28.97580381699217,66.77642977234255
12170.15562553805,28.971250181170742,66.7735243685198
12171.034274318708,28.966702540064496,66.7706311663338
12171.912923099368,28.962161116050606,66.7677503214842
12172.791571880027,28.957626131506238,66.76488198967061
12173.670220660686,28.953097808808565,66.76202632659272
12174.548869441343,28.94857637033475,66.75918348795011
12175.427518222004,28.944062038461933,66.75635362944243
12176.306167002662,28.939555035567324,66.75353690676931
12177.184815783321,28.935055584028056,66.75073347563041
12178.06346456398,28.930563906221316,66.74794349172535
12178.94211334464,28.926080224524252,66.74516711075378
12179.820762125299,28.921604761314036,66.74240448841532
12180.699410905956,28.917137738967845,66.7396557804096
12181.578059686617,28.912679379862823,66.73692114243627
12182.456708467274,28.90822990637616,66.73420073019498
12183.335357247934,28.903789540885,66.73149469938534
12184.214006028593,28.899358505766525,66.72880320165572
12185.092654809252,28.894937023397894,66.72612627501492
12185.971303589911,28.89052531615627,66.72346383114899
12186.849952370569,28.886123606418835,66.72081577514713
12187.72860115123,28.881732116562723,66.71818201209858
12188.607249931887,28.877351068965137,66.7155624470926
12189.485898712546,28.872980686003213,66.71295698521838
12190.364547493205,28.868621190054128,66.7103655315652
12191.243196273863,28.864272803495062,66.70778799122228
12192.121845054524,28.85993574870315,66.70522426927884
12193.000493835181,28.855610248055594,66.70267427082413
12193.879142615842,28.851296523929516,66.7001379009474
12194.7577913965,28.846994798702134,66.69761506473786
12195.636440177159,28.842705294750576,66.69510566728475
12196.515088957818,28.838428234452014,66.69260961367732
12197.393737738475,28.83416384018363,66.69012680900481
12198.272386519136,28.829912334322565,66.6876571583564
12199.151035299794,28.825673939246006,66.68520056682142
12200.029684080455,28.821448877331104,66.68275693948901
12200.908332861112,28.817237370955045,66.68032618144846
12201.786981641771,28.81303964249497,66.677908197789
12202.66563042243,28.808855914328063,66.67550289359986
12203.544279203088,28.80468640883149,66.67311017397027
12204.42292798375,28.800531348382393,66.67072994398946
12205.301576764406,28.79639095535797,66.6683621087467
12206.180225545066,28.792265426093287,66.66600657333117
12207.058874325725,28.788154812533637,66.66366324283216
12207.937523106384,28.7840591168656,66.66133202233887
12208.816171887043,28.77997834122934,66.65901281694055
12209.6948206677,28.77591248776507,66.65670553172644
12210.573469448362,28.771861558612944,66.65441007178576
12211.45211822902,28.767825555913184,66.65212634220775
12212.330767009678,28.763804481805952,66.64985424808164
12213.209415790338,28.759798338431438,66.6475936944967
12214.088064570997,28.755807127929838,66.64534458654212
12214.966713351656,28.751830852441334,66.64310682930717
12215.845362132313,28.74786951410612,66.64088032788106
12216.724010912974,28.743923115064362,66.63866498735304
12217.602659693632,28.739991657456272,66.63646071281234
12218.481308474291,28.73607514342202,66.6342674093482
12219.35995725495,28.732173575101793,66.63208498204985
12220.23860603561,28.72828695463579,66.62991333600651
12221.117254816269,28.724415284164188,66.62775237630746
12221.995903596926,28.720558565827183,66.6256020080419
12222.874552377587,28.71671680176494,66.62346213629907
12223.753201158244,28.712889994117678,66.6213326661682
12224.631849938904,28.709078145025558,66.61921350273856
12225.510498719563,28.70528125662877,66.61710455109935
12226.389147500222,28.701499331067513,66.6150057163398
12227.267796280881,28.697732370481965,66.61291690354918
12228.146445061539,28.69398037701232,66.6108380178167
12229.0250938422,28.69024335279875,66.6087689642316
12229.903742622857,28.68652129998146,66.60670964788312
12230.782391403516,28.682814220700624,66.60465997386049
12231.661040184175,28.67912211709643,66.60261984725295
12232.539688964835,28.67544499130907,66.60058917314973
12233.418337745494,28.67178284547873,66.59856785664009
12234.296986526151,28.6681356817456,66.59655580281323
12235.175635306812,28.66450350224985,66.59455291675839
12236.05428408747,28.66088630913169,66.59255910356484
12236.932932868129,28.657284104531293,66.59057426832176
12237.811581648788,28.65369689058884,66.58859831611845
12238.690230429447,28.65012466944453,66.58663115204408
12239.568879210106,28.64656744323855,66.58467268118794
12240.447527990764,28.643025214111084,66.58272280863923
12241.326176771425,28.639497984202308,66.58078143948721
12242.204825552082,28.63598575565243,66.57884847882109
12243.083474332741,28.63248853060162,66.57692383173013
12243.9621231134,28.629006311190064,66.57500740330354
12244.840771894058,28.62553909955797,66.5730990986306
12245.719420674719,28.622086897845488,66.5711988228005
12246.598069455376,28.61864970819284,66.56930648090248
12247.476718236037,28.61522753274019,66.56742197802579
12248.355367016695,28.611820373627744,66.56554521925966
12249.234015797354,28.60842823299567,66.56367610969333
12250.112664578013,28.605051112984167,66.56181455441606
12250.99131335867,28.601689015733424,66.55996045851704
12251.869962139332,28.59834194338361,66.5581137270855
12252.748610919989,28.595009898074935,66.55627426521073
12253.627259700648,28.591692881947566,66.55444197798191
12254.505908481307,28.5883908971417,66.55261677048831
12255.384557261967,28.585103945797517,66.55079854781916
12256.263206042626,28.581832030055214,66.54898721506369
12257.141854823283,28.578575152054977,66.54718267731113
12258.020503603944,28.57533331393698,66.54538483965074
12258.899152384602,28.572106517841426,66.54359360717172
12259.77780116526,28.568894765908485,66.5418088849633
12260.65644994592,28.56569806027836,66.54003057811478
12261.53509872658,28.562516403091223,66.53825859171533
12262.413747507238,28.559349796487272,66.53649283085423
12263.292396287896,28.556198242606694,66.53473320062066
12264.171045068557,28.553061743589662,66.53297960610392
12265.049693849214,28.549940301576385,66.5312319523932
12265.928342629873,28.54683391870703,66.52949014457776
12266.806991410533,28.54374259712179,66.52775408774683
12267.685640191192,28.540666338960847,66.52602368698963
12268.564288971851,28.537605146364402,66.5242988473954
12269.442937752508,28.534559021472635,66.5225794740534
12270.32158653317,28.531527966425724,66.52086547205285
12271.200235313827,28.52851198336387,66.51915674648296
12272.078884094486,28.52551107442725,66.517453202433
12272.957532875145,28.52252524175605,66.5157547449922
12273.836181655804,28.51955448749046,66.51406127924979
12274.714830436464,28.51659881377067,66.51237271029501
12275.593479217121,28.51365822273687,66.51068894321708
12276.472127997782,28.51073271652923,66.50900988310526
12277.35077677844,28.50782229728795,66.50733543504874
12278.229425559099,28.50492696715322,66.50566550413681
12279.108074339758,28.502046728265213,66.50399999545868
12279.986723120417,28.499181582764123,66.5023388141036
12280.865371901076,28.496331532790144,66.50068186516077
12281.744020681734,28.493496580483455,66.49902905371947
12282.622669462395,28.49067672798424,66.4973802848689
12283.501318243052,28.487871977432693,66.4957354636983
12284.379967023711,28.485082330969,66.49409449529693
12285.25861580437,28.48230779073334,66.492457284754
12286.13726458503,28.4795483588659,66.49082373715878
12287.015913365689,28.47680403750688,66.48919375760045
12287.894562146346,28.474074828796464,66.48756725116829
12288.773210927007,28.47136073487482,66.48594412295154
12289.651859707665,28.46866175788216,66.4843242780394
12290.530508488324,28.465977899958656,66.48270762152112
12291.409157268983,28.46330916324449,66.48109405848594
12292.28780604964,28.46065554987987,66.4794834940231
12293.166454830302,28.458017062004952,66.47787583322182
12294.045103610959,28.455393701759956,66.47627098117137
12294.92375239162,28.452785471285043,66.47466884296092
12295.802401172277,28.450192372720416,66.47306932367977
12296.681049952937,28.447614408206253,66.47147232841715
12297.559698733596,28.445051579882737,66.46987776226224
12298.438347514253,28.442503889890077,66.46828553030433
12299.316996294914,28.439971337863483,66.46669553763263
12300.195645075572,28.437453842411166,66.46510768933639
12301.074293856233,28.434951225473597,66.46352189050484
12301.95294263689,28.43246330332768,66.4619380462272
12302.83159141755,28.429989892250276,66.46035606159273
12303.710240198208,28.427530808518263,66.45877584169065
12304.588888978866,28.425085868408523,66.45719729161021
12305.467537759527,28.422654888197915,66.45562031644062
12306.346186540184,28.420237684163336,66.45404482127115
12307.224835320843,28.417834072581645,66.45247071119101
12308.103484101503,28.415443869729724,66.45089789128943
12308.982132882162,28.413066891884448,66.44932626665567
12309.860781662821,28.41070295532269,66.44775574237894
12310.739430443478,28.40835187632134,66.44618622354851
12311.61807922414,28.40601347115724,66.44461761525356
12312.496728004797,28.40368755610731,66.4430498225834
12313.375376785456,28.401373947448388,66.4414827506272
12314.254025566115,28.399072461457372,66.43991630447422
12315.132674346774,28.396782914411123,66.43835038921371
12316.011323127434,28.39450512258653,66.43678490993486
12316.889971908091,28.392238902260463,66.43521977172696
12317.768620688752,28.389984069709783,66.43365487967922
12318.64726946941,28.387740441211395,66.43209013888088
12319.525918250069,28.385507833042148,66.43052545442119
12320.404567030728,28.38328606147893,66.42896073138932
12321.283215811387,28.381074942798612,66.42739587487459
12322.161864592046,28.378874293278077,66.42583078996618
12323.040513372704,28.376683929194197,66.42426538175337
12323.919162153365,28.374503666823838,66.42269955532534
12324.797810934022,28.372333322443886,66.42113321577138
12325.676459714681,28.370172712331218,66.41956626818069
12326.55510849534,28.368021652762703,66.41799861764251
12327.433757276,28.36587996001522,66.41643016924608
12328.312406056659,28.36374745036564,66.41486082808065
12329.191054837316,28.361623940090848,66.41329049923544
12330.069703617977,28.359509245467706,66.41171908779967
12330.948352398635,28.357403182773105,66.41014649886262
12331.827001179294,28.355305568283907,66.40857263751349
12332.705649959953,28.353216218276994,66.4069974088415
12333.584298740612,28.351134949029248,66.40542071793594
12334.462947521271,28.349061576817526,66.403842469886
12335.341596301929,28.346995917918726,66.40226256978094
12336.22024508259,28.344937788609702,66.40068092270998
12337.098893863247,28.342887005167345,66.39909743376238
12337.977542643906,28.340843383868528,66.39751200802735
12338.856191424566,28.33880674099012,66.3959245505941
12339.734840205223,28.336776892809006,66.39433496655192
12340.613488985884,28.334753655602043,66.39274316099002
12341.492137766541,28.332736845646135,66.39114903899765
12342.370786547202,28.330726279218126,66.38955250566403
12343.24943532786,28.328721772594918,66.38795346607839
12344.128084108519,28.326723142053375,66.38635182533
12345.006732889178,28.324730203870374,66.38474748850804
12345.885381669836,28.322742774322794,66.38314036070179
12346.764030450497,28.32076066968749,66.38153034700046
12347.642679231154,28.318783706241376,66.37991735249331
12348.521328011815,28.31681170026129,66.37830128226955
12349.399976792472,28.314844468024127,66.37668204141845
12350.278625573132,28.312881825806762,66.37505953502921
12351.15727435379,28.310923589886066,66.37343366819107
12352.035923134448,28.308969576538917,66.37180434599328
12352.91457191511,28.307019602042182,66.37017147352506
12353.793220695767,28.305073482672757,66.36853495587567
12354.671869476426,28.303131034707494,66.36689469813433
12355.550518257085,28.30119207442328,66.36525060539027
12356.429167037744,28.299256418096995,66.36360258273274
12357.307815818403,28.297323882005504,66.36195053525095
12358.18646459906,28.29539428242569,66.36029436803416
12359.065113379722,28.293467435634415,66.3586339861716
12359.94376216038,28.29154315790858,66.3569692947525
12360.822410941038,28.289621265525042,66.3553001988661
12361.701059721698,28.28770157476068,66.35362660360163
12362.579708502357,28.28578390189237,66.35194841404834
12363.458357283016,28.283868063196987,66.35026553529545
12364.337006063673,28.28195387495141,66.3485778854301
12365.215654844334,28.280041153432503,66.3468855036577
12366.094303624992,28.27812971491716,66.34518849510303
12366.972952405651,28.276219375682242,66.34348696555112
12367.85160118631,28.274309952004632,66.34178102078707
12368.73024996697,28.2724012601612,66.34007076659599
12369.608898747629,28.270493116428824,66.33835630876291
12370.487547528286,28.268585337084385,66.336637753073
12371.366196308947,28.266677738404745,66.3349152053113
12372.244845089604,28.264770136666794,66.33318877126288
12373.123493870264,28.2628623481474,66.33145855671287
12374.002142650923,28.260954189123442,66.32972466744633
12374.880791431582,28.25904547587179,66.32798720924835
12375.759440212241,28.25713602466932,66.32624628790401
12376.638088992899,28.255225651792923,66.32450200919843
12377.51673777356,28.25331417351945,66.32275447891666
12378.395386554217,28.251401406125794,66.3210038028438
12379.274035334876,28.249487165888823,66.31925008676495
12380.152684115536,28.247571269085416,66.31749343646517
12381.031332896195,28.245653531992446,66.31573395772958
12381.909981676854,28.243733770886784,66.31397175634322
12382.788630457511,28.241811802045326,66.31220693809124
12383.667279238172,28.23988744174492,66.31043960875867
12384.54592801883,28.23796050626246,66.30866987413063
12385.424576799489,28.236030811874816,66.3068978399922
12386.303225580148,28.234098174858858,66.30512361212845
12387.181874360807,28.232162411491473,66.3033472963245
12388.060523141467,28.23022333804952,66.30156899836541
12388.939171922124,28.2282807708099,66.29978882403628
12389.817820702785,28.226334526049463,66.2980068791222
12390.696469483442,28.2243844200451,66.29622326940823
12391.575118264102,28.22243026907368,66.2944381006795
12392.45376704476,28.220471889412078,66.29265147872106
12393.332415825418,28.218509097337176,66.29086350931802
12394.21106460608,28.216541709125835,66.28907429825546
12395.089713386737,28.214569541054956,66.28728395131844
12395.968362167398,28.21259240940138,66.2854925742921
12396.847010948055,28.210610130442017,66.28370027296148
12397.725659728714,28.208622520453726,66.2819071531117
12398.604308509373,28.206629395713378,66.28011332052785
12399.48295729003,28.20463057249786,66.27831888099497
12400.361606070692,28.20262586708403,66.27652394029819
12401.24025485135,28.20061509574879,66.27472860422259
12402.118903632008,28.19859807476899,66.27293297855326
12402.997552412668,28.196574620421522,66.27113716907525
12403.876201193327,28.194544548983252,66.26934128157369
12404.754849973986,28.192507676731065,66.26754542183367
12405.633498754643,28.19046381994183,66.26574969564022
12406.512147535304,28.188412794892415,66.2639542087785
12407.390796315962,28.18635442865315,66.26215906703355
12408.269445096621,28.184288713304777,66.2603643761905
12409.14809387728,28.182215769772178,66.2585702420344
12410.02674265794,28.180135722401317,66.25677677035031
12410.905391438599,28.178048695538177,66.25498406692338
12411.784040219256,28.175954813528726,66.25319223753866
12412.662688999917,28.17385420071892,66.25140138798126
12413.541337780574,28.17174698145476,66.24961162403623
12414.419986561234,28.1696332800822,66.24782305148871
12415.298635341893,28.16751322094721,66.24603577612375
12416.177284122552,28.16538692839577,66.24424990372643
12417.055932903211,28.163254526773844,66.24246554008188
12417.934581683869,28.161116140427417,66.24068279097513
12418.81323046453,28.158971893702446,66.2389017621913
12419.691879245187,28.156821910944917,66.2371225595155
12420.570528025846,28.15466631650079,66.23534528873276
12421.449176806505,28.152505234716042,66.2335700556282
12422.327825587165,28.150338789936647,66.23179696598692
12423.206474367824,28.148167106508573,66.230026125594
12424.085123148481,28.145990308777797,66.22825764023449
12424.963771929142,28.143808521090282,66.22649161569352
12425.8424207098,28.14162186779201,66.22472815775618
12426.721069490459,28.139430473228952,66.2229673722075
12427.599718271118,28.137234461747067,66.22120936483265
12428.478367051777,28.135033957692343,66.21945424141664
12429.357015832436,28.132829085410744,66.21770210774461
12430.235664613094,28.13061996924825,66.21595306960162
12431.114313393755,28.12840673355082,66.21420723277276
12431.992962174412,28.126189502664438,66.21246470304315
12432.871610955071,28.123968400935066,66.21072558619782
12433.75025973573,28.121743552708683,66.2089899880219
12434.62890851639,28.119515082331258,66.20725801430046
12435.507557297049,28.117283114148762,66.2055297708186
12436.386206077706,28.11504777250718,66.2038053633614
12437.264854858367,28.112809181752453,66.20208489771392
12438.143503639025,28.11056746623059,66.2003684796613
12439.022152419684,28.108322750287538,66.19865621498856
12439.900801200343,28.106075158269274,66.19694820948087
12440.779449981,28.103824814521783,66.19524456892324
12441.658098761662,28.101571843391017,66.1935453991008
12442.536747542319,28.099316369222965,66.19185080579864
12443.41539632298,28.09705851636358,66.19016089480182
12444.294045103637,28.09479840915886,66.18847577189544
12445.172693884297,28.092536171954755,66.18679554286459
12446.051342664956,28.09027192909725,66.18512031349437
12446.929991445613,28.08800580493231,66.18345018956984
12447.808640226274,28.085737923805905,66.1817852768761
12448.687289006932,28.08346841006401,66.18012568119823
12449.565937787593,28.081197388052594,66.17847150832134
12450.44458656825,28.078924982117645,66.1768228640305
12451.32323534891,28.076651316605115,66.17517985411078
12452.201884129568,28.074376515860987,66.1735425843473
12453.080532910226,28.072100704231232,66.17191116052514
12453.959181690887,28.069824006061808,66.17028568842935
12454.837830471544,28.06754654569871,66.16866627384508
12455.716479252203,28.065268447487895,66.16705302255734
12456.595128032863,28.062989835775337,66.1654460403513
12457.473776813522,28.06071083490701,66.16384543301199
12458.352425594181,28.058431569228887,66.16225130632452
12459.231074374838,28.056152163086942,66.16066376607398
12460.1097231555,28.05387274082713,66.15908291804541
12460.988371936157,28.051593426795453,66.15750886802397
12461.867020716816,28.04931434533786,66.1559417217947
12462.745669497475,28.04703562080033,66.15438158514272
12463.624318278135,28.044757377528832,66.15282856385308
12464.502967058794,28.042479739869343,66.15128276371088
12465.381615839451,28.040202832167836,66.14974429050122
12466.260264620112,28.037926778770267,66.14821325000916
12467.13891340077,28.035651704022634,66.14668974801985
12468.017562181429,28.033377732270893,66.14517389031829
12468.896210962088,28.031104987861013,66.14366578268962
12469.774859742747,28.02883359513898,66.1421655309189
12470.653508523406,28.026563678450746,66.14067324079127
12471.532157304064,28.024295362142308,66.13918901809176
12472.410806084725,28.022028770559608,66.13771296860548
12473.289454865382,28.01976402804865,66.1362451981175
12474.168103646041,28.01750125895538,66.13478581241294
12475.0467524267,28.01524058762579,66.13333491727687
12475.92540120736,28.012982138405835,66.13189261849436
12476.804049988019,28.010726035641497,66.13045902185053
12477.682698768676,28.008472403678745,66.12903423313045
12478.561347549337,28.00622136686355,66.12761835811918
12479.439996329995,28.00397304954189,66.12621150260186
12480.318645110654,28.001727576059732,66.12481377236354
12481.197293891313,27.999485070763043,66.12342527318933
12482.075942671972,27.9972456579978,66.12204611086429
12482.954591452632,27.99500946210998,66.12067639117353
12483.833240233289,27.99277660744555,66.11931621990213
12484.71188901395,27.99054721835048,66.11796570283518
12485.590537794607,27.98832141917075,66.11662494575776
12486.469186575267,27.986099334252323,66.11529405445495
12487.347835355926,27.983881087941175,66.11397313471187
12488.226484136585,27.981666804583273,66.11266229231356
12489.105132917244,27.979456608524597,66.11136163304515
12489.983781697902,27.977250624111118,66.1100712626917
12490.862430478563,27.9750489756888,66.10879128703831
12491.74107925922,27.972851787603624,66.10752181187006
12492.61972803988,27.970659184201555,66.10626294297204
12493.498376820538,27.968471289828567,66.10501478612935
12494.377025601196,27.966288228830642,66.10377744712704
12495.255674381857,27.964110125553734,66.10255103175024
12496.134323162514,27.961937104343832,66.101335645784
12497.012971943175,27.959769289546895,66.10013139501345
12497.891620723833,27.957606805508902,66.09893838522363
12498.770269504492,27.955449776575826,66.09775672219965
12499.648918285151,27.95329832709363,66.09658651172661
12500.527567065808,27.9511525814083,66.09542785958959
12501.40621584647,27.949012663865794,66.09428087157366
12502.284864627127,27.946878698812096,66.09314565346392
12503.163513407786,27.944750810593167,66.09202231104544
12504.042162188445,27.942629123554983,66.09091095010334
12504.920810969104,27.94051376204352,66.08981167642267
12505.799459749764,27.938404850404744,66.08872459578856
12506.678108530421,27.93630251298464,66.08764981398606
12507.556757311082,27.93420687412916,66.08658743680027
12508.43540609174,27.932118027460366,66.08553757001629
12509.314054872399,27.93003592202911,66.08450031941918
12510.192703653058,27.92796046440159,66.08347579079404
12511.071352433717,27.925891561138283,66.08246408992598
12511.950001214376,27.92382911879966,66.08146532260004
12512.828649995034,27.921773043946196,66.08047959460134
12513.707298775695,27.919723243138357,66.07950701171497
12514.585947556352,27.917679622936618,66.078547679726
12515.464596337011,27.915642089901453,66.07760170441951
12516.34324511767,27.913610550593333,66.0766691915806
12517.22189389833,27.911584911572728,66.07575024699439
12518.100542678989,27.909565079400114,66.0748449764459
12518.979191459646,27.907550960635962,66.0739534857203
12519.857840240307,27.90554246184074,66.07307588060259
12520.736489020965,27.90353948957493,66.0722122668779
12521.615137801624,27.90154195039899,66.07136275033132
12522.493786582283,27.8995497508734,66.07052743674791
12523.372435362942,27.89756279755864,66.0697064319128
12524.251084143601,27.895580997015166,66.06889984161104
12525.129732924259,27.89360425580347,66.06810777162775
12526.00838170492,27.891632480484,66.06733032774798
12526.887030485577,27.88966557761725,66.06656761575685
12527.765679266236,27.887703453763674,66.06581974143944
12528.644328046896,27.885746015483758,66.0650868105808
12529.522976827555,27.88379316933797,66.0643689269336
12530.401625608214,27.88184482188678,66.0636661041257
12531.280274388871,27.879900879690663,66.06297823184228
12532.158923169532,27.877961249310083,66.06230519075632
12533.03757195019,27.87602583730553,66.06164686154085
12533.91622073085,27.87409455023746,66.0610031248689
12534.794869511508,27.872167294666344,66.06037386141347
12535.673518292168,27.870243977152665,66.05975895184758
12536.552167072827,27.868324504256893,66.05915827684424
12537.430815853484,27.866408782539498,66.05857171707652
12538.309464634145,27.864496718560943,66.05799915321735
12539.188113414803,27.86258821888172,66.05744046593983
12540.066762195462,27.860683190062282,66.05689553591694
12540.945410976121,27.858781538663116,66.05636424382169
12541.824059756778,27.856883171244682,66.05584647032713
12542.70270853744,27.85498799436746,66.05534209610624
12543.581357318097,27.853095914591922,66.05485100183206
12544.460006098758,27.85120683847853,66.05437306817764
12545.338654879415,27.849320672587773,66.05390817581592
12546.217303660074,27.847437323480108,66.05345620541999
12547.095952440734,27.845556697716013,66.05301703766283
12547.974601221391,27.843678701855968,66.05259055321748
12548.853250002052,27.84180324246043,66.05217663275695
12549.73189878271,27.839930226089884,66.05177515695425
12550.61054756337,27.83805955930479,66.05138600648242
12551.489196344028,27.83619114866563,66.05100906201443
12552.367845124687,27.834324900732877,66.05064420422336
12553.246493905346,27.832460722066994,66.0502913137822
12554.125142686004,27.830598519228467,66.04995027136395
12555.003791466665,27.828738198777753,66.04962095764165
12555.882440247322,27.826879667275335,66.04930325328833
12556.761089027981,27.82502283128168,66.04899703897696
12557.63973780864,27.82316759735726,66.04870219538063
12558.5183865893,27.821313872062547,66.0484186031723
12559.397035369959,27.81946156195801,66.04814614302502
12560.275684150616,27.817610573604142,66.04788469561178
12561.154332931277,27.81576081356138,66.04763414160563
12562.032981711935,27.813912188390226,66.04739436167957
12562.911630492594,27.81206460465114,66.0471652365066
12563.790279273253,27.810217968904595,66.04694664675978
12564.668928053912,27.808372187711065,66.04673847311209
12565.547576834571,27.806527167631014,66.04654059623657
12566.426225615229,27.80468281522493,66.04635289680624
12567.30487439589,27.802839037053264,66.04617525549412
12568.183523176547,27.800995739676512,66.04600755297321
12569.062171957206,27.799152829655124,66.04584966991654
12569.940820737866,27.797310213549594,66.04570148699713
12570.819469518525,27.795467797920377,66.04556288488799
12571.698118299184,27.793625489327948,66.04543374426214
12572.576767079841,27.79178319433279,66.0453139457926
12573.455415860502,27.789940819495353,66.04520337015241
12574.33406464116,27.78809827137614,66.04510189801456
12575.212713421819,27.786255456535592,66.04500941005206
12576.091362202478,27.784412281534205,66.04492578693797
12576.970010983137,27.782568652932436,66.04485090934529
12577.848659763797,27.780724477290764,66.04478465794699
12578.727308544454,27.77887966116967,66.04472691341616
12579.605957325115,27.7770341111296,66.04467755642578
12580.484606105772,27.77518773373105,66.04463646764889
12581.363254886432,27.773340435534482,66.04460352775847
12582.24190366709,27.771492123100376,66.04457861742758
12583.12055244775,27.769642702989195,66.04456161732921
12583.99920122841,27.767792081761417,66.0445524081364
12584.877850009067,27.765940165977515,66.04455087052213
12585.756498789728,27.76408686219795,66.04455688515948
12586.635147570385,27.762232076983214,66.04457033272142
12587.513796351044,27.760375716893755,66.04459109388101
12588.392445131703,27.758517688490063,66.0446190493112
12589.27109391236,27.75665789833261,66.04465407968507
12590.149742693022,27.754796252981855,66.04469606567561
12591.02839147368,27.75293265899828,66.04474488795586
12591.90704025434,27.751067022942355,66.04480042719881
12592.785689034998,27.749199251374556,66.04486256407749
12593.664337815657,27.747329250855355,66.04493117926494
12594.542986596316,27.74545692794521,66.04500615343413
12595.421635376973,27.743582189204616,66.04508736725815
12596.300284157634,27.741704941194026,66.04517470140993
12597.178932938292,27.73982509047392,66.04526803656256
12598.057581718953,27.737942543604767,66.04536725338902
12598.93623049961,27.736057207147045,66.04547223256235
12599.81487928027,27.734168987661228,66.04558285475554
12600.693528060929,27.732277791707777,66.04569900064165
12601.572176841586,27.73038352720281,66.04582055089365
12602.450825622247,27.728486135313442,66.04594738618461
12603.329474402904,27.72658559165096,66.0460793871875
12604.208123183564,27.724681873421012,66.04621643457537
12605.086771964223,27.722774957829238,66.04635840902124
12605.965420744882,27.720864822081296,66.0465051911981
12606.844069525541,27.718951443382828,66.046656661779
12607.722718306199,27.717034798939476,66.0468127014369
12608.60136708686,27.71511486595689,66.04697319084492
12609.480015867517,27.713191621640718,66.04713801067598
12610.358664648176,27.711265043196605,66.04730704160315
12611.237313428835,27.709335107830203,66.04748016429944
12612.115962209495,27.707401792747145,66.04765725943787
12612.994610990154,27.705465075153096,66.04783820769143
12613.873259770811,27.70352493225369,66.04802288973319
12614.751908551472,27.701581341254574,66.0482111862361
12615.63055733213,27.699634279361405,66.04840297787327
12616.509206112789,27.697683723779818,66.04859814531763
12617.387854893448,27.695729651715467,66.04879656924224
12618.266503674107,27.693772040373997,66.04899813032011
12619.145152454767,27.691810866961053,66.04920270922428
12620.023801235424,27.689846108682286,66.04941018662772
12620.902450016085,27.68787774274333,66.0496204432035
12621.781098796742,27.68590574634985,66.04983335962461
12622.659747577402,27.683930096707485,66.05004881656406
12623.53839635806,27.681950771021878,66.05026669469491
12624.41704513872,27.679967746498676,66.05048687469012
12625.29569391938,27.677981000343532,66.05070923722276
12626.174342700037,27.67599050976209,66.0509336629658
12627.052991480698,27.67399625195999,66.05116003259232
12627.931640261355,27.67199820414289,66.05138822677527
12628.810289042014,27.66999634351643,66.05161812618775
12629.688937822673,27.66799064728626,66.05184961150267
12630.567586603333,27.66598109265802,66.05208256339316
12631.446235383992,27.663967656837364,66.05231686253215
12632.32488416465,27.66195031702994,66.05255238959272
12633.20353294531,27.659929050441384,66.05278902524785
12634.082181725968,27.65790383427736,66.05302665017058
12634.960830506627,27.65587464574349,66.05326514503392
12635.839479287286,27.65384146204545,66.05350439051087
12636.718128067945,27.651804260388857,66.05374426727448
12637.596776848604,27.649763017979385,66.05398465599775
12638.475425629262,27.64771771202267,66.05422543735371
12639.354074409923,27.645668319724344,66.05446649201537
12640.23272319058,27.64361481829008,66.05470770065574
12641.11137197124,27.641557184925503,66.05494894394785
12641.990020751899,27.639495396836274,66.05519010256472
12642.868669532556,27.637429431228032,66.05543105717936
12643.747318313217,27.635359265306423,66.05567168846481
12644.625967093874,27.633284876277102,66.05591187709405
12645.504615874535,27.631206241345705,66.05615150374014
12646.383264655193,27.629123337717893,66.05639044907605
12647.261913435852,27.62703614259929,66.05662859377486
12648.140562216511,27.624944633195568,66.05686581850954
12649.019210997169,27.62284878671236,66.05710200395309
12649.89785977783,27.62074858035531,66.05733703077861
12650.776508558487,27.61864399133008,66.05757077965903
12651.655157339146,27.6165349968423,66.05780313126743
12652.533806119805,27.614421574097623,66.0580339662768
12653.412454900465,27.612303700301695,66.05826316536016
12654.291103681124,27.610181352660167,66.05849060919053
12655.169752461781,27.608054508378686,66.05871617844095
12656.048401242442,27.60592314466288,66.05893975378439
12656.9270500231,27.60378723871843,66.05916121589391
12657.805698803759,27.601646767750953,66.0593804454425
12658.684347584418,27.59950170896611,66.05959732310322
12659.562996365077,27.59735203956954,66.05981172954904
12660.441645145736,27.5951977367669,66.060023545453
12661.320293926394,27.59303877776383,66.06023265148815
12662.198942707055,27.59087513976597,66.06043892832746
12663.077591487712,27.588706799978983,66.06064225664396
12663.956240268371,27.5865337356085,66.06084251711066
12664.83488904903,27.58435592386018,66.06103959040061
12665.71353782969,27.58217334193966,66.0612333571868
12666.592186610349,27.579985967052597,66.06142369814226
12667.470835391006,27.577793776404633,66.06161049394
12668.349484171667,27.575596747201402,66.06179362525306
12669.228132952325,27.573394856648573,66.06197297275442
12670.106781732984,27.571188081951778,66.06214841711714
12670.985430513643,27.568976400316668,66.06231983901422
12671.864079294302,27.56675978894889,66.06248711911867
12672.742728074962,27.564538225054093,66.0626501381035
12673.621376855619,27.562311685837926,66.06280877664177
12674.50002563628,27.560080148506017,66.06296291540646
12675.378674416937,27.557843590264035,66.06311243507061
12676.257323197597,27.555601988317616,66.06325721630724
12677.135971978256,27.55335531987241,66.06339713978933
12678.014620758915,27.551103562134063,66.06353208618994
12678.893269539574,27.54884669230822,66.06366193618206
12679.771918320232,27.546584687600536,66.06378657043874
12680.650567100893,27.54431752521664,66.06390586963296
12681.52921588155,27.542045182362198,66.06401971443778
12682.40786466221,27.539767636242846,66.06412798552618
12683.286513442868,27.537484864064233,66.06423056357121
12684.165162223528,27.535196843032008,66.06432732924586
12685.043811004187,27.53290355035181,66.06441816322318
12685.922459784844,27.530604963229305,66.06450294617615
12686.801108565505,27.52830105887011,66.06458155877782
12687.679757346163,27.525991814479898,66.06465388205932
12688.558406126822,27.5236772072643,66.06471985935863
12689.437054907481,27.52135721442897,66.06477956687134
12690.315703688138,27.51903181317956,66.06483309785243
12691.1943524688,27.516700980721698,66.0648805455569
12692.073001249457,27.514364694261054,66.06492200323979
12692.951650030118,27.51202293100325,66.06495756415605
12693.830298810775,27.50967566815396,66.0649873215607
12694.708947591434,27.507322882918814,66.0650113687087
12695.587596372094,27.504964552503456,66.06502979885512
12696.466245152751,27.502600654113547,66.06504270525488
12697.344893933412,27.500231164954712,66.06505018116304
12698.22354271407,27.49785606223262,66.06505231983456
12699.10219149473,27.495475323152903,66.06504921452445
12699.980840275388,27.493088924921224,66.06504095848773
12700.859489056047,27.490696844743216,66.06502764497935
12701.738137836706,27.48829905982452,66.06500936725436
12702.616786617364,27.485895547370802,66.0649862185677
12703.495435398025,27.483486284587684,66.06495829217444
12704.374084178682,27.48107124868084,66.0649256813295
12705.252732959341,27.478650416855906,66.06488847928794
12706.13138174,27.47622376631852,66.06484677930473
12707.01003052066,27.473791274274333,66.06480067463487
12707.888679301319,27.471352917928996,66.06475025853334
12708.767328081976,27.46890867448816,66.06469562425518
12709.645976862637,27.466458521157453,66.06463686505535
12710.524625643295,27.464002435142547,66.06457407418888
12711.403274423954,27.46154039364907,66.06450734491074
12712.281923204613,27.459072373882673,66.06443677047592
12713.160571985272,27.456598353049007,66.06436244413948
12714.039220765932,27.454118308353713,66.06428445915634
12714.917869546589,27.451632217002448,66.06420290878155
12715.79651832725,27.449140056200843,66.06411788627008
12716.675167107907,27.446641803154563,66.06402948487695
12717.553815888567,27.44413743506924,66.06393779785714
12718.432464669226,27.441626929150523,66.06384291846565
12719.311113449885,27.439110262604068,66.06374493995747
12720.189762230544,27.436587412635507,66.06364395558764
12721.068411011202,27.43405835645051,66.0635400586111
12721.947059791863,27.43152307125469,66.06343334228289
12722.82570857252,27.428981534253726,66.06332389985799
12723.70435735318,27.426433723298423,66.0632118245914
12724.583006133838,27.423879680642642,66.06309720973812
12725.461654914498,27.421319566872608,66.06298014855314
12726.340303695157,27.418753555273486,66.06286073429146
12727.218952475814,27.41618181913043,66.0627390602081
12728.097601256475,27.413604531728577,66.06261521955803
12728.976250037133,27.411021866353103,66.06248930559626
12729.854898817792,27.408433996289148,66.0623614115778
12730.733547598451,27.405841094821874,66.06223163075761
12731.61219637911,27.40324333523643,66.06210005639073
12732.49084515977,27.40064089081797,66.06196678173212
12733.369493940427,27.398033934851657,66.06183190003682
12734.248142721088,27.39542264062263,66.0616955045598
12735.126791501745,27.392807181416064,66.06155768855605
12736.005440282404,27.3901877305171,66.06141854528059
12736.884089063064,27.387564461210886,66.06127816798842
12737.762737843723,27.38493754678259,66.0611366499345
12738.641386624382,27.382307160517357,66.06099408437389
12739.52003540504,27.379673475700354,66.06085056456152
12740.3986841857,27.37703666561671,66.06070618375244
12741.277332966358,27.374396903551613,66.06056103520163
12742.155981747017,27.371754362790192,66.06041521216406
12743.034630527676,27.369109216617613,66.06026880789479
12743.913279308334,27.366461638319027,66.06012191564875
12744.791928088995,27.363811801179573,66.05997462868099
12745.670576869652,27.36115987848444,66.05982704024647
12746.549225650313,27.358506043518748,66.05967924360024
12747.42787443097,27.355850469567677,66.05953133199723
12748.30652321163,27.353193329916365,66.05938339869249
12749.185171992289,27.35053479784997,66.05923553694099
12750.063820772946,27.34787504665366,66.05908783999776
12750.942469553607,27.34521424961256,66.05894040111774
12751.821118334265,27.342552580011855,66.05879331355598
12752.699767114924,27.339890211136677,66.05864667056746
12753.578415895583,27.337227316272195,66.05850056540717
12754.457064676242,27.334564068703553,66.05835509133013
12755.335713456901,27.33190064171591,66.05821034159132
12756.214362237559,27.329237208594428,66.05806640944573
12757.09301101822,27.326573942624243,66.0579233881484
12757.971659798877,27.32391101709053,66.05778137095427
12758.850308579536,27.321248605278427,66.05764045111836
12759.728957360196,27.318586880473095,66.0575007218957
12760.607606140855,27.315926015959686,66.05736227654124
12761.486254921514,27.31326618502336,66.05722520831002
12762.364903702171,27.31060756094927,66.057089610457
12763.243552482832,27.307950317022556,66.05695557623721
12764.12220126349,27.305294626528397,66.05682319890562
12765.000850044149,27.30264066275193,66.05669257171726
12765.879498824808,27.29998859897831,66.05656378792709
12766.758147605467,27.297338608492694,66.05643694079012
12767.636796386127,27.294690864580243,66.05631212356137
12768.515445166784,27.292045540526114,66.05618942949583
12769.394093947445,27.289402809615435,66.05606895184846
12770.272742728102,27.28676284513339,66.05595078387432
12771.151391508762,27.284125820365116,66.05583501882836
12772.03004028942,27.281491908595775,66.05572174996561
12772.90868907008,27.278861283110516,66.05561107054103
12773.78733785074,27.2762341171945,66.05550307380965
12774.665986631397,27.273610584132886,66.05539785302646
12775.544635412058,27.27099085721081,66.05529550144644
12776.423284192715,27.26837510971344,66.05519611232462
12777.301932973374,27.265763514925922,66.05509977891597
12778.180581754033,27.26315624613342,66.05500659447553
12779.059230534693,27.26055347662108,66.05491665225823
12779.937879315352,27.257955379674065,66.05483004551913
12780.81652809601,27.255362128577524,66.05474686751317
12781.69517687667,27.252773896616603,66.05466721149541
12782.573825657328,27.250190857076475,66.0545911707208
12783.452474437987,27.24761318324228,66.05451883844438
12784.331123218646,27.245041048399173,66.05445030792109
12785.209771999305,27.242474625832315,66.054385672406
12786.088420779965,27.239914088826858,66.05432502515404
12786.967069560622,27.237359610667962,66.05426845942026
12787.845718341283,27.234811364640763,66.05421606845961
12788.72436712194,27.232269524030432,66.05416794552713
12789.6030159026,27.22973426212212,66.0541241838778
12790.481664683259,27.227205752200977,66.05408487676662
12791.360313463916,27.224684167552162,66.05405011744858
12792.238962244577,27.222169681460823,66.05401999917869
12793.117611025235,27.219662467212125,66.05399461521196
12793.996259805896,27.21716269809121,66.05397405880335
12794.874908586553,27.214670547383246,66.05395842320789
12795.753557367212,27.212186188373373,66.05394780168055
12796.632206147871,27.209709794346754,66.05394228747635
12797.510854928529,27.207241538588548,66.05394197385029
12798.38950370919,27.204781594383892,66.05394695405735
12799.268152489847,27.202330135017956,66.05395732135256
12800.146801270508,27.199887333775884,66.05397316899088
12801.025450051166,27.19745336394284,66.05399459022732
12801.904098831825,27.195028398803977,66.0540216783169
12802.782747612484,27.19261261164444,66.05405452651458
12803.661396393141,27.1902061757494,66.05409322807536
12804.540045173802,27.187809264403985,66.05413787625429
12805.41869395446,27.18542205089338,66.05418856430632
12806.297342735119,27.183044708502717,66.05424538548645
12807.175991515778,27.180677410517156,66.05430843304971
12808.054640296437,27.178320330221858,66.05437780025107
12808.933289077097,27.17597364090197,66.05445358034552
12809.811937857754,27.173637515842653,66.0545358665881
12810.690586638415,27.171312086600352,66.05462475223376
12811.569235419072,27.16899731781676,66.05472033053752
12812.447884199732,27.166693132404845,66.05482269475438
12813.32653298039,27.164399453277586,66.05493193813933
12814.20518176105,27.16211620334796,66.05504815394737
12815.08383054171,27.159843305528952,66.05517143543352
12815.962479322367,27.157580682733546,66.05530187585273
12816.841128103028,27.155328257874697,66.05543956846003
12817.719776883685,27.15308595386541,66.05558460651044
12818.598425664344,27.15085369361865,66.05573708325889
12819.477074445003,27.148631400047396,66.05589709196045
12820.355723225663,27.146418996064632,66.05606472587007
12821.234372006322,27.144216404583332,66.05624007824278
12822.11302078698,27.142023548516484,66.05642324233354
12822.99166956764,27.13984035077705,66.0566143113974
12823.870318348298,27.137666734278024,66.05681337868931
12824.748967128957,27.135502621932382,66.0570205374643
12825.627615909616,27.133347936653095,66.05723588097733
12826.506264690275,27.13120260135315,66.05745950248345
12827.384913470934,27.12906653894552,66.0576914952376
12828.263562251592,27.12693967234319,66.05793195249484
12829.142211032253,27.124821924459134,66.05818096751011
12830.02085981291,27.122713218206332,66.05843863353846
12830.89950859357,27.120613476497763,66.05870504383482
12831.778157374229,27.118522622246406,66.05898029165427
12832.656806154888,27.11644057836524,66.05926447025175
12833.535454935547,27.114367267767236,66.05955767288228
12834.414103716204,27.112302613365394,66.05985999280084
12835.292752496865,27.110246538072662,66.06017152326244
12836.171401277523,27.10819896480205,66.0604923575221
12837.050050058182,27.106159816466512,66.06082258883477
12837.928698838841,27.104129015979044,66.0611623104555
12838.807347619499,27.102106486252616,66.06151161563925
12839.68599640016,27.1000921502002,66.06187059764102
12840.564645180817,27.098085930734793,66.06223934971582
12841.443293961478,27.096087750769357,66.06261796511866
12842.321942742135,27.094097533216885,66.06300653710453
12843.200591522795,27.092115200990346,66.06340515892842
12844.079240303454,27.09014067700272,66.0638139238453
12844.957889084111,27.08817388416699,66.06423292511023
12845.836537864772,27.086214745396124,66.06466225597158
12846.71518664543,27.08426318360312,66.06510196102275
12847.59383542609,27.082319121700934,66.0655519192884
12848.472484206748,27.08038248260257,66.066011974607
12849.351132987407,27.07845318922098,66.06648197081701
12850.229781768066,27.076531164469163,66.06696175175688
12851.108430548724,27.07461633126009,66.06745116126508
12851.987079329385,27.072708612506734,66.06795004318005
12852.865728110042,27.070807931122086,66.06845824134027
12853.744376890701,27.068914210019116,66.06897559958418
12854.62302567136,27.067027372110807,66.06950196175023
12855.50167445202,27.065147340310133,66.0700371716769
12856.380323232679,27.06327403753008,66.0705810732026
12857.258972013336,27.061407386683623,66.07113351016585
12858.137620793997,27.059547310683737,66.07169432640507
12859.016269574655,27.057693732443408,66.07226336575873
12859.894918355314,27.05584657487561,66.07284047206527
12860.773567135973,27.054005760893318,66.07342548916316
12861.652215916632,27.052171213409522,66.07401826089085
12862.530864697292,27.050342855337192,66.07461863108679
12863.409513477949,27.048520609589318,66.07522644358947
12864.28816225861,27.046704399078852,66.07584154223731
12865.166811039267,27.044894146718807,66.0764637708688
12866.045459819927,27.04308977542214,66.07709297332237
12866.924108600586,27.041291208101832,66.07772899343647
12867.802757381245,27.03949836767087,66.07837167504958
12868.681406161904,27.037711177042222,66.07902086200015
12869.560054942562,27.035929559128878,66.07967639812664
12870.438703723223,27.03415343684381,66.0803381272675
12871.31735250388,27.032382733099993,66.08100589326118
12872.19600128454,27.03061737081042,66.08167953994615
12873.074650065199,27.028857272888054,66.08235891116085
12873.953298845858,27.027102362245884,66.08304385074378
12874.831947626517,27.025352561796883,66.08373420253336
12875.710596407174,27.023607794454033,66.08442981036802
12876.589245187835,27.02186798313031,66.08513051808629
12877.467893968493,27.0201330507387,66.08583616952656
12878.346542749152,27.01840292019217,66.08654660852733
12879.225191529811,27.016677514403707,66.08726167892704
12880.10384031047,27.01495675628629,66.08798122456412
12880.98248909113,27.01324056875289,66.0887050892771
12881.861137871787,27.011528874716497,66.08943311690433
12882.739786652448,27.00982159709008,66.09016515128438
12883.618435433105,27.00811865878663,66.09090103625563
12884.497084213765,27.00641998271911,66.09164061565659
12885.375732994424,27.004725491800503,66.09238373332566
12886.254381775083,27.0030351089438,66.09313023310132
12887.133030555742,27.001348757061965,66.09387995882204
12888.0116793364,26.999666359067984,66.09463275432627
12888.89032811706,26.997987837874838,66.09538846345248
12889.768976897718,26.9963131163955,66.0961469300391
12890.647625678377,26.99464211754295,66.09690799792459
12891.526274459036,26.992974764230166,66.09767151094742
12892.404923239694,26.99131097937014,66.09843731294605
12893.283572020355,26.989650685875823,66.09920524775893
12894.162220801012,26.987993806660224,66.0999751592245
12895.040869581673,26.986340264636294,66.10074689118125
12895.91951836233,26.984689982717036,66.10152028746762
12896.79816714299,26.983042883815415,66.10229519192205
12897.676815923649,26.981398890844417,66.10307144838303
12898.555464704306,26.979757926717014,66.103848900689
12899.434113484967,26.978119914346184,66.10462739267841
12900.312762265625,26.976484776644917,66.10540676818974
12901.191411046284,26.97485243652618,66.10618687106141
12902.070059826943,26.973222816902954,66.10696754513191
12902.948708607602,26.97159584068822,66.10774863423967
12903.827357388262,26.969971432005522,66.10852998222317
12904.706006168919,26.968349538159593,66.10931143292085
12905.58465494958,26.966730127308903,66.1100928301712
12906.463303730237,26.965113168355373,66.11087401781263
12907.341952510897,26.96349863020092,66.11165483968362
12908.220601291556,26.96188648174744,66.11243513962263
12909.099250072215,26.96027669189686,66.11321476146811
12909.977898852874,26.958669229551084,66.11399354905853
12910.856547633532,26.95706406361203,66.11477134623235
12911.735196414193,26.95546116298161,66.11554799682797
12912.61384519485,26.953860496561735,66.11632334468392
12913.49249397551,26.952262033254314,66.1170972336386
12914.371142756168,26.950665741961263,66.11786950753051
12915.249791536828,26.949071591584502,66.11864001019809
12916.128440317487,26.94747955102593,66.1194085854798
12917.007089098144,26.945889589187466,66.1201750772141
12917.885737878805,26.94430167497102,66.12093932923942
12918.764386659463,26.942715777278515,66.12170118539426
12919.643035440122,26.941131865011844,66.12246048951704
12920.521684220781,26.939549907072937,66.12321708544623
12921.40033300144,26.9379698723637,66.1239708170203
12922.2789817821,26.936391729786045,66.12472152807769
12923.157630562757,26.93481544824189,66.12546906245686
12924.036279343418,26.93324099663313,66.12621326399623
12924.914928124075,26.931668343861702,66.12695397653435
12925.793576904734,26.9300974588295,66.12769104390959
12926.672225685394,26.92852831043845,66.12842430996045
12927.550874466053,26.92696086759045,66.1291536185254
12928.429523246712,26.925395099187423,66.12987881344283
12929.30817202737,26.92383097413128,66.13059973855127
12930.18682080803,26.92226846132393,66.13131623768912
12931.065469588688,26.92070752966729,66.1320281546949
12931.944118369347,26.919148148063268,66.132735333407
12932.822767150006,26.91759028541378,66.1334376176639
12933.701415930665,26.91603391062074,66.13413485130408
12934.580064711325,26.91447899258605,66.13482687816597
12935.458713491982,26.912925500211642,66.13551354208806
12936.337362272643,26.91137340239941,66.13619468690877
12937.2160110533,26.909822668051277,66.13687015646656
12938.09465983396,26.908273266069145,66.1375397945999
12938.973308614619,26.90672516535494,66.13820344514724
12939.851957395276,26.90517833481056,66.13886095194705
12940.730606175937,26.90363274333793,66.13951215883779
12941.609254956595,26.902088359838963,66.14015690965789
12942.487903737256,26.900545153215557,66.14079504824583
12943.366552517913,26.89900309236964,66.14142641844005
12944.245201298572,26.897462146203118,66.14205086407901
12945.123850079231,26.895922283617903,66.14266822900119
12946.002498859889,26.89438347351591,66.14327835704502
12946.88114764055,26.892845684799042,66.14388109204897
12947.759796421207,26.89130888636923,66.14447627785148
12948.638445201868,26.889773047128372,66.14506375829102
12949.517093982526,26.888238135978384,66.14564337720606
12950.395742763185,26.88670412182118,66.14621497843503
12951.274391543844,26.88517097355867,66.1467784058164
12952.153040324501,26.883638660092767,66.14733350318865
12953.031689105163,26.88210715032539,66.14788011439018
12953.91033788582,26.88057641315844,66.14841808325949
12954.78898666648,26.879046417493836,66.14894725363504
12955.667635447138,26.877517132233493,66.14946746935527
12956.546284227798,26.875988526279322,66.14997857425864
12957.424933008457,26.874460568533227,66.1504804121836
12958.303581789114,26.872933227897136,66.15097282696861
12959.182230569775,26.87140647327294,66.15145566245216
12960.060879350433,26.869880273562583,66.15192876247265
12960.939528131092,26.86835459766795,66.15239197086858
12961.818176911751,26.866829414490958,66.15284513147837
12962.69682569241,26.86530469293353,66.15328808814051
12963.57547447307,26.86378040189757,66.15372068469347
12964.454123253727,26.862256510284997,66.15414276497565
12965.332772034388,26.860732986997714,66.15455417282554
12966.211420815045,26.85920980093764,66.15495475208161
12967.090069595704,26.857686921006692,66.1553443465823
12967.968718376364,26.856164316106778,66.15572280016607
12968.847367157023,26.8546419551398,66.15608995667137
12969.726015937682,26.853119807007687,66.15644565993667
12970.60466471834,26.851597840612346,66.15678975380041
12971.483313499,26.850076024855685,66.15712208210105
12972.361962279658,26.848554328639622,66.15744248867708
12973.240611060317,26.847032720866064,66.1577508173669
12974.119259840976,26.84551117043693,66.15804691200904
12974.997908621635,26.84398964625413,66.15833061644187
12975.876557402295,26.84246811721957,66.15860177450392
12976.755206182952,26.840946552235177,66.1588602300336
12977.633854963613,26.839424920202845,66.15910582686939
12978.51250374427,26.8379031900245,66.15933840884975
12979.39115252493,26.83638133060206,66.1595578198131
12980.269801305589,26.834859310837416,66.15976390359796
12981.148450086248,26.833337099632498,66.15995650404273
12982.027098866907,26.83181466588921,66.1601354649859
12982.905747647565,26.83029197850948,66.1603006302659
12983.784396428226,26.82876900639519,66.16045184372122
12984.663045208883,26.82724571844828,66.1605889491903
12985.541693989542,26.825722083570657,66.16071179051157
12986.420342770201,26.824198070664224,66.16082021152354
12987.29899155086,26.822673648630904,66.16091405606463
12988.17764033152,26.8211487863726,66.1609931679733
12989.056289112177,26.819623452791234,66.16105739108804
12989.934937892838,26.818097616788712,66.16110656924724
12990.813586673496,26.81657124726695,66.16114054628942
12991.692235454155,26.815044313127856,66.161159166053
12992.570884234814,26.813516783273347,66.16116227237647
12993.449533015471,26.811988626605338,66.16114970909825
12994.328181796132,26.810459812025726,66.16112132005682
12995.20683057679,26.808930308436448,66.16107694909064
12996.08547935745,26.807400084739392,66.16101644003814
12996.964128138108,26.80586910983649,66.16093963673781
12997.842776918767,26.80433735262965,66.16084638302809
12998.721425699427,26.80280478202077,66.16073652274744
12999.600074480084,26.801271366911784,66.16060989973431
13000.478723260745,26.799737076204586,66.16046635782715
13001.357372041402,26.798201878801105,66.16030574086444
13002.236020822062,26.79666574360324,66.16012789268461
13003.11466960272,26.795128639512907,66.15993265712616
13003.99331838338,26.79359053543202,66.1597198780275
13004.87196716404,26.792051400262498,66.15948941493369
13005.750615944697,26.790511202906245,66.15924121447439
13006.629264725358,26.788969912265166,66.15897525329001
13007.507913506015,26.787427497241193,66.15869150804878
13008.386562286674,26.785883926736226,66.15838995541904
13009.265211067333,26.78433916965218,66.15807057206908
13010.143859847993,26.78279319489097,66.15773333466717
13011.022508628652,26.781245971354505,66.15737821988165
13011.90115740931,26.779697467944697,66.1570052043808
13012.77980618997,26.77814765356346,66.15661426483291
13013.658454970628,26.776596497112713,66.15620537790628
13014.537103751287,26.77504396749435,66.15577852026922
13015.415752531946,26.773490033610305,66.15533366859
13016.294401312605,26.771934664362483,66.15487079953698
13017.173050093264,26.77037782865279,66.15438988977839
13018.051698873922,26.76881949538315,66.15389091598256
13018.930347654583,26.767259630540497,66.15337385481779
13019.80899643524,26.76569813713776,66.15283868295236
13020.6876452159,26.764134857395256,66.15228537705458
13021.566293996559,26.762569631054784,66.15171391379278
13022.444942777218,26.761002297858177,66.1511242698352
13023.323591557877,26.759432697547226,66.15051642185017
13024.202240338534,26.757860669863764,66.14989034650598
13025.080889119195,26.756286054549584,66.14924602047093
13025.959537899853,26.754708691346522,66.14858342041333
13026.838186680512,26.753128419996372,66.14790252300146
13027.716835461171,26.751545080240955,66.14720330490363
13028.59548424183,26.74995851182208,66.14648574278813
13029.47413302249,26.74836855448157,66.14574981332326
13030.352781803147,26.74677504796123,66.14499549317732
13031.231430583808,26.745177832002863,66.14422275901862
13032.110079364465,26.743576746348303,66.14343158751544
13032.988728145125,26.74197163073935,66.14262195533608
13033.867376925784,26.740362324917825,66.14179383914886
13034.746025706443,26.73874866862553,66.14094721562205
13035.624674487102,26.737130501604288,66.14008206142397
13036.50332326776,26.735507663595907,66.1391983532229
13037.38197204842,26.7338799943422,66.13829606768714
13038.260620829078,26.732247333584983,66.137375181485
13039.139269609737,26.730609521066064,66.13643567128476
13040.017918390397,26.72896639652726,66.13547751375474
13040.896567171054,26.727317799710388,66.13450068556324
13041.775215951715,26.725663570357245,66.13350516337853
13042.653864732372,26.724003548209666,66.13249092386893
13043.532513513033,26.722337573009444,66.13145794370276
13044.41116229369,26.720665484498408,66.13040619954825
13045.28981107435,26.718987122418362,66.12933566807375
13046.16845985501,26.71730232651112,66.12824632594757
13047.047108635667,26.715610936518505,66.12713814983796
13047.925757416328,26.713912792182306,66.12601111641327
13048.804406196985,26.712207733244366,66.12486520234177
13049.683054977646,26.710495599446467,66.12370038429174
13050.561703758303,26.708776230530457,66.12251663893151
13051.440352538963,26.707049466238118,66.12131394292936
13052.319001319622,26.70531514631128,66.1200922729536
13053.19765010028,26.70357311049175,66.11885160567253
13054.07629888094,26.70182319852134,66.11759191775442
13054.954947661598,26.70006525014187,66.11631318586761
13055.833596442257,26.698299105095145,66.1150153866804
13056.712245222916,26.69652460312298,66.11369849686102
13057.590894003575,26.694741583967193,66.11236249307782
13058.469542784234,26.69294988736959,66.11100735199913
13059.348191564892,26.69114935307199,66.10963305029318
13060.226840345553,26.689339820816198,66.10823956462832
13061.10548912621,26.687521130344038,66.10682687167281
13061.98413790687,26.685693121397318,66.10539494809495
13062.862786687529,26.683855633717844,66.1039437705631
13063.741435468188,26.682008507047442,66.10247331574547
13064.620084248847,26.680151581127916,66.10098356031041
13065.498733029504,26.678284695701088,66.09947448092623
13066.377381810165,26.676407690508746,66.09794605426119
13067.256030590823,26.674520405292743,66.0963982569836
13068.134679371482,26.67262267979486,66.09483106576178
13069.013328152141,26.67071435375692,66.09324445726399
13069.8919769328,26.668795266920736,66.09163840815856
13070.77062571346,26.666865259028125,66.09001289511377
13071.649274494117,26.664924169820896,66.08836789479794
13072.527923274778,26.66297183904086,66.08670338387934
13073.406572055435,26.661008106429836,66.08501933902629
13074.285220836095,26.659032811729627,66.08331573690707
13075.163869616754,26.65704579468206,66.08159255419
13076.042518397413,26.655046895028935,66.07984976754335
13076.921167178072,26.653035952512074,66.07808735363544
13077.79981595873,26.65101280687329,66.07630528913458
13078.67846473939,26.648977297854383,66.07450355070903
13079.557113520048,26.646929265197183,66.07268211502712
13080.435762300707,26.644868548643498,66.07084095875715
13081.314411081366,26.64279498793513,66.06898005856738
13082.193059862026,26.640708422813905,66.06709939112616
13083.071708642685,26.638608693021634,66.06519893310173
13083.950357423342,26.636495638300126,66.06327866116243
13084.829006204003,26.63436909839119,66.06133855197658
13085.70765498466,26.632228913036652,66.05937858221242
13086.58630376532,26.63007492197832,66.05739872853826
13087.464952545979,26.627906964957997,66.05539896762244
13088.343601326636,26.625724881717513,66.05337927613321
13089.222250107297,26.62352851199866,66.0513396307389
13090.100898887955,26.621317695543272,66.0492800081078
13090.979547668616,26.61909227209314,66.04720038490821
13091.858196449273,26.61685208139011,66.0451007378084
13092.736845229932,26.61459696317596,66.04298104347671
13093.615494010592,26.612326757192523,66.04084127858142
13094.494142791249,26.610041303181607,66.03868141979085
13095.37279157191,26.60774044088502,66.03650144377323
13096.251440352567,26.605424010044587,66.03430132719694
13097.130089133228,26.60309185040211,66.03208104673023
13098.008737913886,26.600743801699405,66.02984057904142
13098.887386694545,26.598379703678283,66.02757990079877
13099.766035475204,26.59599939608057,66.02529898867066
13100.644684255862,26.59360271864806,66.0229978193253
13101.523333036523,26.591189511122575,66.02067636943102
13102.40198181718,26.588759613245937,66.01833461565613
13103.28063059784,26.58631286475994,66.01597253466892
13104.159279378498,26.583849105406408,66.0135901031377
13105.037928159158,26.58136817492716,66.01118729773076
13105.916576939817,26.578869913063993,66.00876409511636
13106.795225720474,26.576354159558743,66.00632047196288
13107.673874501135,26.57382075415319,66.00385640493852
13108.552523281793,26.57126953658918,66.00137187071167
13109.431172062452,26.568700346608505,65.99886684595057
13110.309820843111,26.56611302395299,65.99634130732353
13111.18846962377,26.563507408364437,65.99379523149886
13112.06711840443,26.56088333958467,65.99122859514488
13112.945767185087,26.5582406573555,65.98864137492983
13113.824415965748,26.555579201418727,65.98603354752203
13114.703064746405,26.552898811516183,65.98340508958981
13115.581713527064,26.550199327389667,65.98075597780142
13116.460362307724,26.547480588781,65.97808618882522
13117.339011088383,26.54474243543199,65.97539569932944
13118.217659869042,26.541984707084453,65.97268448598241
13119.0963086497,26.539207243480202,65.96995252545246
13119.97495743036,26.536409884361046,65.96719982741381
13120.853606211018,26.533592469468807,65.96442660041173
13121.732254991677,26.530754838545292,65.96163312711388
13122.610903772336,26.527896831332306,65.95881969031383
13123.489552552996,26.525018287571676,65.9559865728052
13124.368201333655,26.52211904700521,65.95313405738155
13125.246850114312,26.519198949374722,65.95026242683647
13126.125498894973,26.516257834422014,65.94737196396353
13127.00414767563,26.51329554188892,65.94446295155633
13127.88279645629,26.510311911517235,65.94153567240846
13128.761445236949,26.507306783048776,65.93859040931348
13129.640094017608,26.50427999622536,65.93562744506498
13130.518742798267,26.501231390788796,65.93264706245657
13131.397391578925,26.498160806480914,65.92964954428182
13132.276040359586,26.49506808304349,65.92663517333426
13133.154689140243,26.49195306021838,65.92360423240757
13134.033337920902,26.488815577747367,65.92055700429529
13134.911986701562,26.48565547537227,65.91749377179096
13135.79063548222,26.48247259283491,65.91441481768824
13136.66928426288,26.47926676987709,65.91132042478067
13137.547933043537,26.47603784624064,65.90821087586184
13138.426581824198,26.47278566166735,65.90508645372533
13139.305230604856,26.469510055899047,65.90194744116474
13140.183879385515,26.466210868677546,65.89879412097363
13141.062528166174,26.46288794286432,65.8956267759456
13141.941176946832,26.459541368053642,65.89244568887425
13142.819825727493,26.45617165513105,65.88925114255314
13143.69847450815,26.45277935617768,65.88604341977585
13144.577123288811,26.449365023274623,65.88282280333597
13145.455772069468,26.445929208503028,65.87958957602709
13146.334420850128,26.442472463943997,65.8763440206428
13147.213069630787,26.43899534167865,65.87308641997666
13148.091718411444,26.43549839378811,65.86981705682227
13148.970367192105,26.431982172353482,65.86653621397322
13149.849015972763,26.428447229455905,65.86324417422311
13150.727664753422,26.424894117176482,65.85994122036547
13151.606313534081,26.42132338759634,65.85662763519392
13152.48496231474,26.41773559279659,65.85330370150203
13153.3636110954,26.414131284858357,65.8499697020834
13154.242259876057,26.410511015862763,65.84662591973162
13155.120908656718,26.406875337890913,65.84327263724023
13155.999557437375,26.403224803023942,65.83991013740288
13156.878206218034,26.399559963342952,65.8365387030131
13157.756854998694,26.39588137092907,65.83315861686451
13158.635503779353,26.39218957786342,65.82977016175064
13159.514152560012,26.38848513622711,65.82637362046513
13160.39280134067,26.384768598101275,65.82296927580154
13161.27145012133,26.381040515567005,65.81955741055346
13162.150098901988,26.37730144070545,65.81613830751448
13163.028747682647,26.373551925597702,65.81271224947817
13163.907396463306,26.369792522324897,65.80927951923812
13164.786045243965,26.36602378296815,65.8058403995879
13165.664694024625,26.362246259608572,65.8023951733211
13166.543342805282,26.358460504327297,65.79894412323135
13167.421991585943,26.354667069205426,65.79548753211215
13168.3006403666,26.350866506324092,65.79202568275716
13169.17928914726,26.347059367764402,65.78855885795993
13170.057937927919,26.34324620560748,65.78508734051402
13170.936586708578,26.339427571934444,65.78161141321307
13171.815235489237,26.335604018826412,65.77813135885063
13172.693884269895,26.331776098364507,65.77464746022028
13173.572533050556,26.32794436262984,65.7711600001156
13174.451181831213,26.324109363703535,65.7676692613302
13175.329830611872,26.32027165366671,65.76417552665767
13176.208479392531,26.31643178460048,65.76067907889154
13177.08712817319,26.312590308585968,65.75718020082543
13177.96577695385,26.308747777704287,65.75367917525296
13178.844425734507,26.304904744036566,65.75017628496764
13179.723074515168,26.30106175966391,65.74667181276308
13180.601723295826,26.29721937666745,65.7431660414329
13181.480372076485,26.29337814712829,65.73965925377064
13182.359020857144,26.289538623127562,65.73615173256992
13183.237669637803,26.285701356746387,65.73264376062428
13184.116318418462,26.281866900065864,65.72913562072735
13184.99496719912,26.278035805167136,65.72562759567269
13185.87361597978,26.274208624131298,65.72211996825388
13186.752264760438,26.270385909039494,65.71861302126452
13187.630913541097,26.266568211972817,65.71510703749817
13188.509562321757,26.262756085012402,65.71160229974844
13189.388211102414,26.25895008023937,65.7080990908089
13190.266859883075,26.255150749734813,65.70459769347313
13191.145508663732,26.251358645579888,65.70109839053474
13192.024157444393,26.24757431985568,65.69760146478725
13192.90280622505,26.243798324643336,65.69410719902433
13193.78145500571,26.24003121202395,65.6906158760395
13194.66010378637,26.236273534078652,65.68712777862636
13195.538752567027,26.23252584288857,65.68364318957853
13196.417401347688,26.228788690534795,65.68016239168955
13197.296050128345,26.225062629098478,65.67668566775302
13198.174698909006,26.22134821066071,65.67321330056251
13199.053347689663,26.217645987302635,65.66974557291162
13199.931996470323,26.21395651110535,65.66628276759393
13200.810645250982,26.21028033414998,65.66282516740301
13201.68929403164,26.20661800851766,65.65937305513248
13202.5679428123,26.202970086289476,65.6559267135759
13203.446591592958,26.199337119546577,65.65248642552683
13204.325240373617,26.195719660370067,65.6490524737789
13205.203889154276,26.192118260841063,65.64562514112566
13206.082537934935,26.18853347304069,65.64220471036073
13206.961186715595,26.18496584905006,65.63879146427765
13207.839835496252,26.181415940950306,65.63538568567003
13208.718484276913,26.17788430082252,65.63198765733144
13209.59713305757,26.174371480747848,65.62859766205548
13210.47578183823,26.170878032807394,65.62521598263571
13211.354430618889,26.16740450908228,65.62184290186575
13212.233079399548,26.163951461653625,65.61847870253915
13213.111728180207,26.160519442602542,65.61512366744952
13213.990376960865,26.157109004010167,65.61177807939042
13214.869025741526,26.153720697957592,65.60844222115546
13215.747674522183,26.15035507652596,65.6051163755382
13216.626323302842,26.14701269179637,65.60180082533222
13217.504972083501,26.14369409584996,65.59849585333114
13218.38362086416,26.140399840767827,65.59520174232853
13219.26226964482,26.137130478631107,65.59191877511793
13220.140918425477,26.133886561520914,65.58864723398247
13221.019567206138,26.130668641518355,65.58538731238845
13221.898215986796,26.12747727070457,65.58213901441704
13222.776864767455,26.12431300116066,65.57890231983173
13223.655513548114,26.121176384967754,65.57567720839593
13224.534162328773,26.11806797420696,65.5724636598731
13225.412811109432,26.1149883209594,65.56926165402666
13226.29145989009,26.111937977306212,65.56607117062009
13227.17010867075,26.108917495325457,65.56289218941683
13228.048757451408,26.10592726106073,65.55972469018032
13228.927406232067,26.102967048099842,65.55656865267399
13229.806055012727,26.10003648884619,65.55342405666131
13230.684703793386,26.09713521570317,65.55029088190571
13231.563352574045,26.09426286107418,65.54716910817065
13232.442001354702,26.09141905736263,65.54405871521956
13233.320650135363,26.088603436971898,65.5409596828159
13234.19929891602,26.0858156323054,65.5378719907231
13235.07794769668,26.08305527576653,65.53479561870463
13235.95659647734,26.08032199975868,65.5317305465239
13236.835245257998,26.077615436685257,65.5286767539444
13237.713894038658,26.074935218949655,65.52563422072953
13238.592542819315,26.07228097895528,65.52260292664275
13239.471191599976,26.069652349105514,65.51958285144754
13240.349840380633,26.067048961803778,65.51657397490732
13241.228489161293,26.064470449453452,65.51357627678551
13242.107137941952,26.061916444457943,65.5105897368456
13242.98578672261,26.059386579220654,65.507614334851
13243.86443550327,26.056880486144966,65.50465005056519
13244.743084283928,26.054397797634298,65.50169686375158
13245.621733064589,26.051938146092034,65.49875475417363
13246.500381845246,26.049501163921583,65.49582370159482
13247.379030625905,26.047086483526343,65.49290368577853
13248.257679406564,26.044693737309704,65.48999468648825
13249.136328187222,26.042322557675075,65.48709668348744
13250.014976967883,26.03997257702584,65.48420965653949
13250.89362574854,26.03764342776541,65.4813335854079
13251.7722745292,26.035334742297184,65.47846844985608
13252.650923309859,26.033046153024554,65.47561422964749
13253.529572090518,26.030777292350923,65.47277090454558
13254.408220871177,26.02852779267969,65.46993845431379
13255.286869651834,26.026297286414252,65.46711685871558
13256.165518432495,26.024085405958,65.46430609751434
13257.044167213153,26.02189178371435,65.4615061504736
13257.922815993812,26.019716052086686,65.45871699735676
13258.801464774471,26.01755784347841,65.45593861792725
13259.68011355513,26.015416790292925,65.45317099194854
13260.55876233579,26.013292524933625,65.45041409918407
13261.437411116447,26.011184679803915,65.44766791939729
13262.316059897108,26.00909288730718,65.44493243235165
13263.194708677765,26.007016779846833,65.44220761781057
13264.073357458425,26.004955989826264,65.43949345553752
13264.952006239084,26.002910149648876,65.43678992529593
13265.830655019743,26.000878891718067,65.43409700684927
13266.709303800402,25.998861848437237,65.43141467996098
13267.58795258106,25.996858652209784,65.4287429243945
13268.46660136172,25.9948689354391,65.42608171991324
13269.345250142378,25.99289233052859,65.4234310462807
13270.223898923037,25.990928469881656,65.4207908832603
13271.102547703696,25.988976985901687,65.41816121061548
13271.981196484356,25.987037510992085,65.41554200810971
13272.859845265015,25.985109677556256,65.41293325550642
13273.738494045672,25.983193117997597,65.41033493256906
13274.617142826333,25.98128746471949,65.40774701906103
13275.49579160699,25.97939235012535,65.40516949474586
13276.37444038765,25.977507406618574,65.40260233938696
13277.253089168309,25.97563226660256,65.40004553274774
13278.131737948968,25.973766562480705,65.39749905459169
13279.010386729627,25.971909926656405,65.39496288468226
13279.889035510285,25.970061991533065,65.39243700278284
13280.767684290946,25.968222389514075,65.38992138865693
13281.646333071603,25.96639075300284,65.38741602206797
13282.524981852262,25.96456671440276,65.38492088277937
13283.403630632922,25.96274990611723,65.38243595055461
13284.28227941358,25.96093996054965,65.37996120515714
13285.16092819424,25.959136510103413,65.37749662635038
13286.039576974897,25.957339187181926,65.37504219389778
13286.918225755559,25.955547624188583,65.3725978875628
13287.796874536216,25.953761453526788,65.37016368710887
13288.675523316875,25.951980307599932,65.36773957229946
13289.554172097534,25.950203818811417,65.36532552289798
13290.432820878192,25.948431619564648,65.36292151866792
13291.311469658853,25.946663342263005,65.36052753937267
13292.19011843951,25.944898619309907,65.35814356477573
13293.068767220171,25.94313708310874,65.3557695746405
13293.947416000829,25.941378366062914,65.35340554873048
13294.826064781488,25.939622100575818,65.35105146680907
13295.704713562147,25.937867919050852,65.34870730863973
13296.583362342804,25.936115453891418,65.3463730539859
13297.462011123465,25.93436433750091,65.34404868261103
13298.340659904123,25.93261420228273,65.34173417427857
13299.219308684784,25.930864680640276,65.33942950875198
13300.097957465441,25.929115404976947,65.33713466579468
13300.9766062461,25.927366007696143,65.33484962517011
13301.85525502676,25.92561612120126,65.33257436664174
13302.733903807417,25.923865377895698,65.330308869973
13303.612552588078,25.92211341018285,65.32805311492734
13304.491201368735,25.920359850466124,65.32580708126821
13305.369850149395,25.918604331148913,65.32357074875905
13306.248498930054,25.91684648463462,65.32134409716332
13307.127147710713,25.915085943326638,65.31912710624445
13308.005796491372,25.91332233962837,65.31691975576588
13308.88444527203,25.91155530594321,65.31472202549108
13309.76309405269,25.90978447467456,65.31253389518346
13310.641742833348,25.908009478225818,65.31035534460652
13311.520391614007,25.90622994900038,65.30818635352367
13312.399040394666,25.90444551940165,65.30602690169833
13313.277689175326,25.902655821833026,65.30387696889397
13314.156337955985,25.900860488697898,65.30173653487407
13315.034986736642,25.899059152399683,65.29960557940204
13315.913635517303,25.897251445341755,65.29748408224133
13316.79228429796,25.89543699992753,65.29537202315538
13317.67093307862,25.893615448560404,65.29326938190766
13318.549581859279,25.89178642364377,65.29117613826158
13319.428230639938,25.88994955758103,65.2890922719806
13320.306879420597,25.888104482775585,65.28701776282819
13321.185528201255,25.88625083163084,65.28495259056777
13322.064176981916,25.88438823655017,65.28289673496278
13322.942825762573,25.882516329936994,65.28085017577668
13323.821474543232,25.880634744194708,65.27881289277292
13324.700123323892,25.878743111726706,65.27678486571494
13325.57877210455,25.87684106493639,65.27476607436617
13326.45742088521,25.874928236227152,65.27275649849008
13327.336069665867,25.873004258002407,65.27075611785011
13328.214718446528,25.871068762665526,65.2687649122097
13329.093367227186,25.869121382619937,65.26678286133232
13329.972016007845,25.867161750269023,65.26480994498137
13330.850664788504,25.865189498016182,65.26284614292031
13331.729313569163,25.86320425826482,65.26089143491261
13332.607962349823,25.86120566341833,65.25894580072169
13333.48661113048,25.859193345880115,65.25700922011102
13334.365259911141,25.85716693805356,65.25508167284401
13335.243908691798,25.855126073029346,65.25316313868416
13336.122557472458,25.85307055183043,65.25125359739485
13337.001206253117,25.85100056171489,65.24935302873958
13337.879855033774,25.84891634404012,65.24746141248177
13338.758503814435,25.846818140163492,65.24557872838486
13339.637152595093,25.84470619144243,65.24370495621231
13340.515801375754,25.842580739234297,65.24184007572758
13341.394450156411,25.840442024896515,65.23998406669408
13342.27309893707,25.83829028978645,65.23813690887528
13343.15174771773,25.836125775261504,65.23629858203462
13344.030396498387,25.83394872267908,65.23446906593556
13344.909045279048,25.83175937339655,65.2326483403415
13345.787694059705,25.829557968771326,65.23083638501593
13346.666342840366,25.827344750160787,65.22903317972228
13347.544991621024,25.825119958922336,65.227238704224
13348.423640401683,25.822883836413357,65.22545293828453
13349.302289182342,25.82063662399124,65.22367586166732
13350.180937963,25.818378563013393,65.22190745413583
13351.05958674366,25.816109894837187,65.22014769545346
13351.938235524318,25.813830860820037,65.21839656538373
13352.816884304977,25.811541702319317,65.21665404369001
13353.695533085636,25.809242660692433,65.21492011013578
13354.574181866295,25.806933977296765,65.2131947444845
13355.452830646955,25.80461589348971,65.21147792649958
13356.331479427612,25.802288650628675,65.2097696359445
13357.210128208273,25.799952490071025,65.2080698389476
13358.08877698893,25.797607653174182,65.20637831411462
13358.96742576959,25.795254381295514,65.20469470369481
13359.846074550249,25.79289291579242,65.20301864686232
13360.724723330908,25.790523498022303,65.20134978279125
13361.603372111567,25.788146369342545,65.19968775065574
13362.482020892225,25.785761771110547,65.19803218962993
13363.360669672886,25.783369944683685,65.19638273888793
13364.239318453543,25.780971131419374,65.19473903760392
13365.117967234202,25.77856557267499,65.193100724952
13365.996616014862,25.776153509807926,65.19146744010627
13366.87526479552,25.77373518417559,65.18983882224093
13367.75391357618,25.771310837135353,65.18821451053006
13368.632562356837,25.768880710044627,65.18659414414782
13369.511211137498,25.766445044260784,65.18497736226833
13370.389859918156,25.76400408114124,65.18336380406573
13371.268508698815,25.76155806204337,65.18175310871415
13372.147157479474,25.75910722832457,65.18014491538771
13373.025806260133,25.75665182134224,65.17853886326054
13373.904455040793,25.75419208245376,65.17693459150681
13374.78310382145,25.751728253016534,65.17533173930062
13375.661752602111,25.749260574387943,65.17372994581608
13376.540401382768,25.7467892879254,65.17212885022737
13377.419050163428,25.74431463498627,65.17052809170859
13378.297698944087,25.741836856927964,65.1689273094339
13379.176347724746,25.739356195107874,65.16732614257741
13380.054996505405,25.73687289088338,65.16572423031326
13380.933645286063,25.734387185611894,65.16412121181557
13381.812294066724,25.731899320650783,65.1625167262585
13382.690942847381,25.729409537357466,65.16091041281614
13383.56959162804,25.726918077089316,65.15930191066268
13384.4482404087,25.724425181203735,65.15769085897217
13385.326889189359,25.721931091058114,65.15607689691882
13386.205537970018,25.71943604800984,65.15445966367675
13387.084186750675,25.71694029341632,65.15283879842005
13387.962835531336,25.714444068634922,65.15121394032288
13388.841484311994,25.71194761502306,65.14958472855938
13389.720133092653,25.709451173938124,65.14795080230365
13390.598781873312,25.706954986737497,65.14631180072988
13391.47743065397,25.704459294778584,65.14466736301213
13392.35607943463,25.701964339418755,65.14301712832457
13393.234728215288,25.69947036201543,65.14136073584136
13394.113376995949,25.69697760392598,65.13969782473656
13394.992025776606,25.694486306507812,65.13802803418436
13395.870674557265,25.691996711118314,65.1363510033589
13396.749323337925,25.689509059114872,65.13466637143426
13397.627972118582,25.687023591854892,65.13297377758462
13398.506620899243,25.684540550695747,65.13127286098408
13399.3852696799,25.682060176994852,65.12956326080679
13400.26391846056,25.67958271210958,65.12784461622687
13401.142567241219,25.677108397397333,65.12611656641846
13402.021216021878,25.674637474215505,65.12437875055569
13402.899864802537,25.67217018392148,65.12263080781268
13403.778513583195,25.66970676787267,65.12087237736361
13404.657162363856,25.66724746742643,65.11910309838254
13405.535811144513,25.664792523940196,65.11732261004367
13406.414459925172,25.662342178771336,65.11553055152109
13407.293108705831,25.65989667327724,65.11372656198894
13408.17175748649,25.65745624881532,65.11191028062134
13409.05040626715,25.655021146742943,65.11008134659247
13409.929055047807,25.652591608417527,65.10823939907641
13410.807703828468,25.650167875196438,65.10638407724731
13411.686352609126,25.64775018843709,65.10451502027932
13412.565001389785,25.64533878949687,65.10263186734653
13413.443650170444,25.64293391973316,65.10073425762312
13414.322298951103,25.640535820503366,65.09882183028319
13415.200947731762,25.638144733164875,65.09689422450089
13416.07959651242,25.63576089907509,65.09495107945034
13416.95824529308,25.633384559591377,65.09299203430568
13417.836894073738,25.63101595607115,65.09101672824103
13418.715542854397,25.6286553298718,65.08902480043054
13419.594191635057,25.62630292235071,65.08701589004833
13420.472840415716,25.623958974865285,65.08498963626853
13421.351489196375,25.621623728772907,65.08294567826529
13422.230137977032,25.61929742543097,65.08088365521272
13423.108786757693,25.61698030619687,65.07880320628496
13423.98743553835,25.614672612428002,65.07670397065614
13424.86608431901,25.61237458548175,65.07458558750041
13425.74473309967,25.61008646671551,65.07244769599188
13426.623381880328,25.607808497486676,65.07028993530469
13427.502030660988,25.60554091915264,65.06811194461297
13428.380679441645,25.603283973070802,65.06591336309086
13429.259328222306,25.601037900598538,65.06369382991247
13430.137977002963,25.598802943093254,65.06145298425199
13431.016625783623,25.59657934191234,65.05919046528345
13431.895274564282,25.59436733841318,65.05690591218108
13432.773923344941,25.59216717395317,65.05459896411897
13433.6525721256,25.589979089889713,65.05226926027125
13434.531220906258,25.587803327580193,65.04991643981207
13435.409869686919,25.585640128382,65.04754014191555
13436.288518467576,25.583489733652534,65.04514000575581
13437.167167248235,25.58135238474918,65.04271567050701
13438.045816028894,25.579228323029334,65.04026677534326
13438.924464809552,25.577117789850398,65.03779295943869
13439.803113590213,25.575021026569736,65.03529386196745
13440.68176237087,25.572938274544768,65.03276912210366
13441.560411151531,25.57086977513288,65.03021837902146
13442.439059932189,25.568815769691458,65.02764127189498
13443.317708712848,25.566776499577905,65.02503743989834
13444.196357493507,25.564752206149603,65.0224065222057
13445.075006274164,25.562743130763945,65.01974815799117
13445.953655054826,25.56074951477833,65.01706198642887
13446.832303835483,25.55877159955015,65.01434764669297
13447.710952616144,25.556809626436785,65.01160477795756
13448.589601396801,25.55486383679565,65.00883301939682
13449.46825017746,25.55293447198412,65.00603201018482
13450.34689895812,25.551021772312186,65.00320138949574
13451.225547738777,25.549125596740584,65.0003407965037
13452.104196519438,25.54724485735237,64.99744987038284
13452.982845300096,25.5453783217705,64.99452825030728
13453.861494080755,25.54352475761792,64.99157557545115
13454.740142861414,25.54168293251759,64.9885914849886
13455.618791642073,25.53985161409246,64.98557561809373
13456.497440422732,25.538029569965488,64.9825276139407
13457.37608920339,25.53621556775963,64.97944711170365
13458.25473798405,25.534408375097826,64.97633375055665
13459.133386764708,25.53260675960305,64.97318716967392
13460.012035545367,25.530809488898242,64.97000700822954
13460.890684326027,25.52901533060636,64.96679290539765
13461.769333106686,25.52722305235036,64.96354450035238
13462.647981887345,25.525431421753197,64.96026143226787
13463.526630668002,25.523639206437824,64.95694334031826
13464.405279448663,25.521845174027185,64.95358986367766
13465.28392822932,25.520048092144254,64.95020064152021
13466.16257700998,25.51824672841197,64.94677531302005
13467.04122579064,25.516439850453292,64.9433135173513
13467.919874571298,25.514626225891167,64.9398148936881
13468.798523351958,25.512804622348558,64.93627908120459
13469.677172132615,25.510973807448426,64.93270571907489
13470.555820913276,25.509132548813703,64.92909444647313
13471.434469693933,25.50727961406736,64.92544490257346
13472.313118474593,25.505413770832348,64.9217567590187
13473.191767255252,25.50353378673162,64.91803018383466
13474.070416035911,25.50163842938813,64.91426573263485
13474.94906481657,25.49972646642483,64.91046397132406
13475.827713597228,25.49779666546468,64.90662546580714
13476.706362377889,25.495847794130626,64.90275078198884
13477.585011158546,25.493878620045628,64.89884048577409
13478.463659939205,25.491887910832634,64.8948951430676
13479.342308719864,25.489874434114604,64.89091531977424
13480.220957500524,25.487836957514496,64.88690158179882
13481.099606281183,25.48577424865525,64.88285449504616
13481.97825506184,25.483685075159837,64.87877462542109
13482.856903842501,25.481568204651193,64.87466253882839
13483.735552623159,25.47942240475229,64.87051880117292
13484.614201403818,25.477246443086074,64.86634397835947
13485.492850184477,25.475039087275494,64.86213863629285
13486.371498965136,25.472799104943512,64.85790334087791
13487.250147745795,25.470525263713082,64.85363865801943
13488.128796526453,25.46821633120715,64.84934515362228
13489.007445307114,25.46587107504867,64.8450233935912
13489.886094087771,25.463488262860615,64.8406739438311
13490.76474286843,25.461066662265917,64.83629737024674
13491.64339164909,25.458605040887537,64.83189423874293
13492.522040429747,25.456102166348437,64.82746511522453
13493.400689210408,25.453556806271557,64.8230105655963
13494.279337991065,25.450967728279867,64.81853115576313
13495.157986771726,25.448333699996297,64.81402745162977
13496.036635552384,25.445653489043835,64.8095000191011
13496.915284333043,25.44292586304541,64.80494942408188
13497.793933113702,25.440149589623985,64.80037623247696
13498.67258189436,25.43732343640251,64.79578101019113
13499.55123067502,25.434446171003934,64.79116432312925
13500.429879455678,25.431516561051232,64.78652673719613
13501.308528236337,25.428533374167337,64.78186881829653
13502.187177016996,25.42549537797521,64.77719113233535
13503.065825797656,25.422401340097803,64.77249424521733
13503.944474578315,25.41925002815808,64.76777872284737
13504.823123358972,25.416040209778988,64.76304513113021
13505.701772139633,25.41277065258347,64.7582940359707
13506.58042092029,25.4094401241945,64.75352600327369
13507.45906970095,25.40604739223502,64.74874159894394
13508.337718481609,25.402591224327985,64.74394138888631
13509.216367262268,25.39907038809635,64.73912593900559
13510.095016042927,25.395483651163076,64.73429581520661
13510.973664823585,25.391829781151113,64.72945158339421
13511.852313604246,25.3881075456834,64.72459380947315
13512.730962384903,25.384315712382918,64.7197230593483
13513.609611165562,25.3804530488726,64.71483989892447
13514.488259946222,25.37651832277541,64.70994489410644
13515.36690872688,25.372510301714296,64.70503861079906
13516.24555750754,25.368427753312222,64.70012161490716
13517.124206288197,25.36426944519214,64.69519447233556
13518.002855068858,25.360034144976982,64.69025774898901
13518.881503849516,25.355720620289734,64.6853120107724
13519.760152630175,25.351327638753332,64.68035782359053
13520.638801410834,25.346853967990736,64.67539575334821
13521.517450191493,25.342298375624896,64.67042636595025
13522.396098972153,25.337659629278765,64.66545022730148
13523.27474775281,25.332936496575314,64.66046790330672
13524.153396533471,25.32812774513746,64.65547995987076
13525.032045314128,25.323232142588207,64.65048696289847
13525.910694094788,25.318248456550464,64.64548947829464
13526.789342875447,25.313175454647208,64.64048807196406
13527.667991656106,25.30801190450139,64.63548330981156
13528.546640436765,25.302756573735962,64.63047575774199
13529.425289217423,25.297408230416718,64.62546598166017
13530.303937998084,25.29196669051451,64.62045454747086
13531.182586778741,25.286435061637867,64.61544202107893
13532.0612355594,25.280817096027803,64.61042896838919
13532.93988434006,25.275116545925354,64.60541595530643
13533.818533120719,25.269337163571546,64.60040354773548
13534.697181901378,25.26348270120742,64.59539231158118
13535.575830682035,25.257556911074005,64.59038281274835
13536.454479462696,25.251563545412303,64.58537561714175
13537.333128243354,25.2455063564634,64.58037129066625
13538.211777024013,25.239389096468287,64.57537039922667
13539.090425804672,25.233215517668,64.57037350872778
13539.96907458533,25.22698937230359,64.56538118507447
13540.84772336599,25.220714412616047,64.56039399417149
13541.726372146648,25.21439439084645,64.55541250192368
13542.605020927309,25.208033059235785,64.55043727423589
13543.483669707966,25.20163417002513,64.54546887701291
13544.362318488626,25.195201475455477,64.54050787615952
13545.240967269285,25.188738727767877,64.5355548375806
13546.119616049942,25.182249679203366,64.53061032718095
13546.998264830603,25.175738082002937,64.52567491086536
13547.87691361126,25.169207688407674,64.52074915453869
13548.755562391922,25.16266225065856,64.51583362410571
13549.634211172579,25.156105520996675,64.51092888547129
13550.512859953238,25.149541251663006,64.50603550454022
13551.391508733897,25.142973194898598,64.50115404721733
13552.270157514555,25.136405102944508,64.4962850794074
13553.148806295216,25.12984072804171,64.49142916701527
13554.027455075873,25.123283822431297,64.48658687594579
13554.906103856532,25.11673813835426,64.48175877210373
13555.784752637192,25.110207428051645,64.47694542139392
13556.66340141785,25.103695443764476,64.4721473897212
13557.54205019851,25.09720593773379,64.46736524299037
13558.420698979167,25.090742662200626,64.46259954710627
13559.299347759828,25.08430936940598,64.45785086797366
13560.177996540486,25.077909811590935,64.45311977149743
13561.056645321145,25.071547740996483,64.44840682358235
13561.935294101804,25.06522690986366,64.44371259013325
13562.813942882463,25.058951070433512,64.43903763705494
13563.692591663123,25.052723974947057,64.43438253025225
13564.57124044378,25.046549375645345,64.42974783563001
13565.449889224441,25.040431024769365,64.42513411909299
13566.328538005098,25.034372674560203,64.42054194654608
13567.207186785758,25.028378077258846,64.41597188389402
13568.085835566417,25.022450985106342,64.41142449704168
13568.964484347076,25.016595150343726,64.40690035189387
13569.843133127735,25.01081432521202,64.40240001435538
13570.721781908393,25.005112261952274,64.39792405033108
13571.600430689054,24.99949271280548,64.39347302572571
13572.479079469711,24.993959430012715,64.38904750644417
13573.35772825037,24.988515491105865,64.38464805839124
13574.23637703103,24.983160798778066,64.38027524747172
13575.115025811689,24.97789432274333,64.37592963959044
13575.993674592348,24.97271503258979,64.37161180065225
13576.872323373005,24.967621897905577,64.36732229656192
13577.750972153666,24.96261388827878,64.3630616932243
13578.629620934324,24.957689973297576,64.3588305565442
13579.508269714983,24.952849122550056,64.35462945242642
13580.386918495642,24.948090305624355,64.35045888245436
13581.265567276301,24.94341249210859,64.34631880081999
13582.14421605696,24.938814651590896,64.34220888505574
13583.022864837618,24.9342957536594,64.33812881055803
13583.901513618279,24.929854767902206,64.33407825272326
13584.780162398936,24.92549066390747,64.33005688694786
13585.658811179595,24.921202411263295,64.32606438862823
13586.537459960255,24.916988979557814,64.32210043316076
13587.416108740912,24.91284933837916,64.31816469594189
13588.294757521573,24.908782457315432,64.31425685236802
13589.17340630223,24.90478730595478,64.31037657783557
13590.052055082891,24.900862853885315,64.30652354774092
13590.930703863549,24.897008070695176,64.30269743748053
13591.809352644208,24.89322192597248,64.29889792245078
13592.688001424867,24.889503389305347,64.29512467804808
13593.566650205525,24.885851430281917,64.29137737966886
13594.445298986186,24.882265018490287,64.28765570270949
13595.323947766843,24.87874312351862,64.28395932256642
13596.202596547504,24.875284714955008,64.28028791463605
13597.081245328161,24.8718887623876,64.27664115431479
13597.95989410882,24.868554235404506,64.27301871699906
13598.83854288948,24.86528010359385,64.26942027808522
13599.717191670137,24.862065336543772,64.26584551296976
13600.595840450798,24.858908903842377,64.26229409704904
13601.474489231456,24.855809775077816,64.25876570571948
13602.353138012115,24.85276691983819,64.25526001437748
13603.231786792774,24.849779307711632,64.25177669841948
13604.110435573433,24.84684590828627,64.24831543324188
13604.989084354092,24.843965691150228,64.24487589424106
13605.86773313475,24.84113762589163,64.24145775681347
13606.74638191541,24.838360682098592,64.2380606963555
13607.625030696068,24.83563382935926,64.23468438826359
13608.503679476727,24.83295603726175,64.23132850793412
13609.382328257387,24.830326275394174,64.2279927307635
13610.260977038046,24.82774351334467,64.22467673214815
13611.139625818705,24.825206720701363,64.22138018748448
13612.018274599362,24.82271486705238,64.21810277216892
13612.896923380024,24.82026692198583,64.21484416159781
13613.77557216068,24.817861855089863,64.21160403116765
13614.65422094134,24.815498635952583,64.20838205627483
13615.532869722,24.81317623416212,64.2051779123157
13616.411518502659,24.810893619306608,64.20199127468675
13617.290167283318,24.808649760974166,64.19882181878435
13618.168816063975,24.80644362875292,64.19566922000492
13619.047464844636,24.804274192230988,64.19253315374485
13619.926113625294,24.80214042099651,64.18941329540058
13620.804762405953,24.800041284637594,64.1863093203685
13621.683411186612,24.797975752742374,64.18322090404503
13622.562059967271,24.79594279489898,64.18014772182659
13623.44070874793,24.79394138069553,64.17708944910954
13624.319357528588,24.791970479720153,64.17404576129037
13625.198006309249,24.790029061560965,64.17101633376545
13626.076655089906,24.7881160958061,64.16800084193119
13626.955303870565,24.786230552043683,64.164998961184
13627.833952651225,24.784371399861833,64.1620103669203
13628.712601431884,24.78253760884868,64.15903473453648
13629.591250212543,24.780728148592353,64.15607173942897
13630.4698989932,24.778941988680973,64.15312105699418
13631.348547773861,24.777178098702652,64.15018236262851
13632.227196554519,24.77543544824554,64.1472553317284
13633.105845335178,24.773713006897744,64.14433963969023
13633.984494115837,24.77200974424739,64.1414349619104
13634.863142896496,24.770324629882616,64.13854097378535
13635.741791677156,24.768656633391533,64.1356573507115
13636.620440457813,24.767004724362273,64.13278376808522
13637.499089238474,24.765367872382956,64.12991990130294
13638.377738019131,24.76374504704172,64.12706542576107
13639.25638679979,24.762135217926673,64.12422001685604
13640.13503558045,24.76053735462595,64.12138334998424
13641.013684361107,24.758950426727676,64.11855510054208
13641.892333141768,24.75737340381997,64.11573494392599
13642.770981922426,24.755805255490962,64.11292255553235
13643.649630703087,24.754244951328776,64.11011761075758
13644.528279483744,24.752691460921536,64.10731978499813
13645.406928264403,24.751143753857374,64.10452875365034
13646.285577045062,24.749600799724405,64.10174419211067
13647.16422582572,24.748061568110764,64.09896577577554
13648.04287460638,24.74652502860456,64.09619318004133
13648.921523387038,24.744990150793935,64.09342608030445
13649.800172167697,24.743455904267005,64.09066415196135
13650.678820948357,24.7419212586119,64.08790707040838
13651.557469729016,24.740385183416738,64.08515451104199
13652.436118509675,24.738846732679576,64.08240614925862
13653.314767290332,24.73730546899348,64.0796616604546
13654.193416070993,24.735761144513205,64.07692072002641
13655.07206485165,24.734213511715517,64.07418300337042
13655.95071363231,24.73266232307716,64.07144818588309
13656.82936241297,24.731107331074902,64.06871594296078
13657.708011193628,24.72954828818549,64.0659859499999
13658.586659974288,24.727984946885687,64.06325788239688
13659.465308754945,24.726417059652256,64.06053141554817
13660.343957535606,24.72484437896193,64.05780622485011
13661.222606316263,24.723266657291486,64.05508198569915
13662.101255096923,24.72168364711768,64.05235837349169
13662.979903877582,24.720095100917256,64.04963506362414
13663.858552658241,24.71850077116698,64.04691173149291
13664.7372014389,24.716900410343612,64.04418805249443
13665.615850219558,24.715293770923896,64.0414637020251
13666.494499000219,24.713680605384592,64.0387383554813
13667.373147780876,24.712060666202472,64.03601168825948
13668.251796561535,24.71043370585427,64.03328337575604
13669.130445342194,24.708799476816754,64.03055309336739
13670.009094122854,24.707157731566678,64.02782051648994
13670.887742903513,24.705508222580804,64.02508532052008
13671.76639168417,24.70385070233588,64.02234718085425
13672.645040464831,24.702184923308664,64.01960577288885
13673.523689245489,24.70051063797592,64.01686077202031
13674.402338026148,24.698827598814393,64.01411185364503
13675.280986806807,24.697135558300854,64.01135869315938
13676.159635587466,24.695434268912045,64.00860096595983
13677.038284368125,24.693723483124728,64.00583834744275
13677.916933148783,24.692002953415667,64.00307051300457
13678.795581929444,24.6902724322616,64.00029713804169
13679.674230710101,24.68853167213931,63.99751789795054
13680.55287949076,24.686780425525527,63.9947324681275
13681.43152827142,24.68501844489702,63.99194052396902
13682.310177052079,24.683245482730545,63.98914174087148
13683.188825832738,24.68146129150286,63.98633579423128
13684.067474613395,24.67966562369072,63.983522359444876
13684.946123394056,24.677858231770873,63.98070111190865
13685.824772174714,24.676038868220093,63.977871727019014
13686.703420955373,24.674207285515124,63.975033880172376
13687.582069736032,24.67236323613272,63.972187246765166
13688.46071851669,24.670506472549647,63.96933150219376
13689.33936729735,24.66863674724265,63.966466321854604
13690.218016078008,24.666753812688505,63.963591381144084
13691.09666485867,24.664857421363944,63.96070635545862
13691.975313639326,24.662947325745744,63.95781092019464
13692.853962419986,24.661023278310648,63.95490475074851
13693.732611200645,24.659085031535415,63.951987522516696
13694.611259981302,24.657132337896815,63.94905891089558
13695.489908761963,24.65516494987158,63.946118591281554
13696.36855754262,24.653182619936487,63.943166239071076
13697.247206323282,24.651185100568277,63.94020152966049
13698.12585510394,24.64917214424372,63.93722413844628
13699.004503884598,24.64714350343957,63.934233740824816
13699.883152665258,24.645098930632578,63.93123001219251
13700.761801445915,24.643038178299506,63.928212627945776
13701.640450226576,24.640960998917095,63.92518126348102
13702.519099007233,24.63886714496213,63.92213559419469
13703.397747787893,24.636756368911342,63.91907529548315
13704.276396568552,24.634628423241494,63.91600004274282
13705.155045349211,24.63248306042935,63.91290951137012
13706.03369412987,24.630320032951662,63.90980337676147
13706.912342910528,24.62813909328519,63.90668131431326
13707.790991691189,24.625939993906677,63.90354299942191
13708.669640471846,24.623722487292895,63.90038810748385
13709.548289252505,24.62148632592059,63.897216313895456
13710.426938033164,24.619231262266528,63.89402729405315
13711.305586813824,24.616957048807457,63.89082072335334
13712.184235594483,24.614663438020134,63.88759627719246
13713.06288437514,24.61235018238133,63.88435363096691
13713.941533155801,24.610017034367775,63.881092460073084
13714.820181936459,24.607663746456254,63.87781243990741
13715.698830717118,24.605290071123502,63.87451324586629
13716.577479497777,24.60289576084628,63.871194553346136
13717.456128278436,24.60048056810135,63.867856037743366
13718.334777059095,24.59804424536547,63.864497374454366
13719.213425839753,24.595586545115392,63.861118238875584
13720.092074620414,24.593107219827864,63.85771830640341
13720.970723401071,24.590606021979664,63.854297252434264
13721.84937218173,24.588082704047526,63.85085475236453
13722.72802096239,24.58553701850822,63.84739048159065
13723.606669743049,24.5829687178385,63.843904115509034
13724.485318523708,24.580377554515117,63.84039532951608
13725.363967304365,24.57776328101484,63.83686379900819
13726.242616085026,24.575125649814407,63.83330919938177
13727.121264865684,24.57246441339059,63.82973120603327
13727.999913646343,24.56977932422014,63.82612949435909
13728.878562427002,24.56707013477981,63.822503739755604
13729.757211207661,24.56433659754636,63.81885361761926
13730.63585998832,24.561578464996554,63.815178803346456
13731.514508768978,24.558795489607135,63.811478972333596
13732.393157549639,24.555987423854866,63.80775379997708
13733.271806330296,24.553154020216507,63.804002961673355
13734.150455110956,24.5502950311688,63.800226132818814
13735.029103891615,24.54741020918852,63.796422988809866
13735.907752672274,24.544499306752414,63.79259320504291
13736.786401452933,24.541562076337232,63.788736456914364
13737.66505023359,24.538598270419754,63.78485241982066
13738.543699014252,24.535607642334735,63.78094074793719
13739.422347794909,24.532589958534622,63.777000771012084
13740.300996575568,24.529544995714364,63.77303156547282
13741.179645356227,24.52647253084091,63.76903220102066
13742.058294136885,24.523372340881195,63.765001747356884
13742.936942917546,24.52024420280214,63.760939274182704
13743.815591698203,24.5170878935707,63.75684385119943
13744.694240478864,24.51390319015379,63.752714548108294
13745.572889259522,24.51068986951837,63.74855043461058
13746.45153804018,24.50744770863136,63.74435058040753
13747.33018682084,24.5041764844597,63.74011405520041
13748.208835601497,24.50087597397032,63.73583992869049
13749.087484382158,24.49754595413015,63.731527270578994
13749.966133162816,24.49418620190615,63.727175150567234
13750.844781943475,24.490796494265233,63.72278263835644
13751.723430724134,24.487376608174333,63.718348803647885
13752.602079504793,24.4839263206004,63.713872716142816
13753.480728285453,24.480445408510363,63.709353445542504
13754.35937706611,24.476933648871164,63.704790061548216
13755.238025846771,24.47339081864972,63.700181633861185
13756.116674627428,24.469816694812987,63.695527232182705
13756.995323408088,24.46621105432789,63.690825926214025
13757.873972188747,24.462573674161362,63.68607678565639
13758.752620969406,24.458904331280348,63.68127888021109
13759.631269750065,24.45520280265177,63.676431279579354
13760.509918530723,24.45146886524259,63.671533053462475
13761.388567311384,24.447702296019695,63.66658327156167
13762.267216092041,24.443902871950076,63.66158100357825
13763.1458648727,24.44007037000063,63.65652531921344
13764.02451365336,24.436204567138308,63.65141528816852
13764.903162434019,24.43230524033005,63.646249980144745
13765.781811214678,24.428372166542772,63.641028464843366
13766.660459995335,24.424405122743433,63.63574981196566
13767.539108775996,24.42040388589894,63.63041309121286
13768.417757556654,24.416368232976264,63.625017372286266
13769.296406337313,24.41229794094231,63.619561724887106
13770.175055117972,24.408192786764033,63.61404521871666
13771.053703898631,24.40405254740835,63.60846692347618
13771.93235267929,24.399876999842217,63.602825908866926
13772.811001459948,24.39566592103256,63.59712124459018
13773.689650240609,24.3914190879463,63.59135200034714
13774.568299021266,24.387136277550404,63.585517245839156
13775.446947801925,24.382817266811784,63.57961605076743
13776.325596582585,24.37846183269738,63.573647484833224
13777.204245363244,24.374069752174126,63.56761061773781
13778.082894143903,24.369640802208963,63.56150451918245
13778.96154292456,24.365174759768827,63.55532825886843
13779.840191705222,24.36067140182064,63.54908090649694
13780.718840485879,24.356130505331357,63.542761531769315
13781.597489266538,24.351551847267903,63.53636920438679
13782.476138047197,24.346935204597212,63.529902994050595
13783.354786827857,24.342280354286217,63.523361970462034
13784.233435608516,24.33758707330186,63.516745203322344
13785.112084389173,24.33285513861109,63.510051762332814
13785.990733169834,24.328084327180804,63.50328071719464
13786.869381950492,24.323274415977973,63.49643113760916
13787.74803073115,24.318425181969523,63.48950209327759
13788.62667951181,24.313536402122377,63.4824926539012
13789.505328292467,24.308607853403494,63.47540188918126
13790.383977073128,24.303639312779776,63.468228868819
13791.262625853786,24.298630557218193,63.46097266251573
13792.141274634447,24.293581363685647,63.45363233997265
13793.019923415104,24.28849150914911,63.44620697089108
13793.898572195763,24.283360770575495,63.438695624972254
13794.777220976423,24.278188924931733,63.431097371917424
13795.65586975708,24.272975749184788,63.423411281427875
13796.534518537741,24.267721020301547,63.41563642320482
13797.413167318398,24.262424515249002,63.407771866949595
13798.29181609906,24.25708601099403,63.39981668236337
13799.170464879717,24.251705284503622,63.39176993914749
13800.049113660376,24.246282112744677,63.38363070700317
13800.927762441035,24.240816272684143,63.37539805563167
13801.806411221693,24.23530754128896,63.367071054734296
13802.685060002354,24.229755695526038,63.35864877401222
13803.563708783011,24.22416051236236,63.3501302831668
13804.44235756367,24.218521768764813,63.341514651899224
13805.32100634433,24.212839241700358,63.332800949910784
13806.199655124989,24.207112708135924,63.32398824690274
13807.078303905648,24.201341945038447,63.31507561257635
13807.956952686305,24.195526729374873,63.3060621166329
13808.835601466966,24.189666838112107,63.296946828773585
13809.714250247624,24.183762048217122,63.28772881869974
13810.592899028283,24.177812136656833,63.27840715611257
13811.471547808942,24.171816880398175,63.26898091071336
13812.350196589601,24.165776056408085,63.25944915220337
13813.22884537026,24.159689441653505,63.249810950283866
13814.107494150918,24.153556813101375,63.24006537465612
13814.986142931579,24.1473779477186,63.230211495021315
13815.864791712236,24.141152622472156,63.220248381080836
13816.743440492897,24.13488061432894,63.21017510253582
13817.622089273555,24.128561734510722,63.19999072908763
13818.500738054212,24.122196534270604,63.18969433043749
13819.379386834873,24.11578627925816,63.17928497628661
13820.25803561553,24.109332264248856,63.168761736336336
13821.136684396191,24.10283578401805,63.15812368028784
13822.015333176849,24.096298133341225,63.14736987784247
13822.89398195751,24.089720606993733,63.13649939870141
13823.772630738167,24.083104499751048,63.12551131256599
13824.651279518825,24.076451106388557,63.11440468913745
13825.529928299486,24.069761721681644,63.10317859811698
13826.408577080143,24.06303764040579,63.09183210920596
13827.287225860804,24.056280157336342,63.080364292105536
13828.165874641461,24.04949056724878,63.068774216517056
13829.044523422122,24.042670164918462,63.05706095214172
13829.92317220278,24.035820245120863,63.04522356868084
13830.801820983437,24.028942102631365,63.03326113583567
13831.680469764098,24.02203703222536,63.02117272554662
13832.559118544756,24.015106328678318,63.00895872798985
13833.437767325417,24.008151286765592,62.996623070174486
13834.316416106074,24.001173201262667,62.98417026610701
13835.195064886735,23.994173366944896,62.971604829793655
13836.073713667392,23.987153078587745,62.958931275240886
13836.95236244805,23.980113630966617,62.94615411645499
13837.83101122871,23.97305631885688,62.93327786744229
13838.709660009368,23.96598243703402,62.92030704220923
13839.58830879003,23.958893280273394,62.907246154762056
13840.466957570687,23.95179014335047,62.89409971910723
13841.345606351348,23.944674321040605,62.880872249251006
13842.224255132005,23.93754710811928,62.867568259199835
13843.102903912662,23.930409799361883,62.85419226296002
13843.981552693323,23.92326368954379,62.84074877453786
13844.86020147398,23.916110073440482,62.827242307939805
13845.738850254642,23.908950245827317,62.81367737717212
13846.6174990353,23.901785501479765,62.80005849624126
13847.496147815957,23.894617135173213,62.78639017915352
13848.374796596618,23.887446441683046,62.77267693991519
13849.253445377275,23.88027471578475,62.75892329253276
13850.132094157936,23.873103252253667,62.745133751012446
13851.010742938593,23.865933345865283,62.73131282936072
13851.889391719254,23.858766291394947,62.71746504158382
13852.768040499912,23.851603383618134,62.70359490168822
13853.64668928057,23.84444591731023,62.68970692368023
13854.52533806123,23.83729518724663,62.675805621566106
13855.403986841888,23.830152488202803,62.66189550935235
13856.282635622549,23.823019114954096,62.64798110104518
13857.161284403206,23.815896362276003,62.63406691065109
13858.039933183867,23.808785524943865,62.620157452176294
13858.918581964524,23.801687897733164,62.60625723962727
13859.797230745182,23.79460477541928,62.592370787010296
13860.675879525843,23.78753745277761,62.5785026083317
13861.5545283065,23.780487224583613,62.56465721759793
13862.433177087161,23.77345538561266,62.55083912881523
13863.311825867819,23.766443230640224,62.537052855990055
13864.19047464848,23.759452054441656,62.52330291312867
13865.069123429137,23.752483151792433,62.50959381423752
13865.947772209794,23.745537817467937,62.495930073322896
13866.826420990456,23.73861734624356,62.48231620439112
13867.705069771113,23.731723032894777,62.468756721448635
13868.583718551774,23.72485617219694,62.455256138501696
13869.462367332431,23.718018058925534,62.44181896955676
13870.341016113092,23.711209987855902,62.42844972862007
13871.21966489375,23.704433253763522,62.4151529296981
13872.098313674407,23.697689151423784,62.40193308679714
13872.976962455068,23.690978975612072,62.38879471392349
13873.855611235726,23.684304021103866,62.3757423250836
13874.734260016387,23.677665582674518,62.36278043428373
13875.612908797044,23.671064955099503,62.34991355553034
13876.491557577705,23.664503433154177,62.337146202829665
13877.370206358362,23.657982311614013,62.32448289018818
13878.24885513902,23.651502885254402,62.31192813161217
13879.12750391968,23.64506644885073,62.29948644110795
13880.006152700338,23.638674297178465,62.287162332681966
13880.884801481,23.63232772501297,62.27496032034047
13881.763450261657,23.62602802712972,62.262884918089924
13882.642099042318,23.61977636347199,62.25094063993658
13883.520747822975,23.61357293136699,62.23913199988687
13884.399396603632,23.607417509603092,62.22746351194713
13885.278045384293,23.601309875255822,62.21593969012364
13886.15669416495,23.595249805400748,62.204565048422864
13887.035342945612,23.589237077113356,62.19334410085106
13887.91399172627,23.583271467469242,62.18228136141465
13888.79264050693,23.577352753543884,62.17138134411992
13889.671289287588,23.57148071241286,62.160648306033174
13890.549938068245,23.56565512115169,62.1500829705385
13891.428586848906,23.55987575683587,62.13968349151295
13892.307235629563,23.554142396541,62.12944796488643
13893.185884410224,23.548454817342552,62.11937448658874
13894.064533190882,23.542812796316117,62.109461152549805
13894.94318197154,23.537216110537198,62.09970605869942
13895.8218307522,23.53166453708132,62.090107300967425
13896.700479532858,23.526157853024046,62.080662975283715
13897.579128313519,23.520695835440875,62.07137117757809
13898.457777094176,23.51527826140739,62.06223000378047
13899.336425874837,23.509904907999076,62.053237549820636
13900.215074655494,23.504575552291502,62.044391911628516
13901.093723436152,23.499289971360195,62.035691185133906
13901.972372216813,23.494047942280663,62.02713346626664
13902.85102099747,23.488849242128484,62.018716850956636
13903.729669778131,23.483693647979145,62.01043943513367
13904.608318558789,23.47858093690823,62.00229931472768
13905.48696733945,23.473510885991228,61.99429458566842
13906.365616120107,23.46848327230371,61.98642334388583
13907.244264900764,23.4634978729212,61.97868368530973
13908.122913681425,23.4585544649192,61.971073705869934
13909.001562462083,23.453652825373297,61.96359150149635
13909.880211242744,23.44879273135898,61.95623516811878
13910.758860023401,23.44397395995182,61.94900280166713
13911.637508804062,23.439196288227315,61.94189249807119
13912.51615758472,23.43445949326104,61.93490235326087
13913.394806365377,23.429763352128507,61.928030463165996
13914.273455146038,23.42510764190523,61.92127492371639
13915.152103926695,23.420492139666788,61.91463383084197
13916.030752707356,23.415916622488673,61.90810528047251
13916.909401488014,23.411380867446457,61.901687368537935
13917.788050268675,23.406884651615638,61.89537819096804
13918.666699049332,23.402427752071787,61.88917584369272
13919.54534782999,23.398009945890422,61.8830784226418
13920.42399661065,23.393631010147057,61.87708402374512
13921.302645391308,23.38929072191726,61.871190742932576
13922.181294171969,23.384988858276536,61.86539667613397
13923.059942952626,23.38072519630045,61.859699919279194
13923.938591733287,23.3764995130645,61.85409856829806
13924.817240513945,23.37231158564426,61.848590719120466
13925.695889294602,23.368161191115245,61.84317446767624
13926.574538075263,23.364048106552975,61.83784790989522
13927.45318685592,23.359972109033013,61.83260914170727
13928.331835636582,23.35593297563086,61.827456259042236
13929.210484417239,23.351930483422095,61.822387357829996
13930.0891331979,23.3479644094822,61.817400534000356
13930.967781978557,23.34403453088676,61.81249388348323
13931.846430759215,23.34014062471128,61.807665502208415
13932.725079539876,23.336282468031293,61.80291348610576
13933.603728320533,23.33245983792235,61.79823593110516
13934.482377101194,23.32867251145996,61.79363093313643
13935.361025881852,23.32492026571969,61.78909658812945
13936.239674662513,23.321202877777043,61.78463099201404
13937.11832344317,23.31752012470759,61.780232240720075
13937.996972223827,23.313871783586833,61.77589843017742
13938.875621004488,23.31025763149031,61.77162765631587
13939.754269785146,23.30667744549357,61.767418015065346
13940.632918565807,23.30313100267213,61.76326760235564
13941.511567346464,23.29961808010155,61.759174514116644
13942.390216127122,23.296138454857346,61.755136846278205
13943.268864907783,23.292691904015044,61.75115269477014
13944.14751368844,23.289278204650202,61.74722015552235
13945.026162469101,23.285897133838326,61.74333732446465
13945.904811249758,23.282548468654984,61.739502297526904
13946.78346003042,23.279231986175677,61.73571317063896
13947.662108811077,23.275947463475966,61.73196803973068
13948.540757591734,23.272694677631378,61.728265000731916
13949.419406372395,23.26947340571743,61.7246021495725
13950.298055153053,23.266283424809686,61.7209775821823
13951.176703933714,23.263124511983648,61.717389394491164
13952.055352714371,23.259996444314883,61.71383568242895
13952.934001495032,23.2568989988789,61.710314541925484
13953.81265027569,23.25383195275125,61.70682406891066
13954.691299056347,23.250795083007457,61.703362359314305
13955.569947837008,23.24778816672305,61.69992750906625
13956.448596617665,23.24481098097359,61.69651761409638
13957.327245398326,23.241863302834574,61.693130770334534
13958.205894178984,23.238944909381573,61.68976507371057
13959.084542959645,23.236055577690095,61.68641862015432
13959.963191740302,23.233195084835693,61.68308950559567
13960.84184052096,23.23036320789389,61.67977582596444
13961.72048930162,23.22755972394021,61.676475677190496
13962.599138082278,23.224784410050216,61.673187155203685
13963.477786862939,23.222037043299412,61.669908355933856
13964.356435643596,23.21931740076336,61.66663737531087
13965.235084424257,23.21662525951757,61.66337230926457
13966.113733204915,23.2139603966376,61.66011125372482
13966.992381985572,23.211322589198968,61.65685230462146
13967.871030766233,23.208711614277203,61.65359355788433
13968.74967954689,23.206127248947862,61.65033310944331
13969.628328327552,23.203569270286458,61.64706905522822
13970.506977108209,23.20103745536854,61.643799491168956
13971.38562588887,23.198531581269627,61.640522513195315
13972.264274669527,23.196051425065274,61.63723621723719
13973.142923450185,23.193596763831003,61.63393869922442
13974.021572230846,23.191167374642337,61.630628055086845
13974.900221011503,23.188763034574833,61.627302380754344
13975.778869792164,23.186383520704013,61.62395977215673
13976.657518572822,23.18402861010542,61.620598325223895
13977.536167353483,23.18169807985457,61.61721613588566
13978.41481613414,23.179391707027015,61.613811300071895
13979.293464914797,23.177109268698292,61.61038191371245
13980.172113695458,23.174850541943915,61.60692607273715
13981.050762476116,23.17261530383944,61.60344187307589
13981.929411256777,23.17040333146038,61.59992741065848
13982.808060037434,23.168214401633946,61.596380782759596
13983.686708818095,23.166048200766273,61.592800576275586
13984.565357598753,23.163904190751083,61.589186593817615
13985.44400637941,23.161781799229413,61.58553882347194
13986.322655160071,23.15968045384228,61.581857253324834
13987.201303940728,23.157599582230752,61.578141871462584
13988.07995272139,23.15553861203583,61.574392665971445
13988.958601502047,23.15349697089858,61.57060962493773
13989.837250282708,23.15147408646002,61.566792736447674
13990.715899063365,23.149469386361197,61.56294198858758
13991.594547844023,23.147482298243144,61.55905736944373
13992.473196624684,23.145512249746886,61.55513886710234
13993.351845405341,23.143558668513478,61.551186469649764
13994.230494186002,23.141620982183937,61.547200165172214
13995.10914296666,23.139698618399322,61.54317994175601
13995.987791747317,23.137791004800654,61.53912578748742
13996.866440527978,23.135897569028963,61.53503769045268
13997.745089308635,23.13401773872531,61.530915638738115
13998.623738089296,23.1321509415307,61.52675962042996
13999.502386869954,23.130296605086194,61.52256962361453
14000.381035650615,23.128454157032813,61.51834563637806
14001.259684431272,23.126623025011604,61.51408764680686
14002.13833321193,23.1248026366636,61.50979564298719
14003.01698199259,23.122992419629828,61.5054696130053
14003.895630773248,23.12119180155134,61.50110954494752
14004.774279553909,23.11940021006916,61.496715426900074
14005.652928334566,23.117617072824334,61.49228724694928
14006.531577115227,23.115841817457884,61.48782499318137
14007.410225895885,23.114073871610866,61.483328653682655
14008.288874676542,23.112312662924303,61.47879821653941
14009.167523457203,23.11055761903923,61.474233669837865
14010.04617223786,23.10880816759669,61.46963500166436
14010.924821018521,23.107063736237713,61.4650022001051
14011.803469799179,23.10532375260334,61.46033525324643
14012.68211857984,23.103587644334606,61.45563414917457
14013.560767360497,23.101854839072548,61.45089887597584
14014.439416141155,23.100124764458204,61.44612942173649
14015.318064921816,23.0983968481326,61.441325774542776
14016.196713702473,23.096670517736786,61.436487922481014
14017.075362483134,23.094945200911788,61.43161585363745
14017.954011263791,23.093220325298653,61.42670955609839
14018.832660044452,23.091495318538403,61.42176901795006
14019.71130882511,23.089769608272086,61.416794227278785
14020.589957605767,23.088042622140737,61.41178517217083
14021.468606386428,23.08631378778538,61.406741840712435
14022.347255167086,23.084582532847072,61.40166422098992
14023.225903947747,23.08284828496683,61.39655230108952
14024.104552728404,23.081110471785706,61.391406069097556
14024.983201509065,23.07936852094472,61.38622551310026
14025.861850289722,23.07762186008492,61.38101062118393
14026.74049907038,23.075869916847346,61.375761381434856
14027.61914785104,23.074112118873014,61.370477781939265
14028.497796631698,23.07234789380298,61.36515981078348
14029.37644541236,23.070576669278275,61.35980745605374
14030.255094193017,23.068797872939935,61.354420705836354
14031.133742973678,23.06701093242899,61.34899954821756
14032.012391754335,23.06521527538649,61.34354397128369
14032.891040534992,23.06341032945346,61.33805396312096
14033.769689315654,23.061595522270935,61.332529511815665
14034.64833809631,23.05977028147996,61.32697060545409
14035.526986876972,23.05793403472156,61.3213772321225
14036.40563565763,23.056086209636785,61.315749379907196
14037.28428443829,23.054226233866657,61.310087036894394
14038.162933218948,23.05235353505223,61.30439019117044
14039.041581999605,23.05046754083452,61.29865883082157
14039.920230780266,23.048567678854575,61.29289294393405
14040.798879560924,23.046653376753437,61.287092518594186
14041.677528341585,23.044724062172126,61.28125754288822
14042.556177122242,23.04277916275169,61.27538800490246
14043.4348259029,23.04081810613317,61.26948389272317
14044.31347468356,23.03884031995758,61.26354519443661
14045.192123464218,23.03684523186598,61.25757189812908
14046.070772244879,23.034832269499386,61.25156399188682
14046.949421025536,23.032800860498856,61.245521463796145
14047.828069806197,23.030750432505407,61.2394443019433
14048.706718586855,23.028680413160092,61.23333249441459
14049.585367367512,23.02659023010394,61.22718602929628
14050.464016148173,23.024479310977974,61.2210048946746
14051.34266492883,23.022347083423256,61.214789078635896
14052.221313709491,23.020192975080796,61.20853856926639
14053.099962490149,23.018016413591656,61.202253354652406
14053.97861127081,23.015816826596847,61.195933422880145
14054.857260051467,23.013593641737426,61.18957876203598
14055.735908832125,23.011346286654422,61.18318936020612
14056.614557612786,23.00907418898886,61.17676520547683
14057.493206393443,23.006776776381795,61.170306285934444
14058.371855174104,23.004453476474247,61.16381258966516
14059.250503954761,23.002103716907268,61.15728410475534
14060.129152735422,22.999726925321877,61.15072081929119
14061.00780151608,22.997322529359128,61.14412272135903
14061.886450296737,22.994889956660053,61.13748979904511
14062.765099077398,22.992428634865668,61.1308220404357
14063.643747858056,22.98993799161704,61.12411943361711
14064.522396638717,22.987417454555178,61.11738196667556
14065.401045419374,22.98486645132114,61.110609627697386
14066.279694200035,22.982284409555945,61.10380240476881
14067.158342980692,22.979670756900642,61.09696028597616
14068.03699176135,22.97702492099627,61.090083259405674
14068.91564054201,22.974346329483843,61.083171313143616
14069.794289322668,22.971634410004423,61.07622443527631
14070.67293810333,22.968888590199022,61.069242613889976
14071.551586883987,22.966108297708708,61.06222583707094
14072.430235664648,22.96329296017448,61.055174092905425
14073.308884445305,22.960442005237407,61.04808736947977
14074.187533225962,22.95755486053851,61.04096565488021
14075.066182006623,22.954630953718812,61.033808937192994
14075.94483078728,22.95166971241938,61.02661720450446
14076.823479567942,22.948670564281226,61.01939044490082
14077.7021283486,22.9456329369454,61.01212864646841
14078.58077712926,22.942556258052925,61.00483179729345
14079.459425909918,22.939439955244854,60.997499885462275
14080.338074690575,22.936283456162215,60.99013289906112
14081.216723471236,22.933086188446033,60.98273082617624
14082.095372251893,22.929847579737366,60.97529365489397
14082.974021032554,22.926567057677225,60.96782137330051
14083.852669813212,22.92324404990667,60.960313969482215
14084.731318593873,22.919877984066723,60.95277143152529
14085.60996737453,22.916468287798427,60.94519374751608
14086.488616155188,22.91301438874282,60.93758090554081
14087.367264935849,22.909515714540923,60.92993289368576
14088.245913716506,22.9059716928338,60.92224970003723
14089.124562497167,22.90238175126245,60.91453131268145
14090.003211277824,22.89874531746795,60.90677771970475
14090.881860058485,22.895061819091296,60.898988909193356
14091.760508839143,22.891330683773564,60.89116486923359
14092.6391576198,22.887551339155767,60.883305587911714
14093.517806400461,22.88372321287893,60.87541105331396
14094.396455181119,22.879845732584123,60.86748125352666
14095.27510396178,22.875918325912345,60.85951617663604
14096.153752742437,22.87194042050467,60.851515810728436
14097.032401523094,22.867911444002118,60.84348014389008
14097.911050303755,22.863830824637457,60.83540916449674
14098.789699084413,22.85969833901324,60.827303031360124
14099.668347865074,22.855514698409774,60.819162360572136
14100.546996645731,22.851280769232986,60.810987844118216
14101.425645426392,22.84699741788873,60.80278017398366
14102.30429420705,22.842665510782933,60.7945400421539
14103.182942987707,22.838285914321474,60.78626814061426
14104.061591768368,22.833859494910232,60.77796516135007
14104.940240549025,22.82938711895512,60.76963179634677
14105.818889329686,22.824869652862006,60.761268737589646
14106.697538110344,22.82030796303681,60.752876677064144
14107.576186891005,22.815702915885392,60.74445630675554
14108.454835671662,22.811055377813684,60.736008318649276
14109.33348445232,22.806366215227552,60.72753340473068
14110.21213323298,22.801636294532877,60.719032256985095
14111.090782013638,22.79686648213558,60.71050556739792
14111.9694307943,22.79205764444152,60.701954027954486
14112.848079574957,22.787210647856632,60.6933783306402
14113.726728355618,22.782326358786758,60.68477916744038
14114.605377136275,22.77740564363784,60.676157230340436
14115.484025916932,22.772449368815746,60.66751321132571
14116.362674697593,22.767458400726344,60.65884780238152
14117.24132347825,22.76243360577557,60.650161695493324
14118.119972258912,22.757375850369275,60.641455582646394
14118.99862103957,22.752286000913397,60.63273015582616
14119.87726982023,22.747164923813777,60.623986107017934
14120.755918600888,22.742013485476356,60.615224128207124
14121.634567381545,22.736832552307,60.60644491137909
14122.513216162206,22.731622990711582,60.59764914851913
14123.391864942863,22.72638566709604,60.58883753161271
14124.270513723524,22.721121447866217,60.580010752645094
14125.149162504182,22.715831199428056,60.57116950360173
14126.027811284843,22.710515788187394,60.56231447646791
14126.9064600655,22.705176080550174,60.55344636322907
14127.785108846158,22.69981294292227,60.544565855870545
14128.663757626819,22.694427241709548,60.535673646377646
14129.542406407476,22.68901984331794,60.52677042673581
14130.421055188137,22.683591614153297,60.51785688893034
14131.299703968794,22.678143420621556,60.508933724946665
14132.178352749455,22.672676129128565,60.500001626770086
14133.057001530113,22.66719060608026,60.49106128638602
14133.93565031077,22.66168771788251,60.48211339577981
14134.814299091431,22.656168330941185,60.47315864693678
14135.692947872089,22.650633311662222,60.46419773184237
14136.57159665275,22.64508352645147,60.45523134248186
14137.450245433407,22.639519841714858,60.446260170840695
14138.328894214068,22.633943123858245,60.43728490890416
14139.207542994725,22.628354239287557,60.428306248657705
14140.086191775383,22.62275405440867,60.41932488208664
14140.964840556044,22.61714343562745,60.4103415011763
14141.843489336701,22.611523249349837,60.40135679791212
14142.722138117362,22.605894361981676,60.39237146427939
14143.60078689802,22.60025763992891,60.38338619226356
14144.479435678677,22.594613949597395,60.37440167384994
14145.358084459338,22.588964157393015,60.365418601023855
14146.236733239995,22.583309129721698,60.356437665770756
14147.115382020656,22.577649732989293,60.347459560075926
14147.994030801314,22.57198683360174,60.33848497592481
14148.872679581975,22.566321297964883,60.32951460530267
14149.751328362632,22.560653992484657,60.320549140194984
14150.62997714329,22.554985783566938,60.31158927258705
14151.50862592395,22.549317537617586,60.302635694464215
14152.387274704608,22.543650121042546,60.2936890978119
14153.265923485269,22.537984400247666,60.2847501746154
14154.144572265926,22.532321241638876,60.27581961686015
14155.023221046587,22.52666151162203,60.26689811653144
14155.901869827245,22.521006076603054,60.25798636561471
14156.780518607902,22.51535580298783,60.2490850560953
14157.659167388563,22.509711557182225,60.240194879958516
14158.53781616922,22.50407420559217,60.231316529189804
14159.416464949882,22.498444614623512,60.22245069577445
14160.295113730539,22.492823650682197,60.2135980716979
14161.1737625112,22.487212180174062,60.20475934894544
14162.052411291857,22.481611069505053,60.195935219502495
14162.931060072515,22.476021185081034,60.1871263753544
14163.809708853176,22.470443393307878,60.1783335084865
14164.688357633833,22.464878560591515,60.169557310884215
14165.567006414494,22.459327553337797,60.16079847453283
14166.445655195152,22.453791237952657,60.15205769141779
14167.324303975813,22.44827048084195,60.14333565352438
14168.20295275647,22.442766148411607,60.13463305283805
14169.081601537127,22.437279107067496,60.125950581344114
14169.960250317788,22.431810223215496,60.11728893102791
14170.838899098446,22.42636036326153,60.10864879387485
14171.717547879107,22.420930393611457,60.10003086187026
14172.596196659764,22.415521180671206,60.09143582699955
14173.474845440425,22.410133590846627,60.08286438124803
14174.353494221083,22.404768490543663,60.074317216601116
14175.23214300174,22.399426746168174,60.065795025044146
14176.110791782401,22.394109224126026,60.05729849856245
14176.989440563058,22.388816790823174,60.04882832914147
14177.86808934372,22.38355031266545,60.04038520876648
14178.746738124377,22.378310656058797,60.031969829422934
14179.625386905038,22.37309868740906,60.023582883096104
14180.504035685695,22.36791527312217,60.01522506177144
14181.382684466353,22.362761279604005,60.006897057434266
14182.261333247014,22.357637573260433,59.998599562069906
14183.139982027671,22.35254502049739,59.99033326766381
14184.018630808332,22.347484487720727,59.98209886620124
14184.89727958899,22.34245684133637,59.973896302188344
14185.77592836965,22.33746294775018,59.965721016344624
14186.654577150308,22.33250367336808,59.95756677075486
14187.533225930965,22.327579884595956,59.94942732465231
14188.411874711626,22.32269244783966,59.94129643727022
14189.290523492284,22.31784222950514,59.93316786784195
14190.169172272945,22.313030095998236,59.92503537560075
14191.047821053602,22.308256913724893,59.91689271977996
14191.92646983426,22.303523359365517,59.90873365961284
14192.80511861492,22.298827974621492,59.900551954332656
14193.683767395578,22.294167956578082,59.892341363172754
14194.562416176239,22.289540481338346,59.884095645366386
14195.441064956896,22.284942725005433,59.875808560146886
14196.319713737557,22.280371863682397,59.86747386674748
14197.198362518215,22.275825073472394,59.85908532440155
14198.077011298872,22.2712995304785,59.850636692342334
14198.955660079533,22.2667924108038,59.842121729803104
14199.83430886019,22.26230089055144,59.833534196017204
14200.712957640852,22.257822145824484,59.82486785021788
14201.591606421509,22.25335335272607,59.81611645163848
14202.47025520217,22.248891687359265,59.80727375951222
14203.348903982827,22.24443432582722,59.79833353307249
14204.227552763485,22.23997844423301,59.78928953155253
14205.106201544146,22.235521218679718,59.780135514185574
14205.984850324803,22.231059825270492,59.770865240205026
14206.863499105464,22.226591440108397,59.76147246884408
14207.742147886122,22.222113239296572,59.75195095933612
14208.620796666783,22.217622398938087,59.74229447091435
14209.49944544744,22.213116095136076,59.73249676281215
14210.378094228097,22.208591503993627,59.72255159426276
14211.256743008758,22.204045801613837,59.71245272449945
14212.135391789416,22.199476164099828,59.70219391275558
14213.014040570077,22.19487976755468,59.691768918264366
14213.892689350734,22.190253788081527,59.681171500259175
14214.771338131395,22.185595401783445,59.67039541797323
14215.649986912053,22.180901784763556,59.659434430639905
14216.52863569271,22.176170113124964,59.64828229749244
14217.407284473371,22.171397562970746,59.636932777764095
14218.285933254028,22.166581310404048,59.62537963068824
14219.16458203469,22.161718531527928,59.61361661549808
14220.043230815347,22.156806402445536,59.60163749142702
14220.921879596008,22.151842099259927,59.58943601770823
14221.800528376665,22.146822798074258,59.577005953575124
14222.679177157323,22.1417456749916,59.56434105826092
14223.557825937984,22.136607906115046,59.55143509099888
14224.436474718641,22.131406667547736,59.538281811022394
14225.315123499302,22.126139135392727,59.524874977564636
14226.19377227996,22.120802485753178,59.51120834985903
14227.07242106062,22.115393894732136,59.49727568713874
14227.951069841278,22.109910538432764,59.483070748637175
14228.829718621935,22.10434959295813,59.46858729358758
14229.708367402596,22.09870823441132,59.45381908122319
14230.587016183254,22.09298363889548,59.438759870777396
14231.465664963915,22.087172982513678,59.423403421483386
14232.344313744572,22.08127344136905,59.407743492574575
14233.222962525233,22.075282191564664,59.39177384328412
14234.10161130589,22.069196409203666,59.37548823284545
14234.980260086548,22.06301327038914,59.3588804204918
14235.858908867209,22.05672995122416,59.34194416545638
14236.737557647866,22.050343627811884,59.32467322697263
14237.616206428527,22.043851476255355,59.30706136427369
14238.494855209185,22.037250672657745,59.289102336593025
14239.373503989846,22.030538393122093,59.270789903163745
14240.252152770503,22.023711813751564,59.252117823219315
14241.13080155116,22.016768110649224,59.23307985599294
14242.009450331821,22.00970445991816,59.21366989865453
14242.888099112479,22.00251803766153,59.193889144641005
14243.76674789314,21.99520601998237,59.17374956647857
14244.645396673797,21.987765582983858,59.15326400462132
14245.524045454455,21.98019390276906,59.132445299523056
14246.402694235116,21.972488155441045,59.11130629163758
14247.281343015773,21.96464551710298,59.08985982141897
14248.159991796434,21.956663163857915,59.06811872932095
14249.038640577091,21.94853827180901,59.04609585579758
14249.917289357752,21.940268017059303,59.02380404130258
14250.79593813841,21.931849575711972,59.001256126290045
14251.674586919067,21.92328012387008,58.97846495121377
14252.553235699728,21.914556837636695,58.95544335652757
14253.431884480386,21.905676893114993,58.93220418268551
14254.310533261047,21.896637466408013,58.9087602701413
14255.189182041704,21.88743573361892,58.88512445934904
14256.067830822365,21.878068870850747,58.86130959076243
14256.946479603022,21.86853405420668,58.83732850483556
14257.82512838368,21.85882845978978,58.813194042022225
14258.70377716434,21.848949263703112,58.78891904277623
14259.582425944998,21.838893642049857,58.76451634755167
14260.46107472566,21.82865877093304,58.73999879680223
14261.339723506317,21.818241826455846,58.71537923098203
14262.218372286978,21.807639984721295,58.69067049054474
14263.097021067635,21.79685042183258,58.66588541594449
14263.975669848292,21.785870313892758,58.641036847635036
14264.854318628953,21.774696837004885,58.616137626070206
14265.73296740961,21.763327167272163,58.591200591704094
14266.611616190272,21.751758480797594,58.56623858499038
14267.49026497093,21.739987953684388,58.54126444638318
14268.36891375159,21.72801276203554,58.51629101633617
14269.247562532248,21.715830081954262,58.49133113530347
14270.126211312905,21.7034370895436,58.46639764373885
14271.004860093566,21.690831413632427,58.441503382096144
14271.883508874223,21.678017604338045,58.416661190829416
14272.762157654885,21.66500561608569,58.39188391039237
14273.640806435542,21.6518055467972,58.36718438123912
14274.519455216203,21.638427494394215,58.34257544382333
14275.39810399686,21.624881556798577,58.31806993859913
14276.276752777518,21.611177831931972,58.293680706020304
14277.155401558179,21.597326417716076,58.26942058654065
14278.034050338836,21.583337412072748,58.245302420614266
14278.912699119497,21.569220912923605,58.221339048694844
14279.791347900155,21.55498701819051,58.19754331123648
14280.669996680816,21.540645825795075,58.17392804869288
14281.548645461473,21.526207433659152,58.150506101518125
14282.42729424213,21.51168193970444,58.127290310166025
14283.305943022791,21.4970794418526,58.10429351509038
14284.184591803449,21.48241003802549,58.081528556745276
14285.06324058411,21.467683826144736,58.05900827558442
14285.941889364767,21.452910904132196,58.036745512061906
14286.820538145428,21.438101369909486,58.01475310663143
14287.699186926086,21.423265321398457,57.99304389974707
14288.577835706743,21.4084128565208,57.97163073186265
14289.456484487404,21.39355407319819,57.95052644343196
14290.335133268061,21.37869906935247,57.92974387490909
14291.213782048722,21.36385794290528,57.909295866747755
14292.09243082938,21.34904079177847,57.889195258977345
14292.971079610037,21.334257713893713,57.8694315907295
14293.849728390698,21.319518807172688,57.84990845051706
14294.728377171356,21.304834169537262,57.83050961336126
14295.607025952017,21.29021389890904,57.811118854282945
14296.485674732674,21.275668093209894,57.79161994830334
14297.364323513335,21.261206850361436,57.771896670443304
14298.242972293992,21.246840268285517,57.751832795724034
14299.12162107465,21.232578444903826,57.731312099166495
14300.00026985531,21.21843147813804,57.71021835579163
14300.878918635968,21.204409465910008,57.688435340620664
14301.75756741663,21.19052250614136,57.66584682867444
14302.636216197287,21.176780696753948,57.64233659497419
14303.514864977948,21.16319413566939,57.617788414540755
14304.393513758605,21.149772920809543,57.59208606239537
14305.272162539262,21.13652715009609,57.565113313558975
14306.150811319923,21.123466921450706,57.536753943052496
14307.02946010058,21.110602332795246,57.50689172589719
14307.908108881242,21.09794348205134,57.475410437113865
14308.7867576619,21.08550046714083,57.44219385172381
14309.66540644256,21.073283385985352,57.40712574474779
14310.544055223218,21.061302336506742,57.37008989120711
14311.422704003875,21.04956741662669,57.3309700661227
14312.301352784536,21.038088724266892,57.289650044515405
14313.180001565193,21.02687635734917,57.24601360140661
14314.058650345854,21.01594041379518,57.199944511816994
14314.937299126512,21.005290991526742,57.151326550767955
14315.815947907173,20.99493818846551,57.10004349328015
14316.69459668783,20.984892102533312,57.04597911437502
14317.573245468488,20.975162831651836,56.98901718907343
14318.451894249149,20.965760473742787,56.929041492396124
14319.330543029806,20.95669512672798,56.865935799364664
14320.209191810467,20.94797688852907,56.799583884999564
14321.087840591124,20.939615857067878,56.72987161998749
14321.966489371785,20.93162213026607,56.65689407059241
14322.845138152443,20.924005806045447,56.581130673208655
14323.7237869331,20.91677698232772,56.50310211320612
14324.602435713761,20.909945757034592,56.42332907595459
14325.481084494419,20.903522228087862,56.342332246824895
14326.35973327508,20.897516493409217,56.26063231118652
14327.238382055737,20.891938650920437,56.17874995441028
14328.117030836398,20.886798768009733,56.09720586186567
14328.995679617055,20.882034658521366,56.01652071892349
14329.874328397713,20.877357176351254,55.937215210953575
14330.752977178374,20.8724327276821,55.85981002332574
14331.631625959031,20.86692771869667,55.784825841410786
14332.510274739692,20.86050855557763,55.712783350578256
14333.38892352035,20.852841644507762,55.64420323619888
14334.26757230101,20.843593391669714,55.579606183642255
14335.146221081668,20.832430203246293,55.51951287827906
14336.024869862325,20.819018485420177,55.46428070869158
14336.903518642986,20.803024644374023,55.41336166758837
14337.782167423644,20.784115086290686,55.365895735715505
14338.660816204305,20.761956217352722,55.321022603003925
14339.539464984962,20.736214443743044,55.27788195938536
14340.418113765623,20.706556171644145,55.23561349479078
14341.29676254628,20.67264780723901,55.19335689915189
14342.175411326938,20.63415575671023,55.15025186239983
14343.054060107599,20.590746426240344,55.10543807446577
14343.932708888256,20.542086222012436,55.05805522528143
14344.811357668917,20.487841550208817,55.00724300477774
14345.690006449575,20.427678817012666,54.95214110288648
14346.568655230232,20.361264428606475,54.891889209538775
14347.447304010893,20.288264791172672,54.825627014665685
14348.32595279155,20.208346310894566,54.75249420819911
14349.204601572212,20.121175393954225,54.67163048006977
14350.083250352869,20.02646862442527,54.58217552020969
14350.96189913353,19.925026616087465,54.483269018549436
14351.840547914187,19.81869646131281,54.3740506650212
14352.719196694845,19.709367917212578,54.25366014955593
14353.597845475506,19.598930740897988,54.1212371620844
14354.476494256163,19.489274689481636,53.97592139253902
14355.355143036824,19.382289520074313,53.816852530849964
14356.233791817482,19.27986498978859,53.64317026694986
14357.112440598143,19.18387831160622,53.45404397033419
14357.9910893788,19.095402821645855,53.25054499317042
14358.869738159457,19.0142354618535,53.036764652122294
14359.748386940119,18.940059747082188,52.81706263376764
14360.627035720776,18.87255919218587,52.59579862468704
14361.505684501437,18.81141731201731,52.37733231145747
14362.384333282094,18.756317621430338,52.16602338065949
14363.262982062755,18.706943635277835,51.96623151887013
14364.141630843413,18.662978868413525,51.78231414022606
14365.02027962407,18.624106835690533,51.61729086212068
14365.898928404731,18.59001105196205,51.47059198609334
14366.777577185389,18.560375032081694,51.34105210618396
14367.65622596605,18.534882290902534,51.227505816430146
14368.534874746707,18.51321634327812,51.128787710871535
14369.413523527368,18.495060704061597,51.043732383546015
14370.292172308025,18.480098888106436,50.97117442849297
14371.170821088683,18.468014410265894,50.909948439750764
14372.049469869344,18.458490785393263,50.858889011357874
14372.928118650001,18.451211528341947,50.816830737353435
14373.806767430662,18.44586015396522,50.78260821177578
14374.68541621132,18.442120177116447,50.755056028663915
14375.56406499198,18.43967511264892,50.73300878205629
14376.442713772638,18.438208475415998,50.71530106599178
14377.321362553295,18.437403780270994,50.70076747450901
14378.200011333956,18.436944542067234,50.6882426016466
14379.078660114614,18.43651427565805,50.676561041443385
14379.957308895275,18.435796495896764,50.66455738793795
14380.835957675932,18.434474717636718,50.65106623516909
14381.714606456593,18.432232455731217,50.63492217717539
14382.59325523725,18.428753225033617,50.61495980799568
14383.471904017908,18.423720540397234,50.59001372166862
14384.350552798569,18.416817916675367,50.55891851223275
14385.229201579226,18.407728868721396,50.52050877372702
14386.107850359887,18.39614982953383,50.47361910018985
14386.986499140545,18.381997720760776,50.41708408566028
14387.865147921206,18.365374278197404,50.34973832417655
14388.743796701863,18.346386951139085,50.27041640977792
14389.62244548252,18.32514318888098,50.177952936502834
14390.501094263182,18.301750440718216,50.07118249838953
14391.379743043839,18.27631615594622,49.9489396894776
14392.2583918245,18.248947783860004,49.81005910380469
14393.137040605157,18.21975277375502,49.65341607968141
14394.015689385815,18.188838574926393,49.47969264606421
14394.894338166476,18.156312636669213,49.29205546029958
14395.772986947133,18.122282408278974,49.0938518413768
14396.651635727794,18.086855339050626,48.888429108281926
14397.530284508452,18.050138878279682,48.6791345800044
14398.408933289113,18.012240475261077,48.4693155755302
14399.28758206977,17.97326757929035,48.262319413848786
14400.166230850427,17.93332763966257,48.06148841180574
14401.044879631088,17.8925281056728,47.86894261376408
14401.923528411746,17.850976426616597,47.68399090446348
14402.802177192407,17.808780051788855,47.505548414082355
14403.680825973064,17.76604643048514,47.33253027280215
14404.559474753725,17.72288301200034,47.1638516108014
14405.438123534383,17.67939724563004,46.998427558261454
14406.31677231504,17.63569658066928,46.83517324536158
14407.1954210957,17.5918884664132,46.6730038022814
